Year,Game_Title,Platform,Weeks,Yearly_Sale,Total_Sale,Area,Weeks Avg
2018,Red Dead Redemption 2,PS4,10,6212387,6212387,Europe,621238.7
2017,Call of Duty: WWII,PS4,9,5394390,5394390,Europe,599376.6667
2012,Call of Duty: Black Ops II,PS3,7,4086250,4086250,Europe,583750
2016,Pokemon Sun/Moon,3DS,6,3265016,3265016,Europe,544169.3333
2017,FIFA 18,PS4,14,7522953,7522953,Europe,537353.7857
2015,Call of Duty: Black Ops 3,PS4,9,4573228,4573228,Europe,508136.4444
2016,FIFA 17,PS4,14,7031481,7031481,Europe,502248.6429
2018,FIFA 19,PS4,14,6869742,6869742,Europe,490695.8571
2011,Call of Duty: Modern Warfare 3,PS3,8,3852615,3852615,Europe,481576.875
2012,Call of Duty: Black Ops II,X360,7,3307094,3307094,Europe,472442
2013,Grand Theft Auto V,PS3,16,7221096,7221096,Europe,451318.5
2011,Call of Duty: Modern Warfare 3,X360,8,3497745,3497745,Europe,437218.125
2018,Super Smash Bros. (2018),NS,4,1716515,1716515,Europe,429128.75
2010,Gran Turismo 5,PS3,6,2432185,2432185,Europe,405364.1667
2015,Star Wars Battlefront (2015),PS4,7,2748418,2748418,Europe,392631.1429
2010,Call of Duty: Black Ops,PS3,8,2922814,2922814,Europe,365351.75
2014,Grand Theft Auto V,PS4,7,2460053,2460053,Europe,351436.1429
2015,FIFA 16,PS4,15,5073837,5073837,Europe,338255.8
2015,Fallout 4,PS4,8,2660506,2660506,Europe,332563.25
2009,New Super Mario Bros. Wii,Wii,7,2291441,2291440,Europe,327348.5714
2010,Call of Duty: Black Ops,X360,8,2559489,2559489,Europe,319936.125
2013,Call of Duty: Ghosts,PS3,9,2727079,2727079,Europe,303008.7778
2016,Call of Duty: Infinite Warfare,PS4,9,2667653,2667653,Europe,296405.8889
2014,Pokemon Omega Ruby and Alpha Sapphire,3DS,6,1742263,1742263,Europe,290377.1667
2009,Wii Fit Plus,Wii,10,2828989,2828990,Europe,282899
2009,Call of Duty: Modern Warfare 2,X360,8,2261725,2261725,Europe,282715.625
2009,Call of Duty: Modern Warfare 2,PS3,8,2213839,2213839,Europe,276729.875
2012,FIFA 13,PS3,14,3843671,3843671,Europe,274547.9286
2016,Battlefield 1,PS4,11,3011270,3011270,Europe,273751.8182
2018,Call of Duty: Black Ops IIII,PS4,12,3281708,3281708,Europe,273475.6667
2013,Grand Theft Auto V,X360,16,4307110,4307110,Europe,269194.375
2014,Call of Duty: Advanced Warfare,PS4,9,2413364,2413364,Europe,268151.5556
2016,Final Fantasy XV,PS4,5,1303699,1303699,Europe,260739.8
2011,Star Wars: The Old Republic,PC,2,510387,510387,Europe,255193.5
2010,Kinect Adventures!,X360,8,1856410,1856410,Europe,232051.25
2011,FIFA Soccer 12,PS3,14,2336326,3168266,Europe,226304.7143
2013,FIFA 14,PS3,15,3371303,3371303,Europe,224753.5333
2014,FIFA 15,PS4,15,3358427,3358427,Europe,223895.1333
2013,Call of Duty: Ghosts,X360,9,2000382,2000382,Europe,222264.6667
2017,Star Wars Battlefront II (2017),PS4,7,1537197,1537197,Europe,219599.5714
2017,Super Mario Odyssey,NS,10,2161617,2161617,Europe,216161.7
2011,Just Dance 3,Wii,12,2462479,2462479,Europe,205206.5833
2011,Mario Kart 7,3DS,5,1016637,1016637,Europe,203327.4
2014,Far Cry 4,PS4,7,1405582,1405582,Europe,200797.4286
2018,Spider-Man (PS4),PS4,17,3385993,3385993,Europe,199176.0588
2009,Wii Sports Resort,Wii,24,4742320,4742320,Europe,197596.6667
2012,FIFA 13,X360,14,2721753,2721753,Europe,194410.9286
2012,Halo 4,X360,8,1553733,1553733,Europe,194216.625
2015,Call of Duty: Black Ops 3,XOne,9,1745902,1745902,Europe,193989.1111
2011,The Elder Scrolls V: Skyrim,X360,8,1532879,1532879,Europe,191609.875
2016,Watch Dogs 2,PS4,7,1309791,1309791,Europe,187113
2010,World of Warcraft: Cataclysm,PC,4,748116,748116,Europe,187029
2012,Assassin's Creed III,PS3,9,1683212,1683212,Europe,187023.5556
2017,Call of Duty: WWII,XOne,9,1662719,1662719,Europe,184746.5556
2010,FIFA Soccer 11,PS3,14,2575121,2575121,Europe,183937.2143
2014,Assassin's Creed: Unity,PS4,8,1470580,1470580,Europe,183822.5
2011,Assassin's Creed: Revelations,PS3,7,1281808,1281808,Europe,183115.4286
2018,"Pokemon: Let's Go, Pikachu!",NS,7,1242773,1242773,Europe,177539
2017,Pokemon: Ultra Sun and Ultra Moon,3DS,7,1211875,1211875,Europe,173125
2011,Battlefield 3,PS3,10,1726638,1726638,Europe,172663.8
2013,Gran Turismo 6,PS3,5,861664,861664,Europe,172332.8
2011,Professor Layton and the Spectre's Call,DS,6,1032906,1032906,Europe,172151
2013,Pokemon X/Y,3DS,13,2235082,2235082,Europe,171929.3846
2007,Mario & Sonic at the Olympic Games,Wii,6,1023539,1023538,Europe,170589.6667
2014,Call of Duty: Advanced Warfare,PS3,9,1516783,1516783,Europe,168531.4444
2014,FIFA 15,PS3,15,2510765,2510765,Europe,167384.3333
2010,Donkey Kong Country Returns,Wii,5,828178,828178,Europe,165635.6
2013,FIFA 14,X360,15,2475368,2475368,Europe,165024.5333
2017,Gran Turismo Sport,PS4,11,1783358,1783358,Europe,162123.4545
2015,Just Cause 3,PS4,5,804115,804115,Europe,160823
2017,Assassin's Creed Origins,PS4,10,1604956,1604956,Europe,160495.6
2010,Assassin's Creed: Brotherhood,PS3,7,1119346,1119346,Europe,159906.5714
2009,Assassin's Creed II,PS3,7,1103670,1103669,Europe,157667
2011,Super Mario 3D Land,3DS,7,1095370,1095370,Europe,156481.4286
2018,Battlefield V,PS4,6,925870,925870,Europe,154311.6667
2011,FIFA 12,X360,14,1784971,2143929,Europe,153137.7857
2018,Spyro Reignited Trilogy,PS4,7,1069480,1069480,Europe,152782.8571
2011,Assassin's Creed: Revelations,X360,7,1057256,1057256,Europe,151036.5714
2011,Uncharted 3: Drake's Deception,PS3,9,1355163,1355163,Europe,150573.6667
2016,FIFA 17,XOne,14,2107210,2107210,Europe,150515
2012,Far Cry 3,PS3,5,748443,748443,Europe,149688.6
2018,Red Dead Redemption 2,XOne,10,1471966,1471966,Europe,147196.6
2013,FIFA 14,PS4,6,876491,876491,Europe,146081.8333
2015,Star Wars Battlefront (2015),XOne,7,1018545,1018545,Europe,145506.4286
2011,Battlefield 3,X360,10,1449630,1449630,Europe,144963
2011,The Elder Scrolls V: Skyrim,PS3,8,1158289,1158289,Europe,144786.125
2012,Far Cry 3,X360,5,717831,717831,Europe,143566.2
2015,Assassin's Creed Syndicate,PS4,11,1562048,1562048,Europe,142004.3636
2009,Assassin's Creed II,X360,7,990707,990706,Europe,141529.4286
2009,FIFA Soccer 10,PS3,14,1977597,1977598,Europe,141257
2007,Super Mario Galaxy,Wii,7,987997,987997,Europe,141142.4286
2011,Mario andamp;amp; Sonic at the London 2012 Olympic Games,Wii,7,987638,987638,Europe,141091.1429
2015,Fallout 4,XOne,8,1083816,1083816,Europe,135477
2010,Just Dance 2,Wii,12,1607632,1607632,Europe,133969.3333
2014,Grand Theft Auto V,XOne,7,933039,933039,Europe,133291.2857
2015,Need for Speed (2015),PS4,9,1194318,1194318,Europe,132702
2008,Call of Duty: World at War,X360,8,1059992,1059994,Europe,132499.25
2008,Gears of War 2,X360,9,1187277,1187277,Europe,131919.6667
2012,Assassin's Creed III,X360,9,1172532,1172532,Europe,130281.3333
2010,Assassin's Creed: Brotherhood,X360,7,893639,893639,Europe,127662.7143
2010,FIFA Soccer 11,X360,14,1786590,1786590,Europe,127613.5714
2015,Rainbow Six: Siege,PS4,5,637877,637877,Europe,127575.4
2014,Call of Duty: Advanced Warfare,XOne,9,1147202,1147202,Europe,127466.8889
2008,Wii Fit,Wii,37,4709296,4709293,Europe,127278.1892
2018,Super Mario Party,NS,13,1638991,1638991,Europe,126076.2308
2008,Mario Kart Wii,Wii,39,4875765,4875767,Europe,125019.6667
2010,Wii Party,Wii,13,1590516,1590516,Europe,122347.3846
2011,The Legend of Zelda: Skyward Sword,Wii,7,847218,847218,Europe,121031.1429
2017,FIFA 18,XOne,14,1670188,1670188,Europe,119299.1429
2014,The Crew,PS4,5,592969,592969,Europe,118593.8
2015,FIFA 16,XOne,15,1766572,1766572,Europe,117771.4667
2016,Call of Duty: Infinite Warfare,XOne,9,1059582,1059582,Europe,117731.3333
2007,Call of Duty 4: Modern Warfare,X360,8,938300,938302,Europe,117287.75
2013,Assassin's Creed IV: Black Flag,PS3,10,1166861,1166861,Europe,116686.1
2012,Hitman: Absolution,PS3,6,696879,696879,Europe,116146.5
2012,Just Dance 4,Wii,13,1509891,1509891,Europe,116145.4615
2007,Pokemon Diamond / Pearl Version,DS,23,2671343,2671342,Europe,116145.3043
2011,The Elder Scrolls V: Skyrim,PC,8,915670,915670,Europe,114458.75
2018,"Pokemon: Let's Go, Eevee!",NS,7,800029,800029,Europe,114289.8571
2008,Call of Duty: World at War,PS3,8,906318,906318,Europe,113289.75
2014,FIFA 15,X360,15,1689343,1689343,Europe,112622.8667
2010,Need for Speed: Hot Pursuit,PS3,7,770945,770945,Europe,110135
2015,FIFA 16,PS3,15,1647745,1647745,Europe,109849.6667
2007,Assassin's Creed,PS3,7,764865,764866,Europe,109266.5714
2007,Assassin's Creed,X360,7,764551,764550,Europe,109221.4286
2013,Killzone: Shadow Fall,PS4,6,652066,652066,Europe,108677.6667
2011,Saints Row: The Third,X360,7,759164,759164,Europe,108452
2018,FIFA 19,XOne,14,1503862,1503862,Europe,107418.7143
2018,Assassin's Creed Odyssey,PS4,13,1395345,1395345,Europe,107334.2308
2014,Call of Duty: Advanced Warfare,X360,9,933563,933563,Europe,103729.2222
2016,Super Mario Maker,3DS,5,516425,516425,Europe,103285
2007,Halo 3,X360,14,1444548,1444546,Europe,103181.8571
2016,Mafia III,PS4,13,1340218,1340218,Europe,103093.6923
2010,Professor Layton and the Unwound Future,DS,11,1124638,1124638,Europe,102239.8182
2009,FIFA Soccer 10,X360,14,1425066,1425065,Europe,101790.3571
2015,Uncharted: The Nathan Drake Collection,PS4,13,1304236,1304236,Europe,100325.8462
2009,Mario & Sonic at the Olympic Winter Games,Wii,12,1195180,1195179,Europe,99598.25
2009,The Legend of Zelda: Spirit Tracks,DS,4,398080,398080,Europe,99520
2012,Hitman: Absolution,X360,6,594251,594251,Europe,99041.83333
2014,Super Smash Bros. for Wii U,WiiU,6,591478,591478,Europe,98579.66667
2016,The Last Guardian,PS4,4,391719,391719,Europe,97929.75
2017,Need for Speed: Payback,PS4,8,777369,777369,Europe,97171.125
2013,Call of Duty: Ghosts,PS4,6,577122,577122,Europe,96187
2015,Halo 5: Guardians,XOne,10,960585,960585,Europe,96058.5
2016,Battlefield 1,XOne,11,1039515,1039515,Europe,94501.36364
2016,Uncharted (PS4),PS4,34,3206936,3206936,Europe,94321.64706
2018,Call of Duty: Black Ops IIII,XOne,12,1120763,1120763,Europe,93396.91667
2009,Pro Evolution Soccer 2010,PS3,11,1024102,1024104,Europe,93100.36364
2011,Need for Speed: The Run,PS3,7,646270,646270,Europe,92324.28571
2018,Farming Simulator 19,PC,6,550401,550401,Europe,91733.5
2014,Destiny,PS4,17,1554378,1554378,Europe,91434
2008,Worldwide Soccer Manager 2009,PC,8,730092,730091,Europe,91261.375
2010,Michael Jackson: The Experience,Wii,6,545939,545939,Europe,90989.83333
2010,Need for Speed: Hot Pursuit,X360,7,631268,631268,Europe,90181.14286
2014,Assassin's Creed: Unity,XOne,8,720404,720404,Europe,90050.5
2007,The Legend of Zelda: Phantom Hourglass,DS,11,982037,982036,Europe,89276
2012,Need for Speed: Most Wanted,PS3,9,791533,791533,Europe,87948.11111
2008,World of Warcraft: Wrath of the Lich King,PC,8,696910,696910,Europe,87113.75
2011,Batman: Arkham City,PS3,11,954096,954096,Europe,86736
2013,Assassin's Creed IV: Black Flag,PS4,6,519390,519390,Europe,86565
2015,Call of Duty: Black Ops 3,PS3,9,774951,774951,Europe,86105.66667
2013,Battlefield 4,PS3,10,859134,859134,Europe,85913.4
2009,Uncharted 2: Among Thieves,PS3,12,1026805,1026804,Europe,85567
2007,Call of Duty 4: Modern Warfare,PS3,8,683809,683810,Europe,85476.25
2007,Brain Age 2: More Training in Minutes a Day,DS,27,2298338,2298338,Europe,85123.62963
2016,The Elder Scrolls V: Skyrim,PS4,10,848659,848659,Europe,84865.9
2011,Gears of War 3,X360,15,944563,1270469,Europe,84697.93333
2011,Forza Motorsport 4,X360,12,1009164,1009164,Europe,84097
2010,Halo: Reach,X360,16,1336752,1336752,Europe,83547
2007,Flash Focus: Vision Training in Minutes a Day,DS,6,500268,500268,Europe,83378
2013,Battlefield 4,PS4,6,499682,499682,Europe,83280.33333
2010,Kinect Sports,X360,8,666051,666051,Europe,83256.375
2017,PlayerUnknown's Battlegrounds,XOne,3,248909,248909,Europe,82969.66667
2008,PES 2009: Pro Evolution Soccer,PS3,12,994367,994367,Europe,82863.91667
2008,FIFA Soccer 09,PS3,14,1150489,1150489,Europe,82177.78571
2007,Uncharted: Drake's Fortune,PS3,4,325422,325423,Europe,81355.75
2009,Forza Motorsport 3,X360,11,891880,891880,Europe,81080
2009,Professor Layton and the Diabolical Box,DS,15,1215169,1215167,Europe,81011.13333
2011,Battlefield 3,PC,10,808787,808787,Europe,80878.7
2008,Wii Music,Wii,8,646986,646985,Europe,80873.125
2017,Crash Bandicoot N. Sane Trilogy,PS4,27,2179155,2179155,Europe,80709.44444
2012,Pokemon Black Version 2,DS,12,968213,968213,Europe,80684.41667
2013,Assassin's Creed IV: Black Flag,X360,10,795462,795462,Europe,79546.2
2008,LittleBigPlanet,PS3,9,714656,714656,Europe,79406.22222
2009,Mario & Sonic at the Olympic Winter Games,DS,12,951263,951262,Europe,79271.83333
2011,Saints Row: The Third,PS3,7,545007,545007,Europe,77858.14286
2014,FIFA 15,XOne,15,1164974,1164974,Europe,77664.93333
2010,Super Mario All-Stars: Limited Edition,Wii,5,386536,386536,Europe,77307.2
2010,pro evolution soccer 2011,PS3,13,1002607,1002607,Europe,77123.61538
2014,LittleBigPlanet 3,PS4,6,457726,457726,Europe,76287.66667
2011,Call of Duty: Modern Warfare 3,PC,8,610232,610232,Europe,76279
2016,Dishonored 2,PS4,8,608750,608750,Europe,76093.75
2011,Anno 2070,PC,7,525184,525184,Europe,75026.28571
2007,Need for Speed: ProStreet,PS3,6,447192,447191,Europe,74531.83333
2014,Halo: The Master Chief Collection,XOne,8,593543,593543,Europe,74192.875
2014,Dragon Age: Inquisition,PS4,7,517841,517841,Europe,73977.28571
2016,Forza Horizon 3,XOne,14,1031443,1031443,Europe,73674.5
2008,Need for Speed: Undercover,PS3,7,513233,513233,Europe,73319
2017,Assassin's Creed Origins,XOne,10,732132,732132,Europe,73213.2
2018,Forza Horizon 4,XOne,13,945995,945995,Europe,72768.84615
2013,Just Dance 2014,Wii,14,1009094,1009094,Europe,72078.14286
2016,Steep,PS4,5,358044,358044,Europe,71608.8
2010,Fable III,X360,10,709849,709849,Europe,70984.9
2017,Destiny 2,PS4,17,1206114,1206114,Europe,70947.88235
2018,Fallout 76,PS4,7,494720,494720,Europe,70674.28571
2016,Farming Simulator 17,PC,10,700797,700797,Europe,70079.7
2008,Need for Speed: Undercover,X360,7,483431,483430,Europe,69061.42857
2008,FIFA Soccer 09,X360,14,963729,963729,Europe,68837.78571
2011,Batman: Arkham City,X360,11,748942,748942,Europe,68085.63636
2016,Rise of the Tomb Raider,PS4,12,803480,803480,Europe,66956.66667
2010,Football Manager 2011,PC,9,600518,600518,Europe,66724.22222
2014,Far Cry 4,PS3,7,466001,466001,Europe,66571.57143
2014,Far Cry 4,XOne,7,463978,463978,Europe,66282.57143
2018,Just Cause 4,PS4,4,264544,264544,Europe,66136
2014,DriveClub,PS4,13,857334,857334,Europe,65948.76923
2009,Left 4 Dead 2,X360,7,461429,461428,Europe,65918.28571
2015,Metal Gear Solid V: The Phantom Pain,PS4,18,1182523,1182523,Europe,65695.72222
2011,Football Manager 2012,PC,11,716208,716208,Europe,65109.81818
2011,Pro Evolution Soccer 2012,PS3,12,498519,780836,Europe,65069.66667
2007,Mario Party DS,DS,6,388743,388742,Europe,64790.33333
2013,Battlefield 4,X360,10,645832,645832,Europe,64583.2
2009,Halo 3: ODST,X360,15,968431,968432,Europe,64562.13333
2008,Fable II,X360,11,709776,709777,Europe,64525.18182
2017,Star Wars Battlefront II (2017),XOne,7,443537,443537,Europe,63362.42857
2008,Grand Theft Auto IV,PS3,36,2243348,2243347,Europe,62315.19444
2011,Moshi Monsters: Moshling Zoo,DS,8,497234,497234,Europe,62154.25
2009,Need for Speed: Shift,PS3,16,992858,992857,Europe,62053.5625
2007,Worldwide Soccer Manager 2008,PC,11,682589,682589,Europe,62053.54545
2013,The Legend of Zelda: A Link Between Worlds,3DS,7,434225,434225,Europe,62032.14286
2015,Fallout 4,PC,8,489719,489719,Europe,61214.875
2015,Rise of the Tomb Raider,XOne,8,488010,488010,Europe,61001.25
2014,Middle-Earth: Shadow of Mordor,PS4,14,847874,847874,Europe,60562.42857
2017,Mario Kart 8 Deluxe,NS,36,2178164,2178164,Europe,60504.55556
2013,FIFA 14,XOne,7,423521,423521,Europe,60503
2014,Super Smash Bros. for Nintendo 3DS,3DS,14,846065,846065,Europe,60433.21429
2012,New Super Mario Bros. 2,3DS,20,1196725,1196725,Europe,59836.25
2012,Nintendo Land,WiiU,5,297869,297869,Europe,59573.8
2010,Fallout: New Vegas,X360,11,654067,654067,Europe,59460.63636
2007,Pro Evolution Soccer 2008,PS3,10,594574,594572,Europe,59457.2
2008,Rayman Raving Rabbids: TV Party,Wii,8,472818,472818,Europe,59102.25
2018,Battlefield V,XOne,6,353925,353925,Europe,58987.5
2018,God of War (PS4),PS4,37,2174316,2174316,Europe,58765.2973
2014,Just Dance 2015,Wii,11,646081,646081,Europe,58734.63636
2015,Animal Crossing: Happy Home Designer,3DS,14,820745,820745,Europe,58624.64286
2016,Watch Dogs 2,XOne,7,409831,409831,Europe,58547.28571
2016,FIFA 17,PS3,14,816983,816983,Europe,58355.92857
2010,Medal of Honor,PS3,12,698777,698777,Europe,58231.41667
2011,Halo: Combat Evolved Anniversary,X360,7,405252,405252,Europe,57893.14286
2015,Nintendo Presents: New Style Boutique 2 - Fashion Forward,3DS,7,401066,401066,Europe,57295.14286
2015,Just Cause 3,XOne,5,286426,286426,Europe,57285.2
2011,Pokémon Black and White,DS,44,250518,2498354,Europe,56780.77273
2017,Uncharted: The Lost Legacy,PS4,19,1076457,1076457,Europe,56655.63158
2011,Need for Speed: The Run,X360,7,394737,394737,Europe,56391
2012,Call of Duty: Black Ops II,PC,7,391556,391556,Europe,55936.57143
2016,Gears of War 4,XOne,12,670280,670280,Europe,55856.66667
2013,Super Mario 3D World,WiiU,6,333990,333990,Europe,55665
2010,Disney Epic Mickey,Wii,6,331163,331163,Europe,55193.83333
2010,Call of Duty: Black Ops,PC,8,439900,439900,Europe,54987.5
2008,Grand Theft Auto IV,X360,36,1976997,1976999,Europe,54916.63889
2009,Grand Theft Auto: Episodes from Liberty City,X360,10,547139,547139,Europe,54713.9
2010,Pokemon Heart Gold / Soul Silver Version,DS,41,2239352,2239352,Europe,54618.34146
2014,Assassin's Creed: Rogue,PS3,8,431382,431382,Europe,53922.75
2009,Just Dance,Wii,6,322124,322123,Europe,53687.16667
2013,The Last of Us,PS3,30,1604919,1604919,Europe,53497.3
2007,Need for Speed: ProStreet,X360,6,320980,320980,Europe,53496.66667
2008,Guitar Hero: World Tour,Wii,9,480745,480744,Europe,53416
2007,Pro Evolution Soccer 2008,X360,10,533940,533939,Europe,53393.9
2012,Football Manager 2013,PC,10,532439,532439,Europe,53243.9
2015,FIFA 16,X360,15,797612,797612,Europe,53174.13333
2017,Middle-Earth: Shadow of War,PS4,12,638002,638002,Europe,53166.83333
2009,Tekken 6,PS3,10,529373,529373,Europe,52937.3
2008,Professor Layton and the Curious Village,DS,9,475815,475814,Europe,52868.22222
2017,The Sims 4,PS4,7,367783,367783,Europe,52540.42857
2017,Xenoblade Chronicles 2,NS,5,260348,260348,Europe,52069.6
2007,MySims,DS,15,777825,777826,Europe,51855.06667
2010,Super Mario Galaxy 2,Wii,30,1550898,1550898,Europe,51696.6
2015,The Witcher 3: Wild Hunt,PS4,33,1696315,1696315,Europe,51403.48485
2007,Smarty Pants,Wii,6,306848,306848,Europe,51141.33333
2018,Shadow of the Tomb Raider,PS4,16,816095,816095,Europe,51005.9375
2008,Fallout 3,X360,10,507832,507832,Europe,50783.2
2014,Farming Simulator 2015,PC,10,504029,504029,Europe,50402.9
2007,Call of Duty 4: Modern Warfare,PC,8,395823,395823,Europe,49477.875
2013,Need for Speed Rivals,PS3,7,345420,345420,Europe,49345.71429
2010,Fallout: New Vegas,PS3,11,540788,540788,Europe,49162.54545
2007,Imagine: Fashion Designer,DS,8,392357,392357,Europe,49044.625
2015,Batman: Arkham Knight,PS4,28,1371257,1371257,Europe,48973.46429
2014,The Evil Within,PS4,12,581783,581783,Europe,48481.91667
2014,WWE 2K15,PS4,7,339134,339134,Europe,48447.71429
2012,Resident Evil 6,PS3,13,627727,627727,Europe,48286.69231
2010,Medal of Honor,X360,12,574932,574932,Europe,47911
2013,LEGO Marvel Super Heroes,X360,8,379458,379458,Europe,47432.25
2008,PES 2009: Pro Evolution Soccer,X360,12,566854,566856,Europe,47238
2009,Call of Duty: Modern Warfare 2,PC,8,377279,377279,Europe,47159.875
2007,Mass Effect,X360,6,281145,281146,Europe,46857.66667
2011,The Sims 3 (Mobile Versions),PC,11,513895,513895,Europe,46717.72727
2007,FIFA Soccer 08,PS3,14,650396,650397,Europe,46456.92857
2013,Need for Speed Rivals,PS4,6,278477,278477,Europe,46412.83333
2011,Skylanders: Spyro's Adventure,Wii,12,556659,556659,Europe,46388.25
2009,Cooking Mama 3: Shop & Chop,DS,8,369253,369254,Europe,46156.75
2015,WWE 2K16,PS4,10,461304,461304,Europe,46130.4
2013,Call of Duty: Ghosts,XOne,7,320239,320239,Europe,45748.42857
2008,Super Smash Bros. Brawl,Wii,28,1277348,1277350,Europe,45619.64286
2014,Watch Dogs,PS4,32,1456148,1456148,Europe,45504.625
2007,LEGO Star Wars: The Complete Saga,DS,7,318116,318116,Europe,45445.14286
2017,Horizon: Zero Dawn,PS4,44,1998512,1998512,Europe,45420.72727
2009,Rabbids Go Home,Wii,9,406485,406486,Europe,45165.11111
2012,Need for Speed: Most Wanted,X360,9,405407,405407,Europe,45045.22222
2014,Minecraft: PlayStation 4 Edition,PS4,14,629619,629619,Europe,44972.78571
2009,F1 2009,Wii,7,314638,314637,Europe,44948.14286
2016,Just Dance 2017,Wii,10,449469,449469,Europe,44946.9
2013,Batman: Arkham Origins,PS3,11,493729,493729,Europe,44884.45455
2014,The Last of Us Remastered,PS4,23,1029233,1029233,Europe,44749.26087
2012,Forza Horizon,X360,10,445972,445972,Europe,44597.2
2015,Star Wars Battlefront (2015),PC,7,311678,311678,Europe,44525.42857
2012,Skylanders Giants,Wii,11,487436,487436,Europe,44312.36364
2016,Titanfall 2,PS4,10,442812,442812,Europe,44281.2
2008,High School Musical 3: Senior Year,DS,10,440481,440481,Europe,44048.1
2018,Farming Simulator 19,PS4,6,263595,263595,Europe,43932.5
2013,Forza Motorsport 5,XOne,7,306869,306869,Europe,43838.42857
2017,Wolfenstein II: The New Colossus,PS4,10,437196,437196,Europe,43719.6
2013,Knack,PS4,6,260355,260355,Europe,43392.5
2018,Far Cry 5,PS4,40,1733837,1733837,Europe,43345.925
2015,Assassin's Creed Syndicate,XOne,11,473187,473187,Europe,43017
2017,WWE 2K18,PS4,11,471076,471076,Europe,42825.09091
2011,Zumba Fitness,Wii,40,871648,1710752,Europe,42768.8
2009,Pokemon Platinum Version,DS,33,1405063,1405062,Europe,42577.63636
2008,Far Cry 2,X360,11,467610,467610,Europe,42510
2008,Fallout 3,PS3,10,424345,424344,Europe,42434.4
2016,Tom Clancy's The Division,PS4,43,1823862,1823862,Europe,42415.39535
2015,Super Mario Maker,WiiU,17,718607,718607,Europe,42271
2016,WWE 2K17,PS4,12,504065,504065,Europe,42005.41667
2010,GoldenEye 007,Wii,9,377995,377995,Europe,41999.44444
2008,Metal Gear Solid 4: Guns of the Patriots,PS3,30,1257830,1257831,Europe,41927.7
2011,WWE '12,PS3,6,248447,248447,Europe,41407.83333
2007,High School Musical: Makin' the Cut!,DS,11,453629,453627,Europe,41238.81818
2007,Crysis,PC,7,287702,287702,Europe,41100.28571
2011,Zumba Fitness 2,Wii,6,246014,246014,Europe,41002.33333
2017,Forza Motorsport 7,XOne,13,532434,532434,Europe,40956.46154
2013,LEGO Marvel Super Heroes,PS3,8,326888,326888,Europe,40861
2014,Minecraft: PlayStation 3 Edition,PS3,34,1388302,1388302,Europe,40832.41176
2014,The Sims 4,PC,18,730977,730977,Europe,40609.83333
2011,Just Dance Kids,Wii,9,169835,364763,Europe,40529.22222
2011,Kinect Sports: Season Two,X360,10,404189,404189,Europe,40418.9
2014,Tomodachi Life,3DS,31,1252915,1252915,Europe,40416.6129
2011,WWE '12,X360,6,241912,241912,Europe,40318.66667
2017,The Legend of Zelda: Breath of the Wild,NS,44,1769452,1769452,Europe,40214.81818
2012,Borderlands 2,X360,15,602716,602716,Europe,40181.06667
2016,No Man's Sky,PS4,21,842129,842129,Europe,40101.38095
2007,Imagine: Babyz,DS,9,358987,358987,Europe,39887.44444
2011,ABBA: You Can Dance,Wii,6,239098,239098,Europe,39849.66667
2015,Until Dawn,PS4,19,756635,756635,Europe,39822.89474
2010,Red Dead Redemption,PS3,33,1309028,1309028,Europe,39667.51515
2012,Farming Simulator 2013,PC,10,396266,396266,Europe,39626.6
2012,WWE '13,PS3,9,356224,356224,Europe,39580.44444
2015,Forza Motorsport 6,XOne,16,633088,633088,Europe,39568
2007,FIFA Soccer 08,X360,14,553468,553467,Europe,39533.35714
2014,Destiny,XOne,17,671696,671696,Europe,39511.52941
2009,The Sims 3,PC,31,1223662,1223660,Europe,39472.90323
2009,Need for Speed: Shift,X360,16,631449,631447,Europe,39465.4375
2013,Skylanders SWAP Force,Wii,12,472046,472046,Europe,39337.16667
2013,Battlefield 4,PC,10,390017,390017,Europe,39001.7
2017,South Park: The Fractured But Whole,PS4,11,426638,426638,Europe,38785.27273
2014,Mario Kart 8,WiiU,32,1232590,1232590,Europe,38518.4375
2016,The Elder Scrolls V: Skyrim,XOne,10,382675,382675,Europe,38267.5
2018,WWE 2K19,PS4,12,458659,458659,Europe,38221.58333
2013,Battlefield 4,XOne,7,267417,267417,Europe,38202.42857
2014,Minecraft: PlayStation Vita Edition,PSV,8,303821,303821,Europe,37977.625
2010,Dance Central,X360,8,301797,301797,Europe,37724.625
2015,Call of Duty: Black Ops 3,X360,9,339107,339107,Europe,37678.55556
2016,Dragon Ball: Xenoverse 2,PS4,10,373133,373133,Europe,37313.3
2007,WWE SmackDown vs Raw 2008,PSP,8,297785,297784,Europe,37223
2009,Pro Evolution Soccer 2010,X360,11,409327,409329,Europe,37211.72727
2018,Fallout 76,XOne,7,259483,259483,Europe,37069
2012,Professor Layton and the Mask of Miracle,3DS,10,369627,369627,Europe,36962.7
2013,Animal Crossing: New Leaf,3DS,30,1107802,1107802,Europe,36926.73333
2010,F1 2010,PS3,15,553442,553442,Europe,36896.13333
2017,Splatoon 2,NS,24,883870,883870,Europe,36827.91667
2008,Mario & Sonic at the Olympic Games,DS,48,1764832,1764832,Europe,36767.33333
2015,Destiny: The Taken King,PS4,16,588017,588017,Europe,36751.0625
2014,Pro Evolution Soccer 2015,PS4,8,293969,293969,Europe,36746.125
2012,Medal of Honor: Warfighter,PS3,10,366973,366973,Europe,36697.3
2016,Farming Simulator 17,PS4,10,364573,364573,Europe,36457.3
2010,Red Dead Redemption,X360,33,1201902,1201902,Europe,36421.27273
2010,Art Academy,DS,22,800124,800124,Europe,36369.27273
2017,Mario + Rabbids Kingdom Battle,NS,18,648463,648463,Europe,36025.72222
2012,World of Warcraft: Mists of Pandaria,PC,14,500888,500888,Europe,35777.71429
2013,Beyond: Two Souls,PS3,13,456054,456054,Europe,35081.07692
2012,Guild Wars 2,PC,18,630410,630410,Europe,35022.77778
2013,Professor Layton and the Legacy of Civilization A,3DS,9,314442,314442,Europe,34938
2007,WWE SmackDown vs Raw 2008,PS3,8,277803,277804,Europe,34725.5
2012,Resident Evil 6,X360,13,449209,449209,Europe,34554.53846
2018,Fortnite,NS,7,241623,241623,Europe,34517.57143
2008,Pokemon Mystery Dungeon: Explorers of Time / Darkness,DS,27,927104,927104,Europe,34337.18519
2007,The Simpsons Game,DS,9,308625,308625,Europe,34291.66667
2018,Spyro Reignited Trilogy,XOne,7,237748,237748,Europe,33964
2015,NBA 2K16,PS4,14,474897,474897,Europe,33921.21429
2011,F1 2011,PS3,15,431057,508218,Europe,33881.2
2013,Football Manager 2014,PC,10,338769,338769,Europe,33876.9
2013,Minecraft,X360,28,942781,942781,Europe,33670.75
2016,FIFA 17,X360,14,470814,470814,Europe,33629.57143
2013,Batman: Arkham Origins,X360,11,369402,369402,Europe,33582
2018,FIFA 19,NS,14,465314,465314,Europe,33236.71429
2010,Sports Champions,PS3,16,530481,530481,Europe,33155.0625
2015,Just Dance 2016,Wii,11,357652,357652,Europe,32513.81818
2007,PGR4 - Project Gotham Racing 4,X360,12,384805,384805,Europe,32067.08333
2009,Gran Turismo,PSP,14,447836,447835,Europe,31988.21429
2012,Diablo III,PC,33,1051813,1051813,Europe,31873.12121
2008,Gran Turismo 5 Prologue,PS3,41,1302843,1302841,Europe,31776.60976
2008,FIFA Soccer 09,PSP,14,444795,444795,Europe,31771.07143
2007,Metroid Prime 3: Corruption,Wii,10,316153,316153,Europe,31615.3
2012,WWE '13,X360,9,283379,283379,Europe,31486.55556
2015,Splatoon,WiiU,32,1006148,1006148,Europe,31442.125
2007,FIFA Soccer 08,PSP,14,439810,439811,Europe,31415.07143
2011,Assassin's Creed: Revelations,PC,5,156669,156669,Europe,31333.8
2016,Overwatch,PS4,32,996002,996002,Europe,31125.0625
2014,Forza Horizon 2,XOne,14,428830,428830,Europe,30630.71429
2016,Far Cry: Primal,PS4,45,1377935,1377935,Europe,30620.77778
2009,Borderlands,X360,11,333672,333672,Europe,30333.81818
2015,Need for Speed (2015),XOne,9,272147,272147,Europe,30238.55556
2017,Hidden Agenda,PS4,10,298906,298906,Europe,29890.6
2016,Battlefield 1,PC,11,323982,323982,Europe,29452.90909
2008,Imagine: Teacher,DS,19,554632,554632,Europe,29191.15789
2008,Personal Trainer: Cooking,DS,29,845231,845231,Europe,29145.89655
2007,Big Brain Academy: Wii Degree,Wii,24,697783,697783,Europe,29074.29167
2011,Rage,X360,13,377293,377293,Europe,29022.53846
2010,F1 2010,X360,15,432325,432325,Europe,28821.66667
2010,FIFA Soccer 11,Wii,14,401177,401177,Europe,28655.5
2017,Tom Clancy's Ghost Recon Wildlands,PS4,43,1230993,1230993,Europe,28627.74419
2010,StarCraft II: Wings of Liberty,PC,23,656364,656364,Europe,28537.56522
2012,Borderlands 2,PS3,15,427080,427080,Europe,28472
2008,Star Wars: The Force Unleashed,X360,16,453569,453567,Europe,28347.9375
2017,NBA 2K18,PS4,16,450470,450470,Europe,28154.375
2009,Batman: Arkham Asylum,PS3,19,529752,529749,Europe,27881.52632
2011,Sonic Generations,PS3,9,250792,250792,Europe,27865.77778
2008,Spore,PC,18,500763,500764,Europe,27820.22222
2018,Astro Bot Rescue Mission,PS4,13,359902,359902,Europe,27684.76923
2016,Mafia III,XOne,13,359654,359654,Europe,27665.69231
2012,Medal of Honor: Warfighter,X360,10,276614,276614,Europe,27661.4
2018,NBA 2K19,PS4,16,440575,440575,Europe,27535.9375
2013,WWE 2K14,PS3,10,274844,274844,Europe,27484.4
2009,EA Sports Active,Wii,33,906348,906346,Europe,27465.0303
2007,Mario Party 8,Wii,28,768475,768474,Europe,27445.5
2012,Dishonored,X360,12,326915,326915,Europe,27242.91667
2016,Titanfall 2,XOne,10,272302,272302,Europe,27230.2
2007,Super Paper Mario,Wii,16,435302,435301,Europe,27206.3125
2008,Star Wars: The Force Unleashed,PS3,16,431766,431766,Europe,26985.375
2007,Ratatouille,DS,14,376994,376993,Europe,26928.07143
2012,Pro Evolution Soccer 2013,PS3,15,403529,403529,Europe,26901.93333
2010,FIFA Soccer 11,PSP,14,376154,376154,Europe,26868.14286
2018,Assassin's Creed Odyssey,XOne,13,349093,349093,Europe,26853.30769
2014,Skylanders: Trap Team,Wii,13,348428,348428,Europe,26802.15385
2012,F1 2012,PS3,15,400827,400827,Europe,26721.8
2009,FIFA Soccer 10,PSP,14,374041,374041,Europe,26717.21429
2009,FIFA Soccer 10,Wii,14,373762,373761,Europe,26697.21429
2009,EyePet,PS3,11,293074,293074,Europe,26643.09091
2015,Mad Max,PS4,18,474189,474189,Europe,26343.83333
2018,Just Dance 2019,NS,10,262573,262573,Europe,26257.3
2017,The Evil Within II,PS4,12,309251,309251,Europe,25770.91667
2010,pro evolution soccer 2011,X360,13,333238,333238,Europe,25633.69231
2017,Knowledge is Power,PS4,10,255588,255588,Europe,25558.8
2008,Guitar Hero: On Tour,DS,25,638663,638662,Europe,25546.48
2007,BioShock,X360,19,482596,482594,Europe,25399.68421
2014,Destiny,PS3,17,430589,430589,Europe,25328.76471
2012,Dishonored,PS3,12,303022,303022,Europe,25251.83333
2010,Naruto Shippuden: Ultimate Ninja Storm 2,PS3,12,302349,302349,Europe,25195.75
2011,LEGO Harry Potter: Years 5-7,Wii,7,175103,175103,Europe,25014.71429
2016,Mario Party: Star Rush,3DS,13,324463,324463,Europe,24958.69231
2016,Doom (2016),PS4,34,840058,840058,Europe,24707.58824
2011,Rage,PS3,13,319076,319076,Europe,24544.30769
2013,Tomb Raider,PS3,44,1079765,1079765,Europe,24540.11364
2011,Go Vacation,Wii,9,220401,220401,Europe,24489
2016,NBA 2K17,PS4,16,390653,390653,Europe,24415.8125
2015,Guitar Hero Live,PS4,11,264916,264916,Europe,24083.27273
2008,Cooking Mama 2: Dinner With Friends,DS,47,1104440,1104444,Europe,23498.80851
2013,Skylanders SWAP Force,PS3,12,281692,281692,Europe,23474.33333
2017,FIFA 18,PS3,14,328397,328397,Europe,23456.92857
2010,Toy Story 3: The Video Game,DS,25,583787,583787,Europe,23351.48
2016,Ratchet & Clank (2016),PS4,37,852792,852792,Europe,23048.43243
2007,Resistance: Fall of Man,PS3,41,942431,942433,Europe,22986.17073
2011,F1 2011,X360,15,302187,344633,Europe,22975.53333
2010,Dead Rising 2,PS3,15,342954,342954,Europe,22863.6
2011,Sonic Generations,X360,9,205114,205114,Europe,22790.44444
2007,Forza Motorsport 2,X360,30,683645,683645,Europe,22788.16667
2010,Dragon Quest IX: Sentinels of the Starry Skies,DS,24,546166,546166,Europe,22756.91667
2013,Luigi's Mansion: Dark Moon,3DS,41,932056,932056,Europe,22733.07317
2008,Big Beach Sports,Wii,28,634992,634992,Europe,22678.28571
2016,Paper Mario: Color Splash,WiiU,13,293775,293775,Europe,22598.07692
2016,F1 2016 (Codemasters),PS4,20,450000,450000,Europe,22500
2010,God of War III,PS3,42,944316,944316,Europe,22483.71429
2017,Destiny 2,XOne,17,382207,382207,Europe,22482.76471
2011,Pro Evolution Soccer 2012,X360,12,175962,269690,Europe,22474.16667
2008,Wall-E,DS,27,606585,606587,Europe,22466.18519
2016,Pro Evolution Soccer 2017,PS4,16,359348,359348,Europe,22459.25
2014,Middle-Earth: Shadow of Mordor,XOne,14,314384,314384,Europe,22456
2017,Resident Evil VII: Biohazard,PS4,49,1097116,1097116,Europe,22390.12245
2007,MotorStorm,PS3,41,917575,917573,Europe,22379.82927
2016,Lego Star Wars: The Force Awakens,PS4,27,601249,601249,Europe,22268.48148
2018,Mario Tennis Aces,NS,28,621957,621957,Europe,22212.75
2017,F1 2017,PS4,19,421275,421275,Europe,22172.36842
2007,FIFA Soccer 08,DS,14,309580,309582,Europe,22113
2017,FIFA 18,NS,14,309498,309498,Europe,22107
2014,Alien: Isolation,PS4,13,286662,286662,Europe,22050.92308
2014,Watch Dogs,PS3,32,701939,701939,Europe,21935.59375
2008,LEGO Indiana Jones: The Original Adventures,X360,31,677202,677205,Europe,21845.32258
2011,Need for Speed: The Run,PC,7,151571,151571,Europe,21653
2018,Monster Hunter: World,PS4,49,1059930,1059930,Europe,21631.22449
2009,Batman: Arkham Asylum,X360,19,407995,407995,Europe,21473.42105
2010,Dead Rising 2,X360,15,321886,321886,Europe,21459.06667
2014,Destiny,X360,17,364066,364066,Europe,21415.64706
2011,Resistance 3,PS3,17,302988,363021,Europe,21354.17647
2015,The Elder Scrolls Online: Tamriel Unlimited,PS4,30,639469,639469,Europe,21315.63333
2018,Crash Bandicoot N. Sane Trilogy,NS,27,573620,573620,Europe,21245.18519
2007,Heavenly Sword,PS3,16,338985,338984,Europe,21186.5
2015,Pro Evolution Soccer 2016,PS4,16,336484,336484,Europe,21030.25
2010,Mafia II,PS3,19,399157,399157,Europe,21008.26316
2018,Detroit: Become Human,PS4,32,670529,670529,Europe,20954.03125
2010,Final Fantasy XIII,PS3,43,884824,884824,Europe,20577.30233
2009,Resident Evil 5,PS3,43,879607,879609,Europe,20456.02326
2007,Imagine: Master Chef,DS,16,325944,325944,Europe,20371.5
2011,Dead Island,X360,17,284899,344740,Europe,20278.82353
2011,Dead Island,PS3,17,242465,344480,Europe,20263.52941
2018,F1 2018,PS4,19,384997,384997,Europe,20263
2013,F1 2013,PS3,14,283116,283116,Europe,20222.57143
2011,FIFA Soccer 12,Wii,14,266355,282368,Europe,20169.14286
2007,FIFA Soccer 08,Wii,14,281926,281926,Europe,20137.57143
2011,The Legend of Zelda: Ocarina of Time 3D,3DS,29,265000,583020,Europe,20104.13793
2008,Kung Fu Panda,X360,28,558722,558724,Europe,19954.42857
2015,Battlefield: Hardline,PS4,42,834174,834174,Europe,19861.28571
2018,Minecraft,NS,28,555877,555877,Europe,19852.75
2014,Diablo III: Ultimate Evil Edition,PS4,20,387879,387879,Europe,19393.95
2016,Rocket League,PS4,28,538330,538330,Europe,19226.07143
2009,Killzone 2,PS3,45,857960,857962,Europe,19065.82222
2011,Deus Ex: Human Revolution,PS3,19,277419,359856,Europe,18939.78947
2017,Miitopia,3DS,23,431825,431825,Europe,18775
2010,LEGO Harry Potter: Years 1-4,DS,28,517571,517571,Europe,18484.67857
2013,Pro Evolution Soccer 2014,PS3,16,294308,294308,Europe,18394.25
2011,Dance Central 2,X360,11,200680,200680,Europe,18243.63636
2013,Saints Row IV,X360,20,364715,364715,Europe,18235.75
2013,Diablo III,PS3,18,326784,326784,Europe,18154.66667
2011,Goldeneye 007: Reloaded,PS3,9,161539,161539,Europe,17948.77778
2017,Tekken 7,PS4,31,552368,552368,Europe,17818.32258
2011,Just Dance 3,X360,12,210937,210937,Europe,17578.08333
2010,Battlefield: Bad Company 2,PS3,44,770074,770074,Europe,17501.68182
2018,Donkey Kong Country: Tropical Freeze,NS,35,605573,605573,Europe,17302.08571
2017,Pro Evolution Soccer 2018,PS4,16,276090,276090,Europe,17255.625
2017,Pokken Tournament,NS,15,258081,258081,Europe,17205.4
2008,Deca Sports,Wii,31,531247,531246,Europe,17136.96774
2008,Personal Trainer: Math,DS,48,817603,817607,Europe,17033.47917
2016,Tom Clancy's The Division,XOne,43,731675,731675,Europe,17015.69767
2011,Deus Ex: Human Revolution,X360,19,286231,320878,Europe,16888.31579
2014,inFAMOUS: Second Son,PS4,42,707303,707303,Europe,16840.54762
2011,DanceStar Party,PS3,11,184845,184845,Europe,16804.09091
2012,Max Payne 3,PS3,33,554502,554502,Europe,16803.09091
2013,Tomb Raider,X360,44,737585,737585,Europe,16763.29545
2012,Sleeping Dogs,PS3,20,334941,334941,Europe,16747.05
2017,Project CARS 2,PS4,15,249910,249910,Europe,16660.66667
2009,Dissidia: Final Fantasy,PSP,18,297301,297299,Europe,16516.61111
2010,Battlefield: Bad Company 2,X360,44,724637,724637,Europe,16469.02273
2009,Resident Evil 5,X360,43,707948,707947,Europe,16463.88372
2010,LEGO Harry Potter: Years 1-4,Wii,28,459788,459788,Europe,16421
2010,Mafia II,X360,19,310878,310878,Europe,16362
2015,Project CARS,PS4,35,566117,566117,Europe,16174.77143
2010,Dance on Broadway,Wii,27,431808,431808,Europe,15992.88889
2016,Youkai Watch,3DS,36,575025,575025,Europe,15972.91667
2017,1-2-Switch,NS,44,698664,698664,Europe,15878.72727
2018,Shadow of the Tomb Raider,XOne,16,253511,253511,Europe,15844.4375
2018,The Crew 2,PS4,27,422747,422747,Europe,15657.2963
2011,Disney Universe,Wii,10,156477,156477,Europe,15647.7
2012,FIFA Street,PS3,42,654020,654020,Europe,15571.90476
2017,Mass Effect: Andromeda,PS4,41,637850,637850,Europe,15557.31707
2014,Titanfall,XOne,43,667088,667088,Europe,15513.67442
2007,World of Warcraft: The Burning Crusade,PC,50,775161,775160,Europe,15503.2
2012,Mario Party 9,Wii,44,680918,680918,Europe,15475.40909
2012,Mass Effect 3,X360,43,659227,659227,Europe,15330.86047
2010,2010 FIFA World Cup South Africa,PS3,36,548096,548096,Europe,15224.88889
2015,F1 2015,PS4,26,395803,395803,Europe,15223.19231
2015,The Order: 1886,PS4,46,697803,697803,Europe,15169.63043
2009,Club Penguin: Elite Penguin Force,DS,43,652060,652057,Europe,15164.11628
2013,Total War: Rome II,PC,18,272795,272795,Europe,15155.27778
2012,Sleeping Dogs,X360,20,302887,302887,Europe,15144.35
2010,Toy Story 3: The Video Game,Wii,25,377927,377927,Europe,15117.08
2017,Madden NFL 18,PS4,19,285655,285655,Europe,15034.47368
2014,Wolfenstein: The New Order,PS4,33,495340,495340,Europe,15010.30303
2011,Driver: San Francisco,PS3,18,231579,268185,Europe,14899.16667
2007,Mario Strikers Charged,Wii,32,474083,474084,Europe,14815.125
2015,Mortal Kombat X,PS4,38,560038,560038,Europe,14737.84211
2010,Heavy Rain,PS3,45,660337,660337,Europe,14674.15556
2011,Nintendogs + cats,3DS,41,331759,599219,Europe,14615.09756
2015,Bloodborne,PS4,41,591996,591996,Europe,14438.92683
2011,Skylanders: Spyro's Adventure,X360,12,173010,173010,Europe,14417.5
2008,God of War: Chains of Olympus,PSP,41,589299,589296,Europe,14373.07317
2015,Yoshi's Woolly World,WiiU,28,401460,401460,Europe,14337.85714
2016,Madden NFL 17,PS4,19,270573,270573,Europe,14240.68421
2015,Batman: Arkham Knight,XOne,28,396507,396507,Europe,14160.96429
2017,Injustice 2,PS4,33,466112,466112,Europe,14124.60606
2015,Disney Infinity 3.0,PS4,19,265030,265030,Europe,13948.94737
2017,For Honor,PS4,46,635184,635184,Europe,13808.34783
2016,Dark Souls III,PS4,38,522316,522316,Europe,13745.15789
2010,Tom Clancy's Splinter Cell: Conviction,X360,38,518464,518464,Europe,13643.78947
2018,Crash Bandicoot N.Sane Trilogy,XOne,27,367955,367955,Europe,13627.96296
2009,My Fitness Coach,Wii,50,678466,678465,Europe,13569.3
2011,FIFA Soccer 12,PC,14,187465,189939,Europe,13567.07143
2013,Saints Row IV,PS3,20,270569,270569,Europe,13528.45
2012,London 2012: The Official Video Game of the Olympic Games,PS3,27,365048,365048,Europe,13520.2963
2016,EA Sports UFC 2,PS4,42,565019,565019,Europe,13452.83333
2008,Game Party,Wii,47,627567,627565,Europe,13352.44681
2008,Pro Evolution Soccer 2008,Wii,41,546071,546070,Europe,13318.78049
2013,Tom Clancy's Splinter Cell: Blacklist,PS3,20,264970,264970,Europe,13248.5
2011,Dark Souls,PS3,13,169664,169664,Europe,13051.07692
2017,LEGO Worlds,PS4,43,560157,560157,Europe,13026.90698
2012,London 2012: The Official Video Game of the Olympic Games,X360,27,348035,348035,Europe,12890.18519
2014,Watch Dogs,XOne,32,411708,411708,Europe,12865.875
2015,Grand Theft Auto V,PC,38,486031,486031,Europe,12790.28947
2018,Pro Evolution Soccer 2019,PS4,18,229775,229775,Europe,12765.27778
2010,Just Cause 2,PS3,41,517187,517187,Europe,12614.31707
2016,Overwatch,XOne,32,402975,402975,Europe,12592.96875
2018,Captain Toad: Treasure Tracker,NS,25,311680,311680,Europe,12467.2
2009,New Play Control! Mario Power Tennis,Wii,44,548468,548469,Europe,12465.20455
2017,Final Fantasy XII: The Zodiac Age,PS4,25,310875,310875,Europe,12435
2017,Prey (2017),PS4,35,434528,434528,Europe,12415.08571
2009,inFAMOUS,PS3,32,393933,393935,Europe,12310.46875
2008,Sega Superstars Tennis,Wii,42,512164,512166,Europe,12194.42857
2015,The Witcher 3: Wild Hunt,XOne,33,401570,401570,Europe,12168.78788
2007,Cooking Mama: Cook Off,Wii,34,413382,413380,Europe,12158.23529
2017,Arms,NS,29,348546,348546,Europe,12018.82759
2015,Dying Light,PS4,45,538688,538688,Europe,11970.84444
2013,BioShock Infinite,PS3,41,489991,489991,Europe,11951
2011,LEGO Pirates of the Caribbean: The Video Game,Wii,34,174270,405894,Europe,11938.05882
2013,God of War: Ascension,PS3,43,508203,508203,Europe,11818.67442
2013,LEGO City Undercover: The Chase Begins,3DS,37,436372,436372,Europe,11793.83784
2013,SimCity,PC,44,518857,518857,Europe,11792.20455
2018,Far Cry 5,XOne,40,470848,470848,Europe,11771.2
2010,Grand Theft Auto: Episodes from Liberty City,PS3,38,447163,447163,Europe,11767.44737
2010,Final Fantasy XIII,X360,43,505290,505290,Europe,11750.93023
2010,Just Cause 2,X360,41,476106,476106,Europe,11612.34146
2016,Minecraft,WiiU,27,312354,312354,Europe,11568.66667
2013,New Super Luigi U,WiiU,24,274491,274491,Europe,11437.125
2014,Watch Dogs,X360,32,365801,365801,Europe,11431.28125
2008,Tom Clancy's Rainbow Six: Vegas 2,X360,42,476436,476437,Europe,11343.7381
2007,Resident Evil 4: Wii Edition,Wii,27,305154,305155,Europe,11302.03704
2012,Max Payne 3,X360,33,372740,372740,Europe,11295.15152
2008,Pro Evolution Soccer 2008,PSP,45,506194,506192,Europe,11248.71111
2007,TouchMaster,DS,26,292408,292408,Europe,11246.46154
2009,UFC 2009 Undisputed,PS3,33,370716,370719,Europe,11233.90909
2018,Shadow of the Colossus,PS4,47,523444,523444,Europe,11137.10638
2007,Sonic and the Secret Rings,Wii,44,486439,486438,Europe,11055.40909
2012,LEGO Batman 2: DC Super Heroes,X360,28,309130,309130,Europe,11040.35714
2010,Mass Effect 2,X360,49,540906,540906,Europe,11038.89796
2013,BioShock Infinite,X360,41,452240,452240,Europe,11030.2439
2015,The Elder Scrolls Online: Tamriel Unlimited,XOne,30,330725,330725,Europe,11024.16667
2013,Mario & Luigi: Dream Team,3DS,26,285945,285945,Europe,10997.88462
2012,Tom Clancy's Ghost Recon: Future Soldier,X360,32,350258,350258,Europe,10945.5625
2012,FIFA Street,X360,42,459692,459692,Europe,10945.04762
2009,Halo Wars,X360,45,492021,492025,Europe,10933.88889
2016,Rocket League,XOne,28,305674,305674,Europe,10916.92857
2015,LEGO Jurassic World,PS4,30,327219,327219,Europe,10907.3
2009,Empire: Total War,PC,44,478271,478269,Europe,10869.75
2009,EA Sports Grand Slam Tennis,Wii,30,325366,325362,Europe,10845.4
2015,The Legend of Zelda: Majora's Mask 3D,3DS,47,504765,504765,Europe,10739.68085
2018,LEGO The Incredibles,PS4,25,267606,267606,Europe,10704.24
2013,StarCraft II: Heart of the Swarm,PC,43,459349,459349,Europe,10682.53488
2010,The Sims 3: Ambitions,PC,31,329568,329568,Europe,10631.22581
2012,Final Fantasy XIII-2,PS3,48,507249,507249,Europe,10567.6875
2010,2010 FIFA World Cup South Africa,X360,36,379387,379387,Europe,10538.52778
2007,Tom Clancy's Rainbow Six: Vegas,PS3,27,282283,282280,Europe,10454.81481
2018,Dragon Ball Fighter Z,PS4,49,508690,508690,Europe,10381.42857
2013,Donkey Kong Country Returns 3D,3DS,33,341085,341085,Europe,10335.90909
2011,Driver: San Francisco,X360,18,177618,185227,Europe,10290.38889
2009,UFC 2009 Undisputed,X360,33,336829,336829,Europe,10206.93939
2017,Tom Clancy's Ghost Recon Wildlands,XOne,43,437800,437800,Europe,10181.39535
2015,LEGO Jurassic World,PS3,30,303643,303643,Europe,10121.43333
2015,Mario Party 10,WiiU,42,425033,425033,Europe,10119.83333
2007,Harry Potter and the Order of the Phoenix,DS,27,271294,271294,Europe,10047.92593
2009,Street Fighter IV,PS3,46,460370,460372,Europe,10008.08696
2007,Formula 1: Championship Edition,PS3,41,406386,406387,Europe,9911.878049
2018,Jurassic World Evolution,PS4,26,254821,254821,Europe,9800.807692
2009,Rhythm Heaven,DS,36,352816,352819,Europe,9800.527778
2018,Kirby,NS,42,409638,409638,Europe,9753.285714
2016,Overwatch,PC,32,310997,310997,Europe,9718.65625
2013,Gears of War: Judgment,X360,42,403110,403110,Europe,9597.857143
2015,The Witcher 3: Wild Hunt,PC,33,311636,311636,Europe,9443.515152
2007,Ridge Racer 7,PS3,41,385982,385982,Europe,9414.195122
2009,Grand Theft Auto: Chinatown Wars,DS,42,393666,393668,Europe,9373.047619
2018,Nintendo Labo: Toy-Con 01 Variety Kit,NS,36,335175,335175,Europe,9310.416667
2007,WarioWare: Smooth Moves,Wii,51,474005,474003,Europe,9294.176471
2013,Injustice: Gods Among Us,PS3,38,350398,350398,Europe,9221
2016,Naruto Shippuden: Ultimate Ninja Storm 4,PS4,48,442203,442203,Europe,9212.5625
2011,uDraw Studio,Wii,44,184351,404878,Europe,9201.772727
2018,Project Octopath Traveler,NS,25,229083,229083,Europe,9163.32
2010,Sonic & SEGA All-Stars Racing,Wii,45,410276,410276,Europe,9117.244444
2017,WipEout Omega Collection,PS4,30,271998,271998,Europe,9066.6
2015,Monster Hunter 4 Ultimate,3DS,47,425557,425557,Europe,9054.404255
2007,Pirates of the Caribbean: At World's End,PS3,32,287844,287845,Europe,8995.15625
2012,Mass Effect 3,PS3,43,385239,385239,Europe,8959.046512
2016,Pokemon Super Mystery Dungeon,3DS,46,410326,410326,Europe,8920.130435
2016,Doom (2016),XOne,34,302258,302258,Europe,8889.941176
2007,Crackdown,X360,45,398530,398533,Europe,8856.288889
2007,Virtua Tennis 3,PS3,41,361873,361868,Europe,8826.04878
2014,2014 FIFA World Cup Brazil,PS3,38,333793,333793,Europe,8784.026316
2007,Ratchet & Clank: Size Matters,PSP,34,297519,297523,Europe,8750.676471
2011,Cars 2,DS,24,153115,208892,Europe,8703.833333
2017,The Legend of Zelda: Breath of the Wild,WiiU,44,381291,381291,Europe,8665.704545
2012,Kinect Star Wars,X360,39,337633,337633,Europe,8657.25641
2017,Farpoint,PS4,33,283641,283641,Europe,8595.181818
2015,Dragon Ball: Xenoverse,PS4,45,384708,384708,Europe,8549.066667
2007,Call of Duty 3,PS3,41,348144,348144,Europe,8491.317073
2017,DiRT 4,PS4,30,254280,254280,Europe,8476
2010,BioShock 2,X360,47,397083,397083,Europe,8448.574468
2018,EA Sports UFC 3,PS4,48,405399,405399,Europe,8445.8125
2012,Mario & Sonic at the London 2012 Olympic Games,3DS,47,396722,396722,Europe,8440.893617
2014,The LEGO Movie Videogame,X360,47,395816,395816,Europe,8421.617021
2016,LEGO Marvel's Avengers,PS4,49,409496,409496,Europe,8357.061224
2017,Kingdom Hearts 1.5 + 2.5 Remix,PS4,40,332285,332285,Europe,8307.125
2014,Plants vs Zombies: Garden Warfare,X360,45,372459,372459,Europe,8276.866667
2016,Pokken Tournament,WiiU,42,343548,343548,Europe,8179.714286
2015,Battlefield: Hardline,XOne,42,337649,337649,Europe,8039.261905
2007,The Elder Scrolls IV: Oblivion,PS3,36,289073,289074,Europe,8029.833333
2012,Uncharted: Golden Abyss,PSV,45,359247,359247,Europe,7983.266667
2011,Rugby World Cup 2011,X360,19,148543,151200,Europe,7957.894737
2016,Far Cry: Primal,XOne,45,357004,357004,Europe,7933.422222
2014,Titanfall,X360,39,307647,307647,Europe,7888.384615
2009,"Warhammer 40,000: Dawn of War II",PC,46,360785,360785,Europe,7843.152174
2007,Virtua Fighter 5,PS3,41,320082,320080,Europe,7806.829268
2014,Metal Gear Solid V: Ground Zeroes,PS4,42,326714,326714,Europe,7778.904762
2015,Evolve,PS4,47,362092,362092,Europe,7704.085106
2009,Street Fighter IV,X360,46,351973,351974,Europe,7651.608696
2017,NieR Automata,PS4,43,328657,328657,Europe,7643.186047
2018,Ni no Kuni II: Revenant Kingdom,PS4,41,310322,310322,Europe,7568.829268
2013,Ni no Kuni: Wrath of the White Witch,PS3,49,370121,370121,Europe,7553.489796
2016,TrackMania Turbo,PS4,41,305029,305029,Europe,7439.731707
2013,Crysis 3,PS3,46,341743,341743,Europe,7429.195652
2016,The Legend of Zelda: Twilight Princess HD,WiiU,44,322460,322460,Europe,7328.636364
2017,LEGO City Undercover,PS4,39,285816,285816,Europe,7328.615385
2010,Aliens vs Predator,PS3,46,336133,336134,Europe,7307.26087
2014,Final Fantasy X / X-2 HD Remaster,PS3,42,305891,305891,Europe,7283.119048
2014,The LEGO Movie Videogame,PS3,47,339309,339309,Europe,7219.340426
2016,DiRT Rally,PS4,39,280825,280825,Europe,7200.641026
2010,Sonic Classic Collection,DS,43,304499,304499,Europe,7081.372093
2017,Hitman (2016),PS4,48,295230,334053,Europe,6959.4375
2016,Mario & Sonic at the Rio 2016 Olympic Games,3DS,39,270272,270272,Europe,6930.051282
2012,Mass Effect 3,PC,43,297984,297984,Europe,6929.860465
2014,Tomb Raider: Definitive Edition,PS4,49,337491,337491,Europe,6887.571429
2007,Call of Duty: Roads to Victory,PSP,40,273600,273600,Europe,6840
2017,Ni-Oh,PS4,47,320843,320843,Europe,6826.446809
2014,Yoshi's New Island,3DS,43,293169,293169,Europe,6817.883721
2017,LEGO Worlds,XOne,43,290382,290382,Europe,6753.069767
2007,Fight Night Round 3,PS3,41,276270,276275,Europe,6738.414634
2010,Aliens vs Predator,X360,46,305642,305642,Europe,6644.391304
2017,Persona 5,PS4,39,258445,258445,Europe,6626.794872
2014,Donkey Kong Country: Tropical Freeze,WiiU,46,304344,304344,Europe,6616.173913
2018,Sea of Thieves,XOne,41,267687,267687,Europe,6528.95122
2007,Sonic the Hedgehog,PS3,41,267491,267489,Europe,6524.121951
2007,Need for Speed Carbon,PS3,41,266849,266848,Europe,6508.487805
2014,Thief,PS4,45,292622,292622,Europe,6502.711111
2007,Genji: Days of the Blade,PS3,41,264202,264204,Europe,6444
2010,The Sims 3: High-End Loft Stuff,PC,48,304857,304857,Europe,6351.1875
2009,Mystery Case Files: MillionHeir,DS,48,302141,302137,Europe,6294.520833
2012,SSX,PS3,44,274516,274516,Europe,6239
2018,Kingdom Come: Deliverance,PS4,46,284634,284634,Europe,6187.695652
2016,Street Fighter V,PS4,46,283442,283442,Europe,6161.782609
2007,Sega Genesis Collection,PSP,48,287920,287921,Europe,5998.354167
2017,Super Bomberman R,NS,44,263082,263082,Europe,5979.136364
2014,Mario Party Island Tour,3DS,51,289900,303178,Europe,5944.666667
2013,Dead Space 3,PS3,48,282253,282253,Europe,5880.270833
2013,Crysis 3,X360,46,268288,268288,Europe,5832.347826
2011,Assassin's Creed: Brotherhood,PC,42,166829,203663,Europe,4849.119048