Year,Game_Title,Platform,Weeks,Yearly_Sale,Total_Sale,Area,Weeks Avg
2010,Monster Hunter Freedom 3,PSP,5,3762348,3762348,Japan,752469.6
2014,Youkai Watch 2 Shinuchi,3DS,3,2044325,2044325,Japan,681441.666666667
2018,Super Smash Bros. (2018),NS,4,2405404,2405404,Japan,601351
2009,Final Fantasy XIII,PS3,3,1752245,1752245,Japan,584081.666666667
2009,New Super Mario Bros. Wii,Wii,5,2746870,2746870,Japan,549374
2016,Pokemon Sun/Moon,3DS,7,3286865,3286865,Japan,469552.142857143
2015,Monster Hunter X,3DS,6,2541984,2541984,Japan,423664
2014,Pocket Monsters Omega Ruby and Alpha Sapphire,3DS,6,2445273,2445273,Japan,407545.5
2010,Pokemon Black / White Version,DS,16,5050908,5050908,Japan,315681.75
2013,Pocket Monsters X/Y,3DS,13,3937983,3937983,Japan,302921.769230769
2017,Pokemon: Ultra Sun and Ultra Moon,3DS,7,2069245,2069245,Japan,295606.428571429
2013,Puzzle & Dragons Z,3DS,4,1158389,1158389,Japan,289597.25
2012,Animal Crossing: Jump Out,3DS,8,2066259,2066259,Japan,258282.375
2008,Dissidia: Final Fantasy,PSP,3,759598,759598,Japan,253199.333333333
2011,Monster Hunter 3G,3DS,4,986674,986674,Japan,246668.5
2011,Final Fantasy XIII-2,PS3,3,716727,716727,Japan,238909
2011,Mario Kart 7,3DS,5,1189238,1189238,Japan,237847.6
2015,Monster Strike 3DS,3DS,3,712244,712244,Japan,237414.666666667
2009,The Legend of Zelda: Spirit Tracks,DS,2,427904,427904,Japan,213952
2007,Final Fantasy IV,DS,2,425476,425476,Japan,212738
2009,Pokemon Heart Gold / Soul Silver Version,DS,17,3556510,3556510,Japan,209206.470588235
2007,Super Robot Taisen OG: Original Generations Gaiden,PS2,1,203209,203209,Japan,203209
2014,Monster Hunter 4G,3DS,12,2364646,2364646,Japan,197053.833333333
2013,Monster Hunter 4,3DS,17,3234463,3234463,Japan,190262.529411765
2016,Yo-Kai Watch 3: Sukiyaki,3DS,3,562730,562730,Japan,187576.666666667
2016,Final Fantasy XV,PS4,5,886778,886778,Japan,177355.6
2007,Wii Fit,Wii,5,878716,878716,Japan,175743.2
2007,Dragon Quest IV: Chapters of the Chosen,DS,6,1021037,1021037,Japan,170172.833333333
2010,Donkey Kong Country Returns,Wii,4,674144,674144,Japan,168536
2016,Super Mario Maker,3DS,5,821410,821410,Japan,164282
2009,Dragon Quest IX: Sentinels of the Starry Skies,DS,26,4135942,4135942,Japan,159074.692307692
2007,Mario Party DS,DS,8,1261005,1261005,Japan,157625.625
2010,AKB1/48: Idol to Koishitara...,PSP,2,299763,299763,Japan,149881.5
2013,The Legend of Zelda: A Link Between Worlds,3DS,2,296226,296226,Japan,148113
2017,Super Mario Odyssey,NS,10,1466514,1466514,Japan,146651.4
2008,White Knight Chronicles: International Edition,PS3,2,280963,280963,Japan,140481.5
2008,Animal Crossing: City Folk,Wii,7,969900,969900,Japan,138557.142857143
2011,Musou Orochi 2,PS3,2,273787,273787,Japan,136893.5
2008,Pokemon Platinum Version,DS,17,2295013,2295013,Japan,135000.764705882
2017,Yo-kai Watch Busters 2: Legend of the Secret Treasure Banbarayar - Sword/Magnum,3DS,3,398931,398931,Japan,132977
2012,Yakuza 5,PS3,4,516309,516309,Japan,129077.25
2014,Dairantou Smash Bros. for Nintendo 3DS,3DS,16,2015892,2015892,Japan,125993.25
2012,Fantasy Life,3DS,1,125948,125948,Japan,125948
2011,Super Mario 3D Land,3DS,9,1092219,1092219,Japan,121357.666666667
2014,Youkai Watch 2 Ganso/Honke,3DS,25,3033211,3033211,Japan,121328.44
2014,Dairantou Smash Bros. for Wii U,WiiU,4,479092,479092,Japan,119773
2007,Professor Layton and the Diabolical Box,DS,5,594481,594481,Japan,118896.2
2018,"Pokemon: Let's Go, Pikachu!",NS,7,822766,822766,Japan,117538
2010,Inazuma Eleven 3: Sekai e no Chousen!! The Ogre,DS,3,346158,346158,Japan,115386
2012,One Piece: Romance Dawn - Bouken no Yoake,PSP,2,226250,226250,Japan,113125
2013,Final Fantasy X / X-2 HD Remaster,PS3,2,226139,226139,Japan,113069.5
2008,Kirby Super Star Ultra,DS,9,985351,985351,Japan,109483.444444444
2008,Professor Layton and the Unwound Future,DS,6,650098,650098,Japan,108349.666666667
2014,Final Fantasy Explorers,3DS,2,216512,216512,Japan,108256
2016,Momotaro Dentetsu 2017: Tachiagare Nippon!!,3DS,2,208880,208880,Japan,104440
2012,Pokemon Black / White Version 2,DS,28,2908695,2908695,Japan,103881.964285714
2012,Inazuma Eleven Go 2: Chrono Stone,3DS,3,311449,311449,Japan,103816.333333333
2009,Professor Layton and the Last Specter,DS,6,609752,609752,Japan,101625.333333333
2009,Wii Fit Plus,Wii,14,1417374,1417374,Japan,101241
2009,Phantasy Star Portable 2,PSP,5,499220,499220,Japan,99844
2012,Paper Mario: Sticker Star,3DS,4,398838,398838,Japan,99709.5
2010,Ninokuni: Shikkoku no Madoushi,DS,4,395189,395189,Japan,98797.25
2010,Dynasty Warriors: Gundam 3,PS3,3,290691,290691,Japan,96897
2010,The 3rd Birthday,PSP,2,193002,193002,Japan,96501
2013,Final Fantasy X / X-2 HD Remaster,PSV,2,190888,190888,Japan,95444
2011,Inazuma Eleven GO,3DS,3,283838,283838,Japan,94612.6666666667
2010,Gran Turismo 5,PS3,6,560970,560970,Japan,93495
2012,New Super Mario Bros. U,WiiU,4,373556,373556,Japan,93389
2011,Kidou Senshi Gundam: Extreme VS,PS3,5,452195,452195,Japan,90439
2007,Pro Evolution Soccer 2008,PS2,6,519556,519556,Japan,86592.6666666667
2009,Tomodachi Collection,DS,29,2505165,2505165,Japan,86385
2007,Super Mario Galaxy,Wii,9,770123,770123,Japan,85569.2222222222
2008,Dynasty Warriors: Gundam 2,PS3,3,255858,255858,Japan,85286
2012,Fist of the North Star: Ken's Rage 2,PS3,2,167808,167808,Japan,83904
2010,Mario Sports Mix,Wii,6,499732,499732,Japan,83288.6666666667
2007,Pokemon Diamond / Pearl Version,DS,67,1098082,5571774,Japan,83160.8059701493
2012,AKB1/149: Love Election,PSP,2,165357,165357,Japan,82678.5
2007,Pokemon Mystery Dungeon: Explorers of Time / Darkness,DS,16,1320516,1320516,Japan,82532.25
2015,Yo-Kai Watch Busters: Red Cat Team / White Dog Squad,3DS,26,2137693,2137693,Japan,82218.9615384615
2011,Pokémon Black and White,DS,68,454312,5505220,Japan,80959.1176470588
2011,Monster Hunter Freedom 3,PSP,57,846748,4609096,Japan,80861.3333333333
2016,Yakuza 6,PS4,4,313544,313544,Japan,78386
2017,Splatoon 2,NS,24,1873416,1873416,Japan,78059
2017,Dragon Quest XI,3DS,23,1790696,1790696,Japan,77856.347826087
2012,New Super Mario Bros. 2,3DS,23,1766962,1766962,Japan,76824.4347826087
2011,Final Fantasy Type-0,PSP,10,753522,753522,Japan,75352.2
2010,Super Mario All-Stars: Limited Edition,Wii,11,824575,824575,Japan,74961.3636363636
2009,Mobile Suit Gundam: Gundam vs. Gundam NEXT PLUS,PSP,5,371412,371412,Japan,74282.4
2018,Dragon Quest Builders 2,PS4,2,147755,147755,Japan,73877.5
2010,New Super Mario Bros. Wii,Wii,57,1455548,4202418,Japan,73726.6315789474
2018,"Pokemon: Let's Go, Eevee!",NS,7,513055,513055,Japan,73293.5714285714
2018,Judgment,PS4,3,217587,217587,Japan,72529
2018,Dragon Quest Builders 2,NS,2,142555,142555,Japan,71277.5
2009,Inazuma Eleven 2: Kyoui no Shinryokusha,DS,14,982512,982512,Japan,70179.4285714286
2008,Taiko no Tatsujin Wii,Wii,4,275861,275861,Japan,68965.25
2007,SD Gundam G Generation Spirits,PS2,5,343123,343123,Japan,68624.6
2008,Monster Hunter Freedom Unite,PSP,41,2767350,2767350,Japan,67496.3414634146
2014,Pocket Monsters X/Y,3DS,64,338648,4276631,Japan,66822.359375
2008,Tales of Hearts,DS,3,198971,198971,Japan,66323.6666666667
2018,Super Mario Party,NS,13,853834,853834,Japan,65679.5384615385
2013,Super Mario 3D World,WiiU,7,455455,455455,Japan,65065
2010,Wii Party,Wii,26,1682199,1682199,Japan,64699.9615384615
2017,Pokemon Sun/Moon,3DS,59,529532,3816397,Japan,64684.6949152542
2012,Resident Evil 6,PS3,13,833381,833381,Japan,64106.2307692308
2012,Taiko no Tatsujin Wii: Super Deluxe Edition,Wii,5,320391,320391,Japan,64078.2
2008,Chrono Trigger,DS,7,443295,443295,Japan,63327.8571428571
2008,Rhythm Heaven,DS,23,1455552,1455552,Japan,63284.8695652174
2013,Shin Gundam Musou,PS3,3,188636,188636,Japan,62878.6666666667
2018,God Eater 3,PS4,3,187962,187962,Japan,62654
2007,Mario & Sonic at the Olympic Games,Wii,6,370666,370666,Japan,61777.6666666667
2013,Animal Crossing: Jump Out,3DS,61,1695507,3761766,Japan,61668.2950819672
2017,Dragon Quest XI,PS4,23,1415681,1415681,Japan,61551.347826087
2007,New Super Mario Bros.,DS,84,1206795,5167150,Japan,61513.6904761905
2010,Tales of Graces f,PS3,5,306191,306191,Japan,61238.2
2008,Momotarou Dentetsu 20-Shuunen,DS,3,182095,182095,Japan,60698.3333333333
2013,Gran Turismo 6,PS3,5,300914,300914,Japan,60182.8
2012,Pokemon Mystery Dungeon: Magnagate and the Infinite Labyrinth,3DS,6,360202,360202,Japan,60033.6666666667
2015,Fallout 4,PS4,3,178816,178816,Japan,59605.3333333333
2008,Dynasty Warriors: Gundam 2,PS2,3,178269,178269,Japan,59423
2013,Wii Party U,WiiU,10,585370,585370,Japan,58537
2009,Wii Sports Resort,Wii,28,1632956,1632956,Japan,58319.8571428571
2013,Lightning Returns: Final Fantasy XIII,PS3,7,408143,408143,Japan,58306.1428571429
2012,Call of Duty: Black Ops II,PS3,6,346821,346821,Japan,57803.5
2009,PokePark Wii: Pikachu's Adventure,Wii,5,287608,287608,Japan,57521.6
2010,Pokemon Heart Gold / Soul Silver Version,DS,69,385284,3941794,Japan,57127.4492753623
2015,Doubutsu no Mori: Happy Home Designer,3DS,23,1311582,1311582,Japan,57025.3043478261
2007,Dragon Ball Z: Budokai Tenkaichi 3,PS2,13,313610,739321,Japan,56870.8461538462
2008,Style Savvy,DS,11,624797,624797,Japan,56799.7272727273
2016,Yokai Watch 3,3DS,25,1411450,1411450,Japan,56458
2008,Mobile Suit Gundam: Gundam vs. Gundam,PSP,7,393870,393870,Japan,56267.1428571429
2010,Dragon Quest IX: Sentinels of the Starry Skies,DS,78,206130,4342072,Japan,55667.5897435897
2015,Mobile Suit Gundam: Extreme VS Force,PSV,2,108041,108041,Japan,54020.5
2008,Wii Fit,Wii,58,2220394,3099110,Japan,53432.9310344828
2011,Kirby's Return to Dreamland,Wii,10,532771,532771,Japan,53277.1
2008,Mario Kart Wii,Wii,39,2066116,2066116,Japan,52977.3333333333
2008,PES 2009: Pro Evolution Soccer,PS3,6,316190,316190,Japan,52698.3333333333
2012,Dai-2-Ji Super Robot Taisen OG,PS3,5,263251,263251,Japan,52650.2
2012,Nintendo Land,WiiU,4,209086,209086,Japan,52271.5
2010,Mario vs. Donkey Kong: Mini-Land Mayhem!,DS,5,256728,256728,Japan,51345.6
2007,Dynasty Warriors 6,PS3,7,357906,357906,Japan,51129.4285714286
2014,Monster Hunter 4,3DS,68,194878,3429341,Japan,50431.4852941177
2011,The Legend of Zelda: Skyward Sword,Wii,6,301809,301809,Japan,50301.5
2013,Grand Theft Auto V,PS3,13,652337,652337,Japan,50179.7692307692
2009,Tales of Graces,Wii,4,199922,199922,Japan,49980.5
2015,Pocket Monsters Omega Ruby and Alpha Sapphire,3DS,59,464094,2909367,Japan,49311.3050847458
2008,Pokemon Diamond / Pearl Version,DS,120,255729,5827503,Japan,48562.525
2016,Monster Hunter X,3DS,58,264416,2806400,Japan,48386.2068965517
2008,Dragon Quest V: Hand of the Heavenly Bride,DS,25,1209507,1209507,Japan,48380.28
2007,Crisis Core: Final Fantasy VII,PSP,16,771644,771644,Japan,48227.75
2007,Mario Party 8,Wii,23,1107994,1107994,Japan,48173.652173913
2015,Youkai Watch 2 Shinuchi,3DS,56,625272,2669597,Japan,47671.375
2010,Shining Hearts,PSP,3,141356,141356,Japan,47118.6666666667
2013,God Eater 2,PSV,8,376733,376733,Japan,47091.625
2012,Tales of Xillia 2,PS3,9,423437,423437,Japan,47048.5555555556
2012,,DS,120,124214,5629434,Japan,46911.95
2007,Brain Age 2: More Training in Minutes a Day,DS,105,1082191,4919577,Japan,46853.1142857143
2014,Gundam Breaker 2,PS3,2,93359,93359,Japan,46679.5
2009,Samurai Warriors 3,Wii,5,231090,231090,Japan,46218
2007,Tales of Innocence,DS,4,184208,184208,Japan,46052
2011,Call of Duty: Modern Warfare 3,PS3,7,315559,315559,Japan,45079.8571428571
2007,Wii Sports,Wii,57,1983458,2560472,Japan,44920.5614035088
2009,Call of Duty: Modern Warfare 2,PS3,4,179604,179604,Japan,44901
2012,Professor Layton vs Ace Attorney,3DS,5,224307,224307,Japan,44861.4
2009,Pro Evolution Soccer 2010,PS3,9,398612,398612,Japan,44290.2222222222
2018,Monster Hunter: World,PS4,49,2168255,2168255,Japan,44250.1020408163
2012,Monster Hunter Freedom 3,PSP,109,193711,4802807,Japan,44062.4495412844
2017,Yakuza Kiwami 2,PS4,4,176110,176110,Japan,44027.5
2015,Dragon Quest VIII: Journey of the Cursed King,3DS,19,833735,833735,Japan,43880.7894736842
2010,Tomodachi Collection,DS,81,1047336,3552501,Japan,43858.037037037
2008,Penguin no Mondai: Saikyou Penguin Densetsu! A Penguin's Troubles,DS,4,174244,174244,Japan,43561
2009,Monster Hunter Tri,Wii,23,994840,994840,Japan,43253.9130434783
2018,Pokemon: Ultra Sun and Ultra Moon,3DS,59,481410,2550655,Japan,43231.4406779661
2013,Call of Duty: Ghosts,PS3,8,345323,345323,Japan,43165.375
2015,Super Mario Maker,WiiU,17,730899,730899,Japan,42994.0588235294
2017,Earth Defense Force 5,PS4,4,171972,171972,Japan,42993
2013,Tomodachi Collection: Shin Seikatsu,3DS,38,1627808,1627808,Japan,42837.0526315789
2007,Animal Crossing: Wild World,DS,110,864274,4678977,Japan,42536.1545454545
2007,Power Pro Kun Pocket 10,DS,4,169882,169882,Japan,42470.5
2014,Gundam Breaker 2,PSV,2,84555,84555,Japan,42277.5
2018,Call of Duty: Black Ops IIII,PS4,12,501266,501266,Japan,41772.1666666667
2007,Pro Evolution Soccer 2008,PS3,6,246474,246474,Japan,41079
2011,New Super Mario Bros. Wii,Wii,109,271830,4474248,Japan,41048.1467889908
2012,Monster Hunter Tri,WiiU,4,162320,162320,Japan,40580
2008,New Super Mario Bros.,DS,137,388063,5555213,Japan,40549
2015,Youkai Watch 2 Ganso/Honke,3DS,78,126878,3160089,Japan,40513.9615384615
2013,Inazuma Eleven GO 3: Galaxy - Supernova,3DS,5,201869,201869,Japan,40373.8
2010,Gods Eater Burst,PSP,10,403242,403242,Japan,40324.2
2015,Monster Hunter 4G,3DS,65,245838,2610484,Japan,40161.2923076923
2015,Mario & Luigi: Paper Jam,3DS,5,199699,199699,Japan,39939.8
2018,Splatoon 2,NS,76,1133448,3006864,Japan,39564
2011,One Piece: Gigant Battle 2 Shin Sekai,DS,7,275453,275453,Japan,39350.4285714286
2009,Monster Hunter Freedom Unite,PSP,93,883047,3650397,Japan,39251.5806451613
2010,pro evolution soccer 2011,PS3,10,404525,391719,Japan,39171.9
2017,Monster Hunter Double Cross,3DS,42,1641053,1641053,Japan,39072.6904761905
2008,Super Smash Bros. Brawl,Wii,49,1894028,1894028,Japan,38653.6326530612
2007,Mega Man Star Force 2: Zerker x Ninja / Saurian,DS,6,229688,229688,Japan,38281.3333333333
2011,Just Dance Wii,Wii,12,457465,457465,Japan,38122.0833333333
2013,Pokemon Black / White Version 2,DS,81,170433,3079128,Japan,38013.9259259259
2014,Grand Theft Auto V,PS4,3,113327,113327,Japan,37775.6666666667
2009,Naruto Shippuden: Ultimate Ninja Heroes 3,PSP,4,150817,150817,Japan,37704.25
2017,Call of Duty: WWII,PS4,9,338331,338331,Japan,37592.3333333333
2011,Tales of Xillia,PS3,17,637940,637940,Japan,37525.8823529412
2009,Pokemon Platinum Version,DS,69,292148,2587161,Japan,37495.0869565217
2013,Shingeki no Kyojin ~Hangeki no Tsubasa~,3DS,5,184923,184923,Japan,36984.6
2011,Tongari Boushi to Oshare na Mahou Tsukai,DS,4,147110,147110,Japan,36777.5
2007,Wii Play,Wii,57,1538780,2067534,Japan,36272.5263157895
2015,Splatoon,WiiU,32,1148163,1148163,Japan,35880.09375
2010,Fossil Fighters: Champions,DS,7,250399,250399,Japan,35771.2857142857
2014,Animal Crossing: Jump Out,3DS,112,221855,3983621,Japan,35568.0446428571
2012,Hot Shots Golf: World Invitational,PS3,6,212472,212472,Japan,35412
2013,World Soccer Winning Eleven 2014,PS3,8,282385,282385,Japan,35298.125
2010,Tongari Boushi to Mahou no Otana,DS,8,282028,282028,Japan,35253.5
2009,Pro Evolution Soccer 2010,PSP,4,140570,140570,Japan,35142.5
2009,Taiko no Tatsujin Wii: Dodon to 2 Yome!,Wii,7,245593,245593,Japan,35084.7142857143
2009,Pokemon Diamond / Pearl Version,DS,172,132146,5959649,Japan,34649.1220930233
2008,Magician's Quest: Mysterious Times,DS,8,276570,276570,Japan,34571.25
2015,Dairantou Smash Bros. for Nintendo 3DS,3DS,69,350091,2365983,Japan,34289.6086956522
2010,Dragon Quest Monsters: Joker 2,DS,36,1227261,1227261,Japan,34090.5833333333
2012,Mario Kart 7,3DS,57,752702,1941940,Japan,34069.1228070175
2011,Hatsune Miku: Project Diva Extend,PSP,8,271100,271100,Japan,33887.5
2007,Sengoku Basara 2 Heroes,PS2,5,168224,168224,Japan,33644.8
2010,Wii Fit Plus,Wii,66,799263,2216637,Japan,33585.4090909091
2007,Monster Hunter Freedom 2,PSP,45,1503574,1503574,Japan,33412.7555555556
2011,Pro Evolution Soccer 2012,PS3,13,428297,428297,Japan,32945.9230769231
2007,The Legend of Zelda: Phantom Hourglass,DS,27,886135,886135,Japan,32819.8148148148
2017,Xenoblade Chronicles 2,NS,5,163935,163935,Japan,32787
2017,Mario Kart 8 Deluxe,NS,36,1174196,1174196,Japan,32616.5555555556
2018,Super Mario Odyssey,NS,62,555645,2022159,Japan,32615.4677419355
2008,Super Robot Taisen Z,PS2,15,488790,488790,Japan,32586
2009,Wii Fit,Wii,110,476237,3575347,Japan,32503.1545454545
2008,Brain Age 2: More Training in Minutes a Day,DS,158,209557,5129134,Japan,32462.8734177215
2010,Inazuma Eleven 3: Sekai e no Chousen!! Bomber / Spark,DS,27,875110,875110,Japan,32411.4814814815
2010,Kirby's Epic Yarn,Wii,12,385347,385347,Japan,32112.25
2010,Call of Duty: Black Ops,PS3,7,224239,224239,Japan,32034.1428571429
2014,Shining Resonance,PS3,3,95107,95107,Japan,31702.3333333333
2010,Tactics Ogre: Let Us Cling Together,PSP,8,251724,251724,Japan,31465.5
2016,Miitopia,3DS,4,125067,125067,Japan,31266.75
2008,Wii Sports,Wii,110,862874,3423346,Japan,31121.3272727273
2009,New Super Mario Bros.,DS,189,307402,5862615,Japan,31019.126984127
2008,Animal Crossing: Wild World,DS,163,365330,5044307,Japan,30946.6687116564
2016,SaGa: Scarlet Grace,PSV,3,92416,92416,Japan,30805.3333333333
2012,Monster Hunter 3G,3DS,56,727236,1713910,Japan,30605.5357142857
2013,One Piece Unlimited World: Red,3DS,7,213569,213569,Japan,30509.8571428571
2014,Phantasy Star Nova,PSV,5,152080,152080,Japan,30416
2008,Mario Party DS,DS,61,589017,1850022,Japan,30328.2295081967
2012,Pro Evolution Soccer 2013,PS3,13,390466,390466,Japan,30035.8461538462
2008,Dragon Ball Z: Infinite World,PS2,5,149974,149974,Japan,29994.8
2012,Dragon Quest Monsters: Terry's Wonderland 3D,3DS,31,928830,928830,Japan,29962.2580645161
2010,Taiko no Tatsujin Wii: Minna de Party * 3-Yome!,Wii,5,147934,147934,Japan,29586.8
2016,Yokai Watch Busters,3DS,78,163854,2301547,Japan,29507.0128205128
2013,New Super Mario Bros. 2,3DS,76,474799,2241761,Japan,29496.8552631579
2015,Call of Duty: Black Ops 3,PS4,9,264727,264727,Japan,29414.1111111111
2010,Super Mario Galaxy 2,Wii,32,940767,940767,Japan,29398.96875
2015,Disney Magic World 2,3DS,4,117396,117396,Japan,29349
2012,Super Mario 3D Land,3DS,61,689681,1781900,Japan,29211.4754098361
2008,Wii Music,Wii,12,349675,349675,Japan,29139.5833333333
2007,Resident Evil: The Umbrella Chronicles,Wii,7,203836,203836,Japan,29119.4285714286
2011,Taiko no Tatsujin Wii: Ketteiban,Wii,6,174278,174278,Japan,29046.3333333333
2012,New Super Mario Bros. Wii,Wii,161,152628,4626876,Japan,28738.3602484472
2011,Wii Party,Wii,78,554185,2236384,Japan,28671.5897435897
2008,Tamagotchi no KiraKira Omisecchi,DS,6,170586,170586,Japan,28431
2010,Monster Hunter Freedom Unite,PSP,145,460772,4111169,Japan,28352.8896551724
2011,,Wii,8,226364,226364,Japan,28295.5
2007,Dragon Quest Monsters: Joker,DS,53,860628,1487650,Japan,28068.8679245283
2009,Monotaro Dentetsu 2010: Sengoku Ishin no Hero Daishuugou! no Maki,Wii,6,168155,168155,Japan,28025.8333333333
2016,Pokemon Omega Ruby/Pokemon Alpha Sapphire,3DS,111,199879,3109246,Japan,28011.2252252252
2011,Rhythm Heaven,Wii,24,672161,672161,Japan,28006.7083333333
2007,Brain Age: Train Your Brain in Minutes a Day,DS,137,661097,3821511,Japan,27894.2408759124
2012,Dragon Quest X,Wii,22,612888,612888,Japan,27858.5454545455
2011,7th Dragon 2020,PSP,6,166601,166601,Japan,27766.8333333333
2010,Wii Sports Resort,Wii,80,584556,2217512,Japan,27718.9
2009,Mario & Sonic at the Olympic Winter Games,DS,7,192772,192772,Japan,27538.8571428571
2010,MonHun Nikki: Poka Poka Ailu Mura,PSP,19,522719,522719,Japan,27511.5263157895
2010,Dragon Quest VI: Realms of Revelation,DS,49,1341074,1341074,Japan,27368.8571428571
2009,Mario Kart Wii,Wii,91,422146,2488262,Japan,27343.5384615385
2013,Aikatsu! 2-nin no My Princess,3DS,7,190978,190978,Japan,27282.5714285714
2007,Final Fantasy Tactics A2: Grimoire of the Rift,DS,10,272647,272647,Japan,27264.7
2010,Super Robot Taisen L,DS,6,163389,163389,Japan,27231.5
2014,Mario Kart 8,WiiU,31,844134,844134,Japan,27230.1290322581
2015,Star Wars Battlefront (2015),PS4,7,188945,188945,Japan,26992.1428571429
2014,Puzzle & Dragons Z,3DS,55,322222,1480611,Japan,26920.2
2013,Hatsune Miku: Project Mirai 2,3DS,6,161223,161223,Japan,26870.5
2008,Phantasy Star Portable,PSP,23,615572,615572,Japan,26764
2007,Mario Kart DS,DS,108,954324,2890022,Japan,26759.462962963
2014,Derby Stallion Gold,3DS,4,106147,106147,Japan,26536.75
2007,Kanshuu Nippon Joushikiryoku Kentei Kyoukai: Imasara Hito ni wa Kikenai Otona no Joushikiryoku Training DS,DS,62,677852,1641406,Japan,26474.2903225806
2011,Dragon Quest 25 Shuunen Kinin: Famicom andamp;amp; Super Famicom Dragon Quest I-II-III,Wii,16,420825,420825,Japan,26301.5625
2011,AKB1/48: Idol to Guam de Koishitara...,PSP,13,341333,341333,Japan,26256.3846153846
2010,New Super Mario Bros.,DS,241,378014,6240629,Japan,25894.7261410788
2018,Battlefield V,PS4,6,155244,155244,Japan,25874
2013,Dragon Warrior VII,3DS,48,1238025,1238025,Japan,25792.1875
2007,Flash Focus: Vision Training in Minutes a Day,DS,31,797976,797976,Japan,25741.1612903226
2015,Animal Crossing: Jump Out,3DS,165,240648,4224269,Japan,25601.6303030303
2011,Danball Senki Boost,PSP,6,153451,153451,Japan,25575.1666666667
2013,JoJo's Bizarre Adventure: All Star Battle,PS3,19,484963,484963,Japan,25524.3684210526
2016,The Last Guardian,PS4,4,101428,101428,Japan,25357
2010,Momotarou Dentetsu World,DS,5,126553,126553,Japan,25310.6
2011,Dark Souls,PS3,15,379655,379655,Japan,25310.3333333333
2013,God Eater 2,PSP,8,199548,199548,Japan,24943.5
2015,Metal Gear Solid V: The Phantom Pain,PS4,18,444783,444783,Japan,24710.1666666667
2017,Kirby: Battle Royale,3DS,5,122170,122170,Japan,24434
2009,Power Pro Kun Pocket 12,DS,5,121721,121721,Japan,24344.2
2009,Animal Crossing: Wild World,DS,215,181266,5225573,Japan,24304.9906976744
2011,Sengoku Basara 3 Utage,PS3,8,193967,193967,Japan,24245.875
2008,Wii Play,Wii,110,596477,2664011,Japan,24218.2818181818
2009,Rhythm Heaven,DS,75,360094,1815646,Japan,24208.6133333333
2016,Persona 5,PS4,16,387173,387173,Japan,24198.3125
2016,Monster Hunter Stories,3DS,13,313553,313553,Japan,24119.4615384615
2011,Monster Hunter Portable 3rd HD Ver.,PS3,19,457475,457475,Japan,24077.6315789474
2013,Luigi's Mansion: Dark Moon,3DS,42,1010295,1010295,Japan,24054.6428571429
2018,Mario Kart 8 Deluxe,NS,88,931989,2106185,Japan,23933.9204545455
2012,Bravely Default: Flying Fairy,3DS,12,286612,286612,Japan,23884.3333333333
2008,Saka-Tsuku DS: Touch and Direct,DS,7,165591,165591,Japan,23655.8571428571
2007,Yoshi's Island DS,DS,43,1002362,1002362,Japan,23310.7441860465
2010,Metal Gear Solid: Peace Walker,PSP,36,834992,834992,Japan,23194.2222222222
2009,Shin Megami Tensei: Persona 3 Portable,PSP,9,205168,205168,Japan,22796.4444444444
2009,Dissidia: Final Fantasy,PSP,40,151136,910734,Japan,22768.35
2009,Wii Sports,Wii,162,226559,3649905,Japan,22530.2777777778
2008,Mega Man Star Force 3: Black Ace / Red Joker,DS,8,179237,179237,Japan,22404.625
2008,Metal Gear Solid 4: Guns of the Patriots,PS3,30,666006,666006,Japan,22200.2
2007,English Training: Have Fun Improving Your Skills!,DS,101,585388,2234844,Japan,22127.1683168317
2008,Pokemon Mystery Dungeon: Explorers of Time / Darkness,DS,69,197700,1518216,Japan,22003.1304347826
2014,Call of Duty: Advanced Warfare,PS3,7,153400,153400,Japan,21914.2857142857
2011,New Super Mario Bros.,DS,293,167488,6408117,Japan,21870.7064846416
2008,Mario Kart DS,DS,161,598461,3488483,Japan,21667.5962732919
2016,Battlefield 1,PS4,11,238246,238246,Japan,21658.7272727273
2009,Tales of Vesperia,PS3,16,344662,344662,Japan,21541.375
2008,Grand Theft Auto IV,PS3,10,214817,214817,Japan,21481.7
2018,Red Dead Redemption 2,PS4,10,213013,213013,Japan,21301.3
2007,Final Fantasy Crystal Chronicles: Ring of Fates,DS,19,403813,403813,Japan,21253.3157894737
2011,Wii Sports Resort,Wii,132,587815,2805327,Japan,21252.4772727273
2010,Mario Kart Wii,Wii,143,545108,3033370,Japan,21212.3776223776
2009,Final Fantasy: The 4 Heroes of Light,DS,10,211609,211609,Japan,21160.9
2015,Rhythm Heaven: The Best+,3DS,30,632668,632668,Japan,21088.9333333333
2017,Super Mario Maker,3DS,57,380316,1201726,Japan,21082.9122807018
2008,Brain Age: Train Your Brain in Minutes a Day,DS,190,167431,3988942,Japan,20994.4315789474
2011,Wii Fit Plus,Wii,118,249526,2466163,Japan,20899.686440678
2014,Aikatsu! 365 Idol Days,3DS,4,83328,83328,Japan,20832
2016,Animal Crossing: New Leaf,3DS,217,246404,4470673,Japan,20602.1797235023
2007,Oshare Majo Love and Berry: DS Collection,DS,49,215528,1007900,Japan,20569.387755102
2013,Mario Kart 7,3DS,110,314975,2256915,Japan,20517.4090909091
2013,Jikkyou Powerful Pro Yakyuu 2013,PS3,11,225637,225637,Japan,20512.4545454545
2009,Bayonetta,PS3,10,205023,205023,Japan,20502.3
2009,Animal Crossing: City Folk,Wii,59,236241,1206141,Japan,20443.0677966102
2009,Gran Turismo,PSP,14,285028,285028,Japan,20359.1428571429
2008,Dragon Quest IV: Chapters of the Chosen,DS,59,167947,1188984,Japan,20152.2711864407
2009,Super Smash Bros. Brawl,Wii,101,137442,2031470,Japan,20113.5643564356
2012,SD Gundam G Generation: Overworld,PSP,14,279064,279064,Japan,19933.1428571429
2007,Dragon Quest Swords: The Masked Queen and the Tower of Mirrors,Wii,25,494927,494927,Japan,19797.08
2014,Tomodachi Collection: Shin Seikatsu,3DS,89,117228,1745036,Japan,19607.1460674157
2017,Yokai Watch 3,3DS,77,88491,1499941,Japan,19479.7532467532
2014,World Soccer Winning Eleven 2015,PS3,7,136192,136192,Japan,19456
2012,One Piece Pirate Musou,PS3,44,853624,853624,Japan,19400.5454545455
2009,J-League Pro Soccer Club o Tsukurou! 6: Pride of J,PSP,8,155141,155141,Japan,19392.625
2011,Battlefield 3,PS3,9,174128,174128,Japan,19347.5555555556
2018,Persona Q2: New Cinema Labyrinth,3DS,5,96408,96408,Japan,19281.6
2015,Pokemon Super Mystery Dungeon,3DS,16,307185,307185,Japan,19199.0625
2011,Ore no Shikabane o Koete Yuke,PSP,8,153588,153588,Japan,19198.5
2016,SD Gundam G Generation Genesis,PSV,6,114780,114780,Japan,19130
2017,Gran Turismo Sport,PS4,11,208827,208827,Japan,18984.2727272727
2013,Battlefield 4,PS3,10,188860,188860,Japan,18886
2016,Animal Crossing: Happy Home Designer,3DS,75,102019,1413601,Japan,18848.0133333333
2012,Wii Party,Wii,130,208641,2445025,Japan,18807.8846153846
2018,Spider-Man (PS4),PS4,17,319173,319173,Japan,18774.8823529412
2009,Kirby Super Star Ultra,DS,61,159540,1144891,Japan,18768.7049180328
2013,Disney Magic Castle: My Happy Life,3DS,23,429481,429481,Japan,18673.0869565217
2018,Minecraft,NS,28,520456,520456,Japan,18587.7142857143
2011,Uncharted 3: Drake's Deception,PS3,9,167169,167169,Japan,18574.3333333333
2010,Kurohyou: Ryu ga Gotoku Shinshou,PSP,15,277838,277838,Japan,18522.5333333333
2012,Style Savvy: Trendsetters,3DS,14,259214,259214,Japan,18515.2857142857
2008,Mario Party 8,Wii,76,297483,1405477,Japan,18493.1184210526
2013,Sentouchu: Densetsu no Shinobi to Survival Battle!,3DS,12,221294,221294,Japan,18441.1666666667
2014,New Super Mario Bros. 2,3DS,127,97156,2338917,Japan,18416.6692913386
2016,Call of Duty: Infinite Warfare,PS4,9,165080,165080,Japan,18342.2222222222
2007,Warriors Orochi,PS2,35,640393,640393,Japan,18296.9428571429
2007,Hot Shots Golf: Out of Bounds,PS3,23,419553,419553,Japan,18241.4347826087
2007,Dragon Ball Z: Budokai Tenkaichi 3,Wii,13,236521,236324,Japan,18178.7692307692
2015,Fire Emblem Fates: Black Kingdom / White Kingdom,3DS,28,507336,507336,Japan,18119.1428571429
2011,Donkey Kong Country Returns,Wii,56,337957,1012101,Japan,18073.2321428571
2016,Watch Dogs 2,PS4,5,90298,90298,Japan,18059.6
2015,God Eater Resurrection,PSV,10,179652,179652,Japan,17965.2
2011,Pro Evolution Soccer 2012,PSP,9,161456,161456,Japan,17939.5555555556
2013,New Super Mario Bros. U,WiiU,57,648931,1022487,Japan,17938.3684210526
2016,SD Gundam G Generation Genesis,PS4,6,107509,107509,Japan,17918.1666666667
2008,Monster Hunter Freedom 2,PSP,98,249645,1753219,Japan,17889.9897959184
2013,Monster Hunter Tri,3DS,109,232874,1946784,Japan,17860.4036697248
2016,Splatoon,WiiU,84,350163,1498326,Japan,17837.2142857143
2017,Final Fantasy XV,PS4,57,148048,1015916,Japan,17823.0877192982
2010,Inazuma Eleven 2: Kyoui no Shinryokusha,DS,66,190339,1172851,Japan,17770.4696969697
2011,Gekijouban Macross F: Sayonara no Tsubasa - Hybrid Pack,PS3,11,194769,194769,Japan,17706.2727272727
2012,Mario Party 9,Wii,36,637263,637263,Japan,17701.75
2017,Animal Crossing: New Leaf,3DS,269,284058,4754731,Japan,17675.5799256506
2009,Mario Kart DS,DS,213,235914,3724397,Japan,17485.4319248826
2009,Wii Play,Wii,162,161044,2825055,Japan,17438.6111111111
2011,Mario Kart Wii,Wii,195,366012,3399382,Japan,17432.7282051282
2017,The Legend of Zelda: Breath of the Wild,NS,44,766879,766879,Japan,17429.0681818182
2013,Super Mario 3D Land,3DS,114,202599,1984499,Japan,17407.8859649123
2010,Sengoku Basara: Samurai Heroes,PS3,23,396479,396479,Japan,17238.2173913043
2018,Kirby,NS,42,722464,722464,Japan,17201.5238095238
2007,Kirby Squeak Squad,DS,61,301622,1044155,Japan,17117.2950819672
2012,Wii Sports Resort,Wii,184,343265,3148592,Japan,17111.9130434783
2014,Youkai Watch,3DS,77,1006125,1306901,Japan,16972.7402597403
2007,Professor Layton and the Curious Village,DS,46,780001,780001,Japan,16956.5434782609
2011,The Legend of Zelda: Ocarina of Time 3D,3DS,29,489758,489758,Japan,16888.2068965517
2014,Susume! Kinopio Taichou,WiiU,7,118054,118054,Japan,16864.8571428571
2010,K-ON! Houkago Live!!,PSP,14,235506,235506,Japan,16821.8571428571
2007,Samurai Warriors 2: Xtreme Legends (JP sales),PS2,19,318032,318032,Japan,16738.5263157895
2008,Dynasty Warriors 6 (JP sales),PS2,14,234339,234339,Japan,16738.5
2009,Tekken 6,PS3,10,166610,166610,Japan,16661
2014,Dragon Quest Monsters 2: Iru to Ruka no Fushigi na Fushigi na Kagi,3DS,47,782535,782535,Japan,16649.6808510638
2013,Taiko no Tatsujin: Wii U Version!,WiiU,7,116162,116162,Japan,16594.5714285714
2009,Kingdom Hearts 358/2 Days,DS,32,529763,529763,Japan,16555.09375
2011,Go Vacation,Wii,11,181375,181375,Japan,16488.6363636364
2007,Ganbaru Watashi no Kakei Diary,DS,25,405715,405715,Japan,16228.6
2008,Super Mario Galaxy,Wii,62,235150,1005273,Japan,16214.0806451613
2007,Super Robot Taisen OG: Original Generations,PS2,27,437416,437416,Japan,16200.5925925926
2011,Ace Combat: Assault Horizon,PS3,12,194373,194373,Japan,16197.75
2013,Mario & Luigi: Dream Team,3DS,25,403633,403633,Japan,16145.32
2016,Monster Strike 3DS,3DS,55,173931,886175,Japan,16112.2727272727
2011,Kirby: Mass Attack,DS,22,352208,352208,Japan,16009.4545454545
2007,Gundam Battle Chronicle,PSP,13,207793,207793,Japan,15984.0769230769
2009,Mario & Luigi: Bowser's Inside Story,DS,47,746556,746556,Japan,15884.170212766
2010,Kingdom Hearts Re:coded,DS,13,206378,206378,Japan,15875.2307692308
2008,Jam With the Band,DS,28,443614,443614,Japan,15843.3571428571
2010,One Piece: Gigant Battle!,DS,17,269062,269062,Japan,15827.1764705882
2012,Final Fantasy XIII-2,PS3,55,150665,867392,Japan,15770.7636363636
2010,Hatsune Miku: Project Diva 2nd,PSP,23,362712,362712,Japan,15770.0869565217
2016,Dragon Quest Monsters Joker 3,3DS,41,646167,646167,Japan,15760.1707317073
2007,Tamagotchi Connection: Corner Shop 3,DS,14,219646,219646,Japan,15689
2009,Jikkyou Powerful Pro Yakyuu Portable 4,PSP,16,249182,249182,Japan,15573.875
2012,Dragon's Dogma,PS3,32,490541,490541,Japan,15329.40625
2010,Gekijouban Macross F: Itsuwarino Utahime - Hybrid Pack,PS3,13,198768,198768,Japan,15289.8461538462
2018,Animal Crossing: New Leaf,3DS,321,145094,4899825,Japan,15264.2523364486
2011,Dragon Quest Monsters: Joker 2 Professional,DS,40,610286,610286,Japan,15257.15
2007,Practise English!,DS,40,608119,608119,Japan,15202.975
2008,Professor Layton and the Diabolical Box,DS,58,287165,881646,Japan,15200.7931034483
2007,Jump Ultimate Stars,DS,49,194807,744731,Japan,15198.5918367347
2014,Mario Kart 7,3DS,161,181682,2438597,Japan,15146.5652173913
2013,Phoenix Wright: Ace Attorney - Dual Destinies,3DS,24,363300,363300,Japan,15137.5
2007,DS Nishimura Kyotaro Suspense Shin Tantei Series: Kyoto Atami Zekkai no Kotou - Satsui no Wana,DS,12,181492,181492,Japan,15124.3333333333
2009,Mario & Sonic at the Olympic Winter Games,Wii,9,135701,135701,Japan,15077.8888888889
2018,Mario Tennis Aces,NS,28,420652,420652,Japan,15023.2857142857
2007,Final Fantasy XII: Revenant Wings,DS,36,538884,538884,Japan,14969
2007,Metal Gear Solid: Portable Ops Plus,PSP,15,224200,224200,Japan,14946.6666666667
2012,The Idolm@ster: Shiny Festa - Honey Sound / Funky Note / Groovy Tune,PSP,10,149135,149135,Japan,14913.5
2007,Taiko no Tatsujin DS: Touch de Dokodon!,DS,23,342918,342918,Japan,14909.4782608696
2007,A.C.E.: Another Century's Episode 3: The Final,PS2,17,251751,251751,Japan,14808.8823529412
2014,Call of Duty: Advanced Warfare,PS4,7,103409,103409,Japan,14772.7142857143
2017,Yo-Kai Watch 3: Sukiyaki,3DS,55,246339,809069,Japan,14710.3454545455
2010,Mario Kart DS,DS,265,169847,3894244,Japan,14695.2603773585
2008,Pokemon Ranger: Shadows of Almia,DS,42,616540,616540,Japan,14679.5238095238
2013,Drakengard 3,PS3,10,146693,146693,Japan,14669.3
2007,Tetris DS,DS,88,290972,1290863,Japan,14668.8977272727
2007,Super Paper Mario,Wii,37,540784,540784,Japan,14615.7837837838
2017,Super Smash Bros. Wii U,3DS,173,73610,2518993,Japan,14560.6531791908
2012,Mario Kart Wii,Wii,247,195193,3594575,Japan,14552.9352226721
2016,Fate/Extella: The Umbral Star,PS4,8,116259,116259,Japan,14532.375
2010,Kingdom Hearts: Birth by Sleep,PSP,52,754033,754033,Japan,14500.6346153846
2016,Kirby: Planet Robobot,3DS,36,519393,519393,Japan,14427.5833333333
2016,Yokai Sangokushi,3DS,40,572125,572125,Japan,14303.125
2013,Daigasso! Band Brothers P,3DS,8,114000,114000,Japan,14250
2010,Super Smash Bros. Brawl,Wii,153,141186,2172656,Japan,14200.3660130719
2007,Itadaki Street DS,DS,28,397296,397296,Japan,14189.1428571429
2009,Style Savvy,DS,63,268109,892906,Japan,14173.1111111111
2015,Mario Kart 8,WiiU,84,340711,1184845,Japan,14105.2976190476
2009,Professor Layton and the Unwound Future,DS,58,167049,817147,Japan,14088.7413793103
2014,Jikkyou Powerful Pro Yakyuu 2014,PS3,10,140829,140829,Japan,14082.9
2009,SD Gundam G Generation Wars,PS2,22,309679,309679,Japan,14076.3181818182
2016,Super Mario Maker,WiiU,69,238634,969533,Japan,14051.2028985507
2011,Yakuza: Dead Souls,PS3,30,420995,420995,Japan,14033.1666666667
2007,J-League Winning Eleven 2007: Club Championship,PS2,22,308019,308019,Japan,14000.8636363636
2018,Fallout 76,PS4,7,97970,97970,Japan,13995.7142857143
2015,MineCraft,PSV,42,579924,579924,Japan,13807.7142857143
2012,Taiko no Tatsujin: Chibi Dragon to Fushigi na Orb,3DS,25,343783,343783,Japan,13751.32
2010,Yakuza 4,PS3,42,570180,570180,Japan,13575.7142857143
2007,Apollo Justice: Ace Attorney,DS,38,513194,513194,Japan,13505.1052631579
2015,New Super Mario Bros. 2,3DS,180,85629,2424546,Japan,13469.7
2010,Fist of the North Star: Ken's Rage,PS3,41,552057,552057,Japan,13464.8048780488
2008,"What Did I Do to Deserve This, My Lord!? 2",PSP,12,160858,160858,Japan,13404.8333333333
2014,Grand Theft Auto V,PS3,64,204790,857127,Japan,13392.609375
2012,Tousouchuu: Shijou Saikyou no Hunter-Tachi Kara Nigekire!,3DS,26,347776,347776,Japan,13376
2014,Kirby: Triple Deluxe,3DS,51,679872,679872,Japan,13330.8235294118
2015,Legend of Zelda: Triforce Heroes,3DS,11,146296,146296,Japan,13299.6363636364
2010,The Legend of Zelda: Spirit Tracks,DS,54,288279,716183,Japan,13262.6481481481
2013,Final Fantasy XIV: A Realm Reborn,PS3,19,251465,251465,Japan,13235
2009,Mobile Suit Gundam Battlefield Record U.C.0081,PS3,18,237505,237505,Japan,13194.7222222222
2016,Mario Party: Star Rush,3DS,11,145071,145071,Japan,13188.2727272727
2014,Wii Party U,WiiU,61,218927,804297,Japan,13185.1967213115
2011,The Legend of Heroes: Ao no Kiseki,PSP,14,184486,184486,Japan,13177.5714285714
2012,Little Battlers eXperience W,PSP,11,144837,144837,Japan,13167
2010,God Eater,PSP,48,630896,630896,Japan,13143.6666666667
2018,The Legend of Zelda: Breath of the Wild,NS,96,493020,1259899,Japan,13123.9479166667
2008,Meccha! Taiko no Tatsujin Master DS: 7-tsu no Shima no Daibouken,DS,37,482709,482709,Japan,13046.1891891892
2010,A.C.E.: Another Century's Episode R,PS3,20,259832,259832,Japan,12991.6
2012,Fire Emblem: Kakusei,3DS,37,480049,480049,Japan,12974.2972972973
2007,Jikkyou Powerful Pro Yakyuu 14,PS2,24,309120,309120,Japan,12880
2015,Sumikko Gurashi: Omise Hajimerundesu,3DS,7,90128,90128,Japan,12875.4285714286
2017,ARK: Survival Evolved,PS4,10,128236,128236,Japan,12823.6
2015,Dairantou Smash Bros. for Wii U,WiiU,57,250934,730026,Japan,12807.4736842105
2016,Fate/Extella: The Umbral Star,PSV,8,102100,102100,Japan,12762.5
2011,Mario Kart DS,DS,317,145871,4040115,Japan,12744.8422712934
2009,Dynasty Warriors: Strikeforce,PSP,30,380917,380917,Japan,12697.2333333333
2011,MonHun Nikki: Poka Poka Ailu Mura G,PSP,21,266350,266350,Japan,12683.3333333333
2011,Danball Senki,PSP,29,365208,365208,Japan,12593.3793103448
2017,Pokken Tournament,NS,15,188890,188890,Japan,12592.6666666667
2007,Personal Trainer: Cooking,DS,76,249884,956962,Japan,12591.6052631579
2010,Pokemon Ranger: Guardian Signs,DS,44,552887,552887,Japan,12565.6136363636
2008,Jikkyou Powerful Pro Yakyuu Portable 3,PSP,25,313498,313498,Japan,12539.92
2011,Pokémon Black and White,3DS,21,262916,262916,Japan,12519.8095238095
2013,Jikkyou Powerful Pro Yakyuu 2013,PSP,11,136008,136008,Japan,12364.3636363636
2013,Mario Kart Wii,Wii,300,112649,3707224,Japan,12357.4133333333
2008,Fire Emblem: Shadow Dragon,DS,22,269734,269734,Japan,12260.6363636364
2008,Shin Megami Tensei: Persona 4,PS2,26,317336,317336,Japan,12205.2307692308
2017,New Style Boutique 3 - Styling Star,3DS,9,109833,109833,Japan,12203.6666666667
2007,SD Gundam G Generation: Cross Drive,DS,21,255651,255651,Japan,12173.8571428571
2015,Mario Kart 7,3DS,214,153280,2591877,Japan,12111.5747663551
2008,Flash Focus: Vision Training in Minutes a Day,DS,84,212884,1010860,Japan,12034.0476190476
2016,Tales of Berseria,PS4,20,240525,240525,Japan,12026.25
2010,Taiko no Tatsujin DS: Dororon! Youkai Daikessen!!,DS,27,324659,324659,Japan,12024.4074074074
2016,Dragon Ball: Xenoverse 2,PS4,9,108088,108088,Japan,12009.7777777778
2008,Inazuma Eleven,DS,20,238423,238423,Japan,11921.15
2012,Kirby's Return to Dreamland,Wii,62,203261,736032,Japan,11871.4838709677
2008,Quiz Magic Academy DS,DS,17,200744,200744,Japan,11808.4705882353
2016,Sword Art Online: Hollow Realization,PSV,10,118023,118023,Japan,11802.3
2015,Metal Gear Solid V: The Phantom Pain,PS3,18,212396,212396,Japan,11799.7777777778
2014,Kingdom Hearts HD 2.5 ReMIX,PS3,13,153277,153277,Japan,11790.5384615385
2012,Next Hatsune Miku: Project Diva,PSV,18,212136,212136,Japan,11785.3333333333
2009,Yakuza 3,PS3,45,530181,530181,Japan,11781.8
2009,Taiko no Tatsujin Wii,Wii,56,377628,653489,Japan,11669.4464285714
2008,Macross Ace Frontier,PSP,13,151286,151286,Japan,11637.3846153846
2013,Youkai Watch,3DS,26,300776,300776,Japan,11568.3076923077
2010,Dragon Quest Monsters: Battle Road Victory,Wii,25,287479,287479,Japan,11499.16
2007,Mega Man Star Force Dragon / Leo / Pegasus,DS,46,302238,528544,Japan,11490.0869565217
2017,Splatoon,WiiU,136,63816,1562142,Japan,11486.3382352941
2014,Mario Party Island Tour,3DS,41,469845,469845,Japan,11459.6341463415
2018,Warriors  Orochi 4,PS4,14,160113,160113,Japan,11436.6428571429
2011,Super Smash Bros. Brawl,Wii,205,159843,2332499,Japan,11378.043902439
2014,New Super Mario Bros. U,WiiU,108,203061,1225548,Japan,11347.6666666667
2018,Taiko no Tatsujin: Drum 'n' Fun!,NS,24,272326,272326,Japan,11346.9166666667
2010,Lord of Arcana,PSP,12,135898,135898,Japan,11324.8333333333
2009,Resident Evil 5,PS3,44,498057,498057,Japan,11319.4772727273
2008,Final Fantasy IV,DS,55,191344,616820,Japan,11214.9090909091
2009,Love Plus,DS,18,201790,201790,Japan,11210.5555555556
2016,Puzzle & Dragons X: God Chapter / Dragon Chapter,3DS,23,257365,257365,Japan,11189.7826086957
2008,Derby Stallion DS,DS,28,312748,312748,Japan,11169.5714285714
2016,Sword Art Online: Hollow Realization,PS4,10,111552,111552,Japan,11155.2
2011,Dai-2-Ji Super Robot Taisen Z: Hakai-hen,PSP,38,423381,423381,Japan,11141.6052631579
2018,Luigi's Mansion,3DS,8,88777,88777,Japan,11097.125
2007,Yakuza 2,PS2,56,165081,621304,Japan,11094.7142857143
2017,Arms,NS,29,321471,321471,Japan,11085.2068965517
2007,WarioWare: Smooth Moves,Wii,57,430940,631646,Japan,11081.5087719298
2014,Freedom Wars,PSV,27,299194,299194,Japan,11081.2592592593
2009,Pokemon Mystery Dungeon: Explorers of Sky,DS,38,419046,419046,Japan,11027.5263157895
2015,Super Robot Wars BX,3DS,12,131906,131906,Japan,10992.1666666667
2009,Macross Ultimate Frontier,PSP,14,153609,153609,Japan,10972.0714285714
2012,Project X Zone,3DS,12,130602,130602,Japan,10883.5
2016,New Super Mario Bros. 2,3DS,232,94052,2518598,Japan,10856.025862069
2017,The Snack World: TreJarers,3DS,21,227556,227556,Japan,10836
2016,MineCraft,PSV,94,436282,1016206,Japan,10810.7021276596
2013,Taiko no Tatsujin Wii: Super Deluxe Edition,Wii,58,305633,626024,Japan,10793.5172413793
2007,Zaidan Houjin Nippon Kanji Nouryoku Kentei Kyoukai Koushiki Soft: 200 Mannin no KanKen: Tokoton Kanji Nou,DS,60,427179,646566,Japan,10776.1
2011,Dynasty Warriors 7,PS3,43,462864,462864,Japan,10764.2790697674
2013,Dragon Quest X,Wii,75,192688,805576,Japan,10741.0133333333
2017,Monster Hunter Double Cross,NS,19,203776,203776,Japan,10725.0526315789
2015,Great Phoenix Wright: Ace Attorney - Naruhodou Ryuunosuke no Bouken,3DS,18,193025,193025,Japan,10723.6111111111
2009,Shin Megami Tensei: Strange Journey,DS,13,139360,139360,Japan,10720
2015,Dragon Quest Heroes,PS3,45,481167,481167,Japan,10692.6
2008,DS Bimoji Training,DS,43,458811,458811,Japan,10670.023255814
2012,Just Dance Wii,Wii,64,224404,681869,Japan,10654.203125
2007,Fate/stay night [Realta Nua],PS2,16,169647,169647,Japan,10602.9375
2014,Super Mario 3D World,WiiU,58,158994,614449,Japan,10593.9482758621
2009,SaGa 2: Hihou Densetsu - Goddess of Destiny,DS,16,169057,169057,Japan,10566.0625
2010,Fire Emblem: Shin Monshou no Nazo Hikari to Kage no Eiyuu,DS,25,263675,263675,Japan,10547
2017,Star Wars Battlefront II (2017),PS4,7,73548,73548,Japan,10506.8571428571
2008,Dragon Ball: Origins (JP & incomplete US sales),DS,16,167686,167686,Japan,10480.375
2014,Yoshi's New Island,3DS,23,240661,240661,Japan,10463.5217391304
2011,Dissidia 012: Duodecim Final Fantasy,PSP,44,460286,460286,Japan,10461.0454545455
2008,J-League Winning Eleven 2008: Club Championship,PS2,20,209061,209061,Japan,10453.05
2013,Donkey Kong Country Returns 3D,3DS,30,313496,313496,Japan,10449.8666666667
2008,Gundam Battle Universe,PSP,25,259883,259883,Japan,10395.32
2017,Assassin's Creed Origins,PS4,10,103866,103866,Japan,10386.6
2013,BlazBlue Chrono Phantasma,PS3,11,114157,114157,Japan,10377.9090909091
2013,Paper Mario: Sticker Star,3DS,57,189578,588416,Japan,10323.0877192982
2007,Kingdom Hearts II: Final Mix +,PS2,25,257963,257963,Japan,10318.52
2016,Mario Kart,3DS,266,139758,2731635,Japan,10269.3045112782
2009,Tales of VS.,PSP,22,223080,223080,Japan,10140
2011,Nintendogs + cats,3DS,45,454663,454663,Japan,10103.6222222222
2010,White Knight Chronicles II,PS3,26,262254,262254,Japan,10086.6923076923
2010,Red Dead Redemption,PS3,13,130772,130772,Japan,10059.3846153846
2014,Psycho Break,PS3,10,100577,100577,Japan,10057.7
2010,Dead Rising 2,PS3,14,140756,140756,Japan,10054
2007,Zaidan Houjin Nippon Kanji Nouryoko Kentei Kyoukai Kounin: KanKen DS,DS,66,327388,663226,Japan,10048.8787878788
2008,Mario & Sonic at the Olympic Games,Wii,59,222206,592872,Japan,10048.6779661017
2008,Warriors Orochi 2 (JP sales),PS2,40,400973,400973,Japan,10024.325
2012,Kirby's Dream Collection: Special Edition,Wii,24,240181,240181,Japan,10007.5416666667
2011,Dynasty Warriors 7: Xtreme Legends,PS3,14,139830,139830,Japan,9987.85714285714
2007,Monster Hunter Freedom,PSP,103,167445,1028189,Japan,9982.41747572816
2011,Taiko no Tatsujin Portable DX,PSP,25,249168,249168,Japan,9966.72
2008,Professor Layton and the Curious Village,DS,99,201933,981934,Japan,9918.52525252525
2016,Tomodachi Life,3DS,195,103365,1924068,Japan,9867.01538461538
2012,Resident Evil: Operation Raccoon City,PS3,36,355030,355030,Japan,9861.94444444445
2013,Earth Defense Force 4,PS3,27,265962,265962,Japan,9850.44444444445
2013,One Piece: Pirate Warriors 2,PS3,42,413462,413462,Japan,9844.33333333333
2007,The Legend of Zelda: Twilight Princess,Wii,57,268405,558407,Japan,9796.61403508772
2012,Just Dance Wii 2,Wii,23,224667,224667,Japan,9768.13043478261
2015,The Legend of Zelda: Majora's Mask 3D,3DS,47,458882,458882,Japan,9763.44680851064
2009,Puyo Puyo 7,DS,23,224547,224547,Japan,9762.91304347826
2008,Gran Turismo 5 Prologue,PS3,56,382005,545382,Japan,9738.96428571429
2015,Tokyo Xanadu,PSV,14,135882,135882,Japan,9705.85714285714
2010,Jikkyou Powerful Pro Yakyuu 2010,PS3,25,242071,242071,Japan,9682.84
2011,Jikkyou Powerful Pro Yakyuu 2011,PS3,25,241795,241795,Japan,9671.8
2011,Ninokuni: Shikkoku no Madoushi,DS,56,144749,539938,Japan,9641.75
2016,Mario Kart Wii U,WiiU,136,122629,1307474,Japan,9613.77941176471
2016,Ace Attorney 6,3DS,30,288274,288274,Japan,9609.13333333333
2010,Art Academy,DS,29,275908,275908,Japan,9514.06896551724
2012,Mario Tennis,3DS,32,304177,304177,Japan,9505.53125
2007,Phoenix Wright: Ace Attorney - Trials and Tribulations,DS,19,180494,180494,Japan,9499.68421052631
2016,Dragon Ball: Fusions,3DS,22,208939,208939,Japan,9497.22727272727
2013,Metal Gear Rising: Revengeance,PS3,46,436510,436510,Japan,9489.34782608696
2007,Donkey Kong Jungle Climber,DS,21,197984,197984,Japan,9427.80952380952
2015,7th Dragon III Code: VFD,3DS,12,112670,112670,Japan,9389.16666666667
2009,Ace Attorney Investigations: Miles Edgeworth,DS,32,299439,299439,Japan,9357.46875
2016,Minecraft,WiiU,28,261556,261556,Japan,9341.28571428571
2016,Dragon Quest Heroes II: Twin Kings and the Prophecy's End,PS4,32,298126,298126,Japan,9316.4375
2012,Persona 4: Arena,PS3,23,213732,213732,Japan,9292.69565217391
2014,Knack,PS4,45,418099,418099,Japan,9291.08888888889
2007,J-League Pro Soccer Club o Tsukurou! 5,PS2,20,185809,185809,Japan,9290.45
2007,Momotarou Dentetsu DS: Tokyo & Japan,DS,36,334386,334386,Japan,9288.5
2012,Tohoku Daigaku Karei Igaku Kenkyuusho - Kawashima Ryuuta Kyouju Kanshuu - Mono Sugoku Nou o Kitaeru 5-Funkan no Oni Training,3DS,23,213591,213591,Japan,9286.5652173913
2018,The Legend of Heroes: Trails of Cold Steel IV,PS4,14,129771,129771,Japan,9269.35714285714
2007,Mario vs. Donkey Kong 2: March of the Minis,DS,38,352030,352030,Japan,9263.94736842105
2013,Gundam Breaker,PS3,28,258980,258980,Japan,9249.28571428571
2018,Yo-kai Watch Busters 2: Legend of the Secret Treasure Banbarayar - Sword/Magnum,3DS,55,109119,508050,Japan,9237.27272727273
2010,Eiyuu Densetsu: Zero no Kiseki,PSP,14,128760,128760,Japan,9197.14285714286
2011,Biohazard: Revival Selection,PS3,17,156142,156142,Japan,9184.82352941176
2011,Inazuma Eleven Strikers,Wii,25,229254,229254,Japan,9170.16
2015,Puzzle & Dragons Z + Super Mario Bros. Edition,3DS,36,329618,329618,Japan,9156.05555555555
2018,Disaster Report 4 Plus: Summer Memories,PS4,6,54915,54915,Japan,9152.5
2017,Mario Kart,3DS,318,176751,2908386,Japan,9145.8679245283
2017,New Super Mario Bros. 2,3DS,284,69811,2588409,Japan,9114.1161971831
2017,Everybody's Golf,PS4,18,162645,162645,Japan,9035.83333333333
2012,Dai-2-Ji Super Robot Taisen Z Saisei-hen,PSP,39,352062,352062,Japan,9027.23076923077
2008,Jikkyou Powerful Pro Yakyuu 15,PS2,24,216506,216506,Japan,9021.08333333333
2016,World of Final Fantasy,PSV,10,90205,90205,Japan,9020.5
2018,Project Octopath Traveler,NS,25,225118,225118,Japan,9004.72
2009,Tales of the World: Radiant Mythology 2,PSP,37,332961,332961,Japan,8998.94594594595
2010,Resident Evil 5,PS3,96,363579,861636,Japan,8975.375
2007,Kenkou Ouen Recipe 1000: DS Kondate Zenshuu,DS,56,299534,501115,Japan,8948.48214285714
2012,Kobitodzukan: Kobito Kansatsu Set,3DS,23,205764,205764,Japan,8946.26086956522
2013,Call of Duty: Black Ops II,PS3,59,180998,527819,Japan,8946.08474576271
2016,World of Final Fantasy,PS4,10,89428,89428,Japan,8942.8
2007,Final Fantasy Tactics: The War of the Lions,PSP,34,303412,303412,Japan,8923.88235294118
2014,Jikkyou Powerful Pro Yakyuu 2014,PSV,10,89023,89023,Japan,8902.3
2007,Super Robot Taisen W,DS,34,302640,302640,Japan,8901.17647058824
2016,Rhythm Heaven: The Best+,3DS,82,96356,729024,Japan,8890.53658536585
2007,The World Ends With You,DS,23,204047,204047,Japan,8871.60869565217
2007,Big Brain Academy: Wii Degree,Wii,36,318100,318100,Japan,8836.11111111111
2017,The Legend of Heroes: Trails of Cold Steel III,PS4,14,123564,123564,Japan,8826
2012,New Art Academy,3DS,16,141212,141212,Japan,8825.75
2010,Tales of Phantasia: Narikiri Dungeon X,PSP,22,193836,193836,Japan,8810.72727272727
2017,Shin Megami Tensei: Strange Journey Redux,3DS,10,87728,87728,Japan,8772.8
2017,NieR Automata,PS4,45,394496,394496,Japan,8766.57777777778
2014,Persona Q: Shadow of the Labyrinth,3DS,30,262909,262909,Japan,8763.63333333333
2007,Kotoba no Puzzle: Mojipittan DS,DS,42,367471,367471,Japan,8749.30952380952
2013,Pikmin 3,WiiU,26,227166,227166,Japan,8737.15384615385
2011,J-League Pro Soccer Club o Tsukurou! 7 Euro Plus,PSP,22,192072,192072,Japan,8730.54545454545
2014,Dragon Ball Heroes: Ultimate Mission 2,3DS,21,183311,183311,Japan,8729.09523809524
2012,Inazuma Eleven GO,3DS,55,192384,476222,Japan,8658.58181818182
2014,Toukiden Extreme,PSV,18,155734,155734,Japan,8651.88888888889
2013,Tales of Symphonia: Chronicles,PS3,13,112415,112415,Japan,8647.30769230769
2013,Toukiden,PSV,28,239702,239702,Japan,8560.78571428571
2012,Persona 4: The Golden,PSV,29,248242,248242,Japan,8560.06896551724
2016,Dark Souls III,PS4,41,348690,348690,Japan,8504.63414634146
2014,The Legend of Heroes: Sen no Kiseki II,PSV,14,118877,118877,Japan,8491.21428571429
2018,Pro Evolution Soccer 2019,PS4,18,152133,152133,Japan,8451.83333333333
2014,World Soccer Winning Eleven 2014,PS3,59,215929,498314,Japan,8446
2017,Pro Evolution Soccer 2018,PS4,16,134865,134865,Japan,8429.0625
2013,Dragon's Dogma,PS3,85,225413,715954,Japan,8422.98823529412
2011,pro evolution soccer 2011,PS3,62,135836,521439,Japan,8410.3064516129
2012,Kingdom Hearts 3D: Dream Drop Distance,3DS,40,335508,335508,Japan,8387.7
2012,Pokemon + Nobunaga no Yabou,DS,42,351523,351523,Japan,8369.59523809524
2014,Dark Souls II,PS3,42,348592,348592,Japan,8299.80952380952
2007,Grand Theft Auto: San Andreas,PS2,49,406032,406032,Japan,8286.36734693878
2013,Super Smash Bros. Brawl,Wii,310,113763,2557283,Japan,8249.3
2017,MineCraft,PSV,146,187239,1203445,Japan,8242.77397260274
2011,Phantasy Star Portable 2: Infinity,PSP,45,370646,370646,Japan,8236.57777777778
2011,Toriko: Gourmet Survival!,PSP,22,180598,180598,Japan,8209
2014,Dragon Quest X: Mezameshi Itsutsu no Shuzoku Online,3DS,17,138780,138780,Japan,8163.52941176471
2014,The Legend of Zelda: A Link Between Worlds,3DS,53,135948,432174,Japan,8154.22641509434
2013,Inazuma Eleven Go 2: Chrono Stone,3DS,56,144603,456052,Japan,8143.78571428571
2015,Tales of Zesteria,PS3,50,406780,406780,Japan,8135.6
2013,The Legend of Heroes: Sen no Kiseki,PSV,15,121842,121842,Japan,8122.8
2016,Pro Evolution Soccer 2017,PS4,16,129784,129784,Japan,8111.5
2014,Destiny,PS4,16,129773,129773,Japan,8110.8125
2012,Kid Icarus: Uprising,3DS,41,332051,332051,Japan,8098.80487804878
2018,Mario Kart,3DS,370,88116,2996502,Japan,8098.65405405405
2007,Moero! Nekketsu Rhythm Damashii: Osu! Tatakae! Ouendan! 2,DS,33,266955,266955,Japan,8089.54545454545
2015,Grand Theft Auto V,PS3,117,85480,942607,Japan,8056.47008547009
2013,Shin Megami Tensei IV,3DS,33,265806,265806,Japan,8054.72727272727
2017,.hack//G.U. Last Recode,PS4,9,72369,72369,Japan,8041
2008,Devil May Cry 4,PS3,39,312651,312651,Japan,8016.69230769231
2016,Persona 5,PS3,16,127433,127433,Japan,7964.5625
2012,Tokyo Jungle,PS3,30,238785,238785,Japan,7959.5
2008,Tales of Vesperia,X360,22,174507,174507,Japan,7932.13636363636
2012,Digimon World Re:Digitize,PSP,24,189888,189888,Japan,7912
2008,Mario & Sonic at the Olympic Games,DS,51,403186,403186,Japan,7905.60784313726
2011,Professor Layton and the Mask of Miracle,3DS,45,354783,354783,Japan,7884.06666666667
2008,Mario Super Sluggers,Wii,29,228496,228496,Japan,7879.1724137931
2008,Tales of Symphonia: Dawn of the New World,Wii,28,219942,219942,Japan,7855.07142857143
2014,Taiko Drum Master: Don and Katsu's Space-Time Great Adventure,3DS,27,211603,211603,Japan,7837.14814814815
2008,Taiko no Tatsujin DS: Touch de Dokodon!,DS,76,252044,594962,Japan,7828.44736842105
2013,The Last of Us,PS3,29,226941,226941,Japan,7825.55172413793
2017,Resident Evil VII: Biohazard,PS4,49,380982,380982,Japan,7775.14285714286
2016,Dragon Quest Heroes II: Twin Kings and the Prophecy's End,PSV,32,247758,247758,Japan,7742.4375
2014,Kidou Senshi Gundam: Extreme VS Full Boost,PS3,48,371385,371385,Japan,7737.1875
2012,Call of Duty: Modern Warfare 3,PS3,59,140790,456349,Japan,7734.72881355932
2008,Ganbaru Watashi no Kakei Diary,DS,78,194412,600127,Japan,7693.9358974359
2015,God Eater 2: Rage Burst,PSV,46,353635,353635,Japan,7687.71739130435
2016,Story of Seasons: Good Friends of the Three Villages,3DS,28,214789,214789,Japan,7671.03571428571
2011,SD Gundam G Generation World,PSP,45,343096,343096,Japan,7624.35555555556
2015,Monster Hunter Diary: Poka Poka Airou Village DX,3DS,17,129453,129453,Japan,7614.88235294118
2016,Super Smash Bros. Next,WiiU,109,99585,829611,Japan,7611.11009174312
2015,Dragon Quest Heroes,PS4,45,342091,342091,Japan,7602.02222222222
2011,Jikkyou Powerful Pro Yakyuu 2011,PSP,25,189547,189547,Japan,7581.88
2017,1-2-Switch,NS,44,333185,333185,Japan,7572.38636363636
2009,Penguin no Mondai X: Tenkuu no 7 Senshi,DS,24,180723,180723,Japan,7530.125
2012,Dark Souls,PS3,67,124775,503793,Japan,7519.29850746269
2010,Harvest Moon: The Tale of Two Towns,DS,26,195437,195437,Japan,7516.80769230769
2009,Magician's Quest: Mysterious Times,DS,60,173189,449759,Japan,7495.98333333333
2008,Kidou Senshi Gundam: Giren no Yabou - Axis no Kyoui,PSP,21,156902,156902,Japan,7471.52380952381
2014,Zettai Zetsubou Shoujo: Dangan-Ronpa - Another Episode,PSV,14,104484,104484,Japan,7463.14285714286
2013,Dynasty Warriors 8,PS3,45,335295,335295,Japan,7451
2013,Taiko no Tatsujin: Chibi Dragon to Fushigi na Orb,3DS,78,235743,579526,Japan,7429.82051282051
2015,Famista Returns,3DS,13,96318,96318,Japan,7409.07692307692
2012,Musou Orochi 2,PS3,54,124936,398723,Japan,7383.75925925926
2015,Kirby: Triple Deluxe,3DS,104,85535,765407,Japan,7359.68269230769
2015,PriPara Mezase! Idol Grand Prix No.1!,3DS,11,80868,80868,Japan,7351.63636363636
2010,Ace Combat: Joint Assault,PSP,19,139505,139505,Japan,7342.36842105263
2014,Sword Art Online: Hollow Fragment,PSV,36,264069,264069,Japan,7335.25
2012,Rune Factory 4,3DS,24,175967,175967,Japan,7331.95833333333
2018,FIFA 19,PS4,14,102505,102505,Japan,7321.78571428571
2018,Nintendo Labo: Toy-Con 01 Variety Kit,NS,37,270203,270203,Japan,7302.78378378378
2015,Pro Evolution Soccer 2016,PS3,16,116800,116800,Japan,7300
2018,Donkey Kong Country: Tropical Freeze,NS,35,255485,255485,Japan,7299.57142857143
2017,Mario Kart Wii U,WiiU,188,63763,1371237,Japan,7293.81382978723
2009,Star Ocean: The Last Hope,X360,29,210318,210318,Japan,7252.34482758621
2018,Assassin's Creed Odyssey,PS4,13,94199,94199,Japan,7246.07692307692
2011,Black * Rock Shooter: The Game,PSP,19,137398,137398,Japan,7231.47368421053
2013,Tousouchuu: Shijou Saikyou no Hunter-Tachi Kara Nigekire!,3DS,79,221650,569426,Japan,7207.92405063291
2009,Meccha! Taiko no Tatsujin Master DS: 7-tsu no Shima no Daibouken,DS,89,158664,641373,Japan,7206.43820224719
2017,Momotaro Dentetsu 2017: Tachiagare Nippon!!,3DS,54,180103,388983,Japan,7203.38888888889
2017,FIFA 18,PS4,14,100766,100766,Japan,7197.57142857143
2011,Tongari Boushi to Mahou no Otana,DS,60,149264,431292,Japan,7188.2
2012,Gran Turismo 5,PS3,110,149551,786221,Japan,7147.46363636364
2018,Jikkyou Powerful Pro Baseball 2018,PS4,36,256834,256834,Japan,7134.27777777778
2011,Samurai Warriors 3Z,PS3,47,334517,334517,Japan,7117.3829787234
2009,Final Fantasy Crystal Chronicles: Echoes of Time,DS,38,270424,270424,Japan,7116.42105263158
2011,One Piece Unlimited Cruise SP,3DS,32,227119,227119,Japan,7097.46875
2010,Jikkyou Powerful Pro Yakyuu 2010,PSP,25,176856,176856,Japan,7074.24
2008,Link's Crossbow Training,Wii,36,252765,252765,Japan,7021.25
2012,Jikkyou Powerful Pro Yakyuu 2012,PS3,24,168472,168472,Japan,7019.66666666667
2015,Picross 3D 2,3DS,14,98144,98144,Japan,7010.28571428571
2017,Gundam Versus,PS4,26,182151,182151,Japan,7005.80769230769
2016,FIFA 17,PS4,14,97808,97808,Japan,6986.28571428571
2017,Kirby: Planet Robobot,3DS,88,91875,611268,Japan,6946.22727272727
2018,Captain Toad: Treasure Tracker,NS,25,172626,172626,Japan,6905.04
2017,Yakuza 6,PS4,56,68086,381630,Japan,6814.82142857143
2010,Taiko no Tatsujin Wii: Dodon to 2 Yome!,Wii,59,154266,399859,Japan,6777.27118644068
2013,Nintendo Land,WiiU,57,177202,386288,Japan,6776.98245614035
2013,Dragon's Crown,PS3,24,161917,161917,Japan,6746.54166666667
2007,Chibi-Robo! Park Patrol,DS,26,174192,174192,Japan,6699.69230769231
2014,Persona 4 Arena Ultimax,PS3,18,120505,120505,Japan,6694.72222222222
2013,Fantasy Life,3DS,54,235434,361382,Japan,6692.25925925926
2009,Monster Hunter G,Wii,37,246680,246680,Japan,6667.02702702703
2012,Nintendogs + cats,3DS,97,191804,646467,Japan,6664.60824742268
2007,Dynasty Warriors Gundam,PS3,44,293211,293211,Japan,6663.88636363636
2012,Little Battlers eXperience: Explosive Boost,3DS,26,173224,173224,Japan,6662.46153846154
2008,Ryu Ga Gotoku Kenzan!,PS3,44,291175,291175,Japan,6617.61363636364
2012,Devil Summoner: Soul Hackers,3DS,18,119016,119016,Japan,6612
2014,Destiny,PS3,16,105573,105573,Japan,6598.3125
2011,Fishing Resort,Wii,22,144954,144954,Japan,6588.81818181818
2016,Tales of Berseria,PS3,20,131555,131555,Japan,6577.75
2014,The Legend of Heroes: Sen no Kiseki II,PS3,14,92053,92053,Japan,6575.21428571429
2017,Hey! Pikmin,3DS,25,164029,164029,Japan,6561.16
2018,Call of Duty: WWII,PS4,61,60737,399068,Japan,6542.09836065574
2011,Call of Duty: Black Ops,PS3,59,161600,385839,Japan,6539.64406779661
2010,World Soccer Winning Eleven 2010: Aoki Samurai no Chousen,PS3,33,215151,215151,Japan,6519.72727272727
2017,The Evil Within II,PS4,11,71540,71540,Japan,6503.63636363636
2007,Wario: Master of Disguise,DS,50,324878,324878,Japan,6497.56
2008,Fossil Fighters (JP sales),DS,38,245548,245548,Japan,6461.78947368421
2014,Shingeki no Kyojin ~Hangeki no Tsubasa~,3DS,56,176427,361350,Japan,6452.67857142857
2011,Sengoku Basara: Chronicle Heroes,PSP,24,152645,152645,Japan,6360.20833333333
2010,Love Plus +,DS,28,177623,177623,Japan,6343.67857142857
2007,.hack//G.U. Vol.3//Redemption,PS2,27,171236,171236,Japan,6342.07407407407
2014,Metal Gear Solid V: Ground Zeroes,PS3,41,259502,259502,Japan,6329.31707317073
2009,Hatsune Miku: Project Diva,PSP,27,170873,170873,Japan,6328.62962962963
2016,Dragon Quest Builders: Revive Alefgard,PSV,49,309225,309225,Japan,6310.71428571429
2009,Super Robot Taisen K,DS,33,207169,207169,Japan,6277.84848484848
2011,Pro Yakyuu Spirits 2011,PSP,38,238110,238110,Japan,6266.05263157895
2007,Pro Yakyuu Spirits 4,PS2,30,187899,187899,Japan,6263.3
2017,Final Fantasy XII: The Zodiac Age,PS4,25,156331,156331,Japan,6253.24
2012,Taiko no Tatsujin Wii: Ketteiban,Wii,58,188161,362439,Japan,6248.94827586207
2011,Steins;Gate,PSP,28,174967,174967,Japan,6248.82142857143
2017,Dragon Ball Heroes: Ultimate Mission X,3DS,36,224415,224415,Japan,6233.75
2016,Etrian Odyssey V,3DS,22,136758,136758,Japan,6216.27272727273
2012,Etrian Odyssey IV,3DS,26,160717,160717,Japan,6181.42307692308
2008,Deca Sports,Wii,42,259445,259445,Japan,6177.2619047619
2009,Sloane to MacHale no Nazo no Monogatari,DS,33,203604,203604,Japan,6169.81818181818
2015,Bloodborne,PS4,41,252008,252008,Japan,6146.53658536585
2017,City Shrouded in Shadow,PS4,11,67496,67496,Japan,6136
2008,Gundam Musou Special,PS2,45,275691,275691,Japan,6126.46666666667
2007,Hotel Dusk: Room 215,DS,36,220314,220314,Japan,6119.83333333333
2014,Sengoku Musou 4,PS3,41,250734,250734,Japan,6115.46341463415
2012,Resident Evil: Revelations,3DS,49,299597,299597,Japan,6114.22448979592
2017,Fortune Street: Dragon Quest & Final Fantasy 30th Anniversary,PS4,11,67211,67211,Japan,6110.09090909091
2009,Kidou Senshi Gundam: Senjou no Kizuna Portable,PSP,29,176676,176676,Japan,6092.27586206897
2018,WarioWare Gold,3DS,22,133565,133565,Japan,6071.13636363636
2013,Dragon Ball Heroes: Ultimate Mission,3DS,45,271403,271403,Japan,6031.17777777778
2013,Toukiden,PSP,28,168863,168863,Japan,6030.82142857143
2007,Picross DS,DS,49,293994,293994,Japan,5999.87755102041
2011,Tales of the World: Radiant Mythology 3,PSP,47,281721,281721,Japan,5994.06382978723
2016,Call of Duty: Black Ops 3,PS4,61,100406,365133,Japan,5985.7868852459
2014,Hyrule Warriors,WiiU,20,119562,119562,Japan,5978.1
2008,Super Robot Taisen A Portable,PSP,29,172666,172666,Japan,5954
2008,The Legendary Starfy,DS,26,154067,154067,Japan,5925.65384615385
2014,Final Fantasy X / X-2 HD Remaster,PS3,53,87600,313739,Japan,5919.60377358491
2015,Girls Mode 3: Kirakira Code,3DS,38,224520,224520,Japan,5908.42105263158
2015,Pro Evolution Soccer 2016,PS4,16,94422,94422,Japan,5901.375
2009,Okaeri! Chibi-Robo! Happy Richie Oosouji,DS,24,141621,141621,Japan,5900.875
2013,Resident Evil: Revelations,PS3,33,194482,194482,Japan,5893.39393939394
2016,Mario & Sonic at the Rio 2016 Olympic Games,3DS,46,271013,271013,Japan,5891.58695652174
2009,Momotarou Dentetsu 20-Shuunen,DS,55,140731,322826,Japan,5869.56363636364
2009,Pro Yakyuu Spirits 6,PS3,25,146599,146599,Japan,5863.96
2009,Dragon Ball Z: Attack of the Saiyans,DS,36,210942,210942,Japan,5859.5
2014,Oreshika: Tainted Bloodlines,PSV,24,139944,139944,Japan,5831
2010,Pro Yakyuu Spirits 2010,PSP,40,232464,232464,Japan,5811.6
2014,3rd Super Robot Wars Z Jigoku Hen,PS3,38,219322,219322,Japan,5771.63157894737
2016,Sumikko Gurashi: Mura o Tsukurundesu,3DS,24,138422,138422,Japan,5767.58333333333
2018,Arms,NS,81,145541,467012,Japan,5765.58024691358
2008,Tales of Destiny,PS2,91,155439,523889,Japan,5757.02197802198
2010,Lost Planet 2,PS3,33,189871,189871,Japan,5753.66666666667
2008,Karaoke Joysound Wii,Wii,29,166754,166754,Japan,5750.13793103448
2011,Wii Play: Motion,Wii,26,149488,149488,Japan,5749.53846153846
2012,Mario & Sonic at the London 2012 Olympic Games,3DS,44,252473,252473,Japan,5738.02272727273
2010,Tokimeki Memorial Girl's Side 3rd Story,DS,28,160080,160080,Japan,5717.14285714286
2017,Dragon Ball: Xenoverse 2,NS,17,97171,97171,Japan,5715.94117647059
2011,Atelier Meruru: Alchemist of Arland 3,PS3,28,159954,159954,Japan,5712.64285714286
2013,Kamen Rider: Battride War,PS3,33,187859,187859,Japan,5692.69696969697
2016,Uncharted (PS4),PS4,34,193394,193394,Japan,5688.05882352941
2010,Call of Duty: Modern Warfare 2,PS3,56,138129,317733,Japan,5673.80357142857
2014,Yakuza: Ishin,PS3,45,254819,254819,Japan,5662.64444444444
2013,Style Savvy: Trendsetters,3DS,67,119739,378953,Japan,5656.01492537313
2008,Dragon Ball Z: Burst Limit,PS3,31,175059,175059,Japan,5647.06451612903
2017,Fire Emblem Echoes: Shadows of Valentia,3DS,37,207541,207541,Japan,5609.21621621622
2013,Kingdom Hearts,PS3,43,240964,240964,Japan,5603.81395348837
2012,Super Dangan-Ronpa 2: Sayonara Zetsubou Gakuen,PSP,23,128878,128878,Japan,5603.39130434783
2014,Love Live! School Idol Paradise,PSV,18,100524,100524,Japan,5584.66666666667
2017,Destiny 2,PS4,17,94537,94537,Japan,5561
2010,Sengoku Basara: Samurai Heroes,Wii,23,127622,127622,Japan,5548.78260869565
2017,Mario & Luigi Superstar Saga + Bowser's Minions,3DS,13,72077,72077,Japan,5544.38461538462
2007,Nounai Aeshe: IQ Suppli DS,DS,54,214631,296988,Japan,5499.77777777778
2014,Harvest Moon: Linking The New World,3DS,44,241958,241958,Japan,5499.04545454545
2015,Yakuza 0,PS3,43,236359,236359,Japan,5496.72093023256
2018,Pro Yakyuu Famista Evolution,NS,22,120410,120410,Japan,5473.18181818182
2016,Jikkyou Powerful Pro Baseball 2016,PSV,36,196307,196307,Japan,5452.97222222222
2015,Sengoku Basara 4: Sumeragi,PS3,16,87143,87143,Japan,5446.4375
2008,Pro Yakyuu Team o Tsukurou!,DS,33,179684,179684,Japan,5444.9696969697
2016,Toukiden 2,PSV,23,125121,125121,Japan,5440.04347826087
2007,Digimon World: Dawn / Dusk,DS,34,184744,184744,Japan,5433.64705882353
2013,Professor Layton and the Legacy of Civilization A,3DS,45,244357,244357,Japan,5430.15555555556
2017,Layton's Mystery Journey: Katrielle and the Millionaire's Conspiracy,3DS,27,146546,146546,Japan,5427.62962962963
2015,Taiko no Tatsujin: V Version,PSV,18,97675,97675,Japan,5426.38888888889
2009,WarioWare D.I.Y.,DS,36,194962,194962,Japan,5415.61111111111
2017,Great Phoenix Wright: Ace Attorney 2 - Naruhodou Ryuunosuke no Kakugo,3DS,22,118665,118665,Japan,5393.86363636364
2009,7th Dragon,DS,25,134481,134481,Japan,5379.24
2014,Sentouchu: Densetsu no Shinobi to Survival Battle!,3DS,63,116300,337594,Japan,5358.63492063492
2012,Harvest Moon: The Land of Origin,3DS,45,240902,240902,Japan,5353.37777777778
2009,"Boku no Natsuyasumi 4: Seitouchi Shounen Tanteidan, Boku to Himitsu no Chizu",PSP,27,144224,144224,Japan,5341.62962962963
2017,Horizon: Zero Dawn,PS4,44,235022,235022,Japan,5341.40909090909
2009,Musou Orochi Z,PS3,43,229410,229410,Japan,5335.11627906977
2014,Sengoku Basara 4,PS3,49,260787,260787,Japan,5322.18367346939
2011,Final Fantasy IV: The Complete Collection,PSP,41,217976,217976,Japan,5316.48780487805
2012,Nayuta no Kiseki,PSP,23,122263,122263,Japan,5315.78260869565
2015,Dragon Quest X: Mezameshi Itsutsu no Shuzoku Online,Wii,179,117439,949564,Japan,5304.82681564246
2009,Pro Yakyuu Spirits 6,PS2,25,132388,132388,Japan,5295.52
2007,Harvest Moon DS: Island of Happiness,DS,48,254014,254014,Japan,5291.95833333333
2015,Sword Art Online: Lost Song,PSV,41,215980,215980,Japan,5267.80487804878
2009,PES 2009: Pro Evolution Soccer,PS2,49,257722,257722,Japan,5259.63265306122
2009,Inazuma Eleven,DS,72,140048,378471,Japan,5256.54166666667
2007,Kekkaishi: Karasumori Ayakashi Kidan,DS,32,168061,168061,Japan,5251.90625
2014,Final Fantasy X / X-2 HD Remaster,PSV,53,87234,278122,Japan,5247.58490566038
2011,Battle andamp;amp; Get! Pokemon Typing DS,DS,37,193820,193820,Japan,5238.37837837838
2018,1-2-Switch,NS,96,164822,498007,Japan,5187.57291666667
2016,Overwatch,PS4,32,165326,165326,Japan,5166.4375
2016,Jikkyou Powerful Pro Baseball 2016,PS4,36,185130,185130,Japan,5142.5
2013,Sword Art Online: Infinity Moment,PSP,43,220837,220837,Japan,5135.74418604651
2015,The Witcher 3: Wild Hunt,PS4,33,169071,169071,Japan,5123.36363636364
2017,Fire Emblem Warriors,NS,14,71668,71668,Japan,5119.14285714286
2013,Warriors Orochi 3,PS3,107,148593,547240,Japan,5114.39252336449
2012,Go Vacation,Wii,63,136456,317831,Japan,5044.93650793651
2010,Xenoblade Chronicles,Wii,30,150884,150884,Japan,5029.46666666667
2011,Taiko no Tatsujin Wii: Minna de Party * 3-Yome!,Wii,57,137933,285867,Japan,5015.21052631579
2010,Pro Yakyuu Spirits 2010,PS3,40,200577,200577,Japan,5014.425
2013,Soul Sacrifice,PSV,44,220098,220098,Japan,5002.22727272727
2009,Power Pro Kun Pocket 11,DS,55,132337,275027,Japan,5000.49090909091
2017,Tom Clancy's Ghost Recon Wildlands,PS4,43,214685,214685,Japan,4992.67441860465
2009,Sengoku Basara: Battle Heroes,PSP,39,193582,193582,Japan,4963.64102564103
2010,Atelier Totori: The Adventurer of Arland,PS3,28,138264,138264,Japan,4938
2012,Armored Core V,PS3,49,241781,241781,Japan,4934.30612244898
2008,Active Life: Outdoor Challenge,Wii,32,157539,157539,Japan,4923.09375
2015,Persona 4: Dancing All Night,PSV,28,137608,137608,Japan,4914.57142857143
2018,Dragon Ball FighterZ,NS,14,68552,68552,Japan,4896.57142857143
2010,Resonance of Fate,PS3,49,239800,239800,Japan,4893.87755102041
2015,Dragon Ball Z: Extreme Butouden,3DS,30,146246,146246,Japan,4874.86666666667
2008,Zaidan Houjin Nippon Kanji Nouryoku Kentei Kyoukai Kounin: KanKen DS 2 + Jouyou Kanji Jiten,DS,67,222333,326291,Japan,4870.01492537313
2015,Mario Party 10,WiiU,43,207676,207676,Japan,4829.67441860465
2013,Etrian Odyssey: Millennium Girl,3DS,28,135148,135148,Japan,4826.71428571429
2008,Star Ocean: Second Evolution,PSP,33,158904,158904,Japan,4815.27272727273
2010,Super Street Fighter IV,PS3,36,172985,172985,Japan,4805.13888888889
2014,3rd Super Robot Wars Z Jigoku Hen,PSV,38,182298,182298,Japan,4797.31578947368
2013,Dragon's Crown,PSV,24,115055,115055,Japan,4793.95833333333
2016,Dragon Quest Builders: Revive Alefgard,PS4,49,234063,234063,Japan,4776.79591836735
2018,Etrian Odyssey X,3DS,22,105030,105030,Japan,4774.09090909091
2011,Ace Attorney Investigations 2,DS,48,228945,228945,Japan,4769.6875
2016,The Idolmaster: Platinum Stars,PS4,23,109620,109620,Japan,4766.08695652174
2011,pro evolution soccer 2011,PSP,59,163570,280283,Japan,4750.5593220339
2009,Dynasty Warriors 6 Empires,PS3,32,151971,151971,Japan,4749.09375
2018,Pokken Tournament,NS,67,128107,316997,Japan,4731.29850746269
2008,Tottadoo! Yoiko no Mujintou Seikatsu,DS,40,189173,189173,Japan,4729.325
2017,Dark Souls III,PS4,93,90440,439130,Japan,4721.82795698925
2008,Etrian Odyssey II: Heroes of Lagaard,DS,34,160213,160213,Japan,4712.14705882353
2018,Conan Exiles,PS4,19,89471,89471,Japan,4709
2011,Pro Yakyuu Spirits 2011,PS3,38,178733,178733,Japan,4703.5
2017,Minecraft,WiiU,80,114376,375932,Japan,4699.15
2012,Kurohyou 2: Ryu ga Gotoku Ashura Hen,PSP,41,192592,192592,Japan,4697.36585365854
2014,J-Stars Victory Vs.,PS3,41,192112,192112,Japan,4685.65853658537
2007,SimCity DS,DS,45,210187,210187,Japan,4670.82222222222
2008,Pro Evolution Soccer 2008,PSP,41,191089,191089,Japan,4660.70731707317
2013,Pro Yakyuu Spirits 2013,PS3,42,195161,195161,Japan,4646.69047619048
2012,Shining Blade,PSP,42,194722,194722,Japan,4636.2380952381
2012,Pro Yakyuu Spirits 2012,PSP,40,184332,184332,Japan,4608.3
2012,Atelier Ayesha: The Alchemist of the Land of Twilight,PS3,27,124232,124232,Japan,4601.18518518519
2010,World Soccer Winning Eleven 2010: Aoki Samurai no Chousen,PSP,33,151666,151666,Japan,4595.93939393939
2018,Mario Party: The Top 100,3DS,53,193256,243379,Japan,4592.05660377359
2016,Dragon Quest Heroes II: Twin Kings and the Prophecy's End,PS3,32,146742,146742,Japan,4585.6875
2015,Bravely Second,3DS,37,169394,169394,Japan,4578.21621621622
2012,Pro Evolution Soccer 2012,PSP,61,116432,277888,Japan,4555.54098360656
2011,Patapon 3,PSP,36,163720,163720,Japan,4547.77777777778
2016,Mario & Sonic at the Rio 2016 Olympic Games,WiiU,28,127069,127069,Japan,4538.17857142857
2014,Pokemon Art Academy,3DS,28,127023,127023,Japan,4536.53571428571
2013,Pro Yakyuu Spirits 2013,PSP,42,190194,190194,Japan,4528.42857142857
2012,Pro Yakyuu Spirits 2012,PS3,40,180971,180971,Japan,4524.275
2010,Monster Hunter Frontier Online,X360,28,126287,126287,Japan,4510.25
2010,Etrian Odyssey III: The Drowned City,DS,40,179645,179645,Japan,4491.125
2009,Shin Megami Tensei: Devil Survivor,DS,27,120442,120442,Japan,4460.81481481481
2017,Miitopia,3DS,56,124711,249778,Japan,4460.32142857143
2016,Ys VIII: Lacrimosa of Dana,PSV,24,107001,107001,Japan,4458.375
2016,Kan Colle Kai,PSV,46,205029,205029,Japan,4457.15217391304
2012,Culdcept,3DS,27,119945,119945,Japan,4442.40740740741
2009,The Idolm@ster SP: Wandering Star / Perfect Sun / Missing Moon,PSP,46,204275,204275,Japan,4440.76086956522
2012,Toriko: Gourmet Survival!,PSP,74,154348,328240,Japan,4435.67567567568
2014,Kaseki Horider: Mugen Gear,3DS,44,194470,194470,Japan,4419.77272727273
2015,Grand Theft Auto V,PS4,56,133123,246450,Japan,4400.89285714286
2018,Mario + Rabbids Kingdom Battle,NS,50,219162,219162,Japan,4383.24
2013,New Super Luigi U,WiiU,26,113925,113925,Japan,4381.73076923077
2008,Pro Yakyuu Spirits 5,PS2,40,175128,175128,Japan,4378.2
2016,Pokken Tournament,WiiU,42,182078,182078,Japan,4335.19047619048
2010,NieR,PS3,37,159930,159930,Japan,4322.43243243243
2009,New Play Control! Mario Power Tennis,Wii,51,220425,220425,Japan,4322.05882352941
2018,Dark Souls: Remastered,PS4,32,138232,138232,Japan,4319.75
2013,Dragon Quest X,WiiU,41,176685,176685,Japan,4309.39024390244
2015,One Piece: Kaizoku Musou 3,PS3,41,176550,176550,Japan,4306.09756097561
2015,3rd Super Robot Wars Z: Tengoku-Hen,PSV,40,172100,172100,Japan,4302.5
2017,Dragon Quest Monsters: Joker 3 - Professional,3DS,47,201799,201799,Japan,4293.59574468085
2011,Catherine,PS3,46,197110,197110,Japan,4285
2018,Earth Defense Force 5,PS4,56,67941,239913,Japan,4284.16071428571
2013,Next Hatsune Miku: Project Diva,PS3,44,187559,187559,Japan,4262.70454545455
2010,Grand Theft Auto: Episodes from Liberty City,PS3,30,127350,127350,Japan,4245
2018,Hokuto ga Gotoku,PS4,43,182371,182371,Japan,4241.18604651163
2016,Toukiden 2,PS4,23,97476,97476,Japan,4238.08695652174
2018,Xenoblade Chronicles 2,NS,57,76696,240631,Japan,4221.59649122807
2008,Valkyria Chronicles,PS3,37,155263,155263,Japan,4196.2972972973
2014,Wagamama Fashion: GirlsMode - Yokubari Sengen!,3DS,118,115096,494049,Japan,4186.85593220339
2013,Summon Night 5,PSP,34,142112,142112,Japan,4179.76470588235
2013,Super Robot Wars UX,3DS,43,179031,179031,Japan,4163.51162790698
2013,Kuma-Tomo,3DS,29,119768,119768,Japan,4129.93103448276
2010,Kenka Banchou 4: Ichinen Sensou,PSP,45,185515,185515,Japan,4122.55555555556
2016,Taiko no Tatsujin: Don Don! Mystery Adventure,3DS,29,117768,117768,Japan,4060.96551724138
2012,Hatsune Miku and Future Stars: Project Mirai,3DS,43,174447,174447,Japan,4056.90697674419
2018,Fate/Extella Link,PS4,30,121569,121569,Japan,4052.3
2010,Gundam Assault Survive,PSP,42,169445,169445,Japan,4034.40476190476
2017,Ni-Oh,PS4,47,189561,189561,Japan,4033.21276595745
2008,SimCity Creator (JP sales),DS,42,168969,168969,Japan,4023.07142857143
2011,Samurai Warriors Chronicles,3DS,45,181000,181000,Japan,4022.22222222222
2014,J-Stars Victory Vs.,PSV,41,164576,164576,Japan,4014.0487804878
2015,Yoshi's Woolly World,WiiU,25,100169,100169,Japan,4006.76
2017,Kingdom Hearts HD 2.8 Final Chapter Prologue,PS4,51,204099,204099,Japan,4001.94117647059
2016,Star Ocean 5: Integrity and Faithlessness,PS4,40,159702,159702,Japan,3992.55
2018,FIFA 19,NS,14,55846,55846,Japan,3989
2018,Persona 5,PS4,120,52619,477921,Japan,3982.675
2016,Super Robot Wars OG: The Moon Dwellers,PS4,27,107368,107368,Japan,3976.59259259259
2010,Soccer Tsuku DS: World Challenge 2010,DS,32,126954,126954,Japan,3967.3125
2018,Nintendo Labo: Toy-Con 03 Vehicle Kit,NS,16,63313,63313,Japan,3957.0625
2008,Warriors Orochi,PSP,46,181073,181073,Japan,3936.36956521739
2011,Valkyria Chronicles III: Unrecorded Chronicles,PSP,49,192703,192703,Japan,3932.71428571429
2017,"Sumikko Gurashi: Koko, Dokonan Desu?",3DS,24,94109,94109,Japan,3921.20833333333
2013,Naruto Shippuden: Narutimate Storm 3,PS3,38,148883,148883,Japan,3917.97368421053
2014,Theatrhythm Final Fantasy: Curtain Call,3DS,36,140940,140940,Japan,3915
2014,Mario Golf: World Tour,3DS,35,135533,135533,Japan,3872.37142857143
2014,Wii Fit U,WiiU,48,115025,184877,Japan,3851.60416666667
2012,Theatrhythm: Final Fantasy,3DS,46,176383,176383,Japan,3834.41304347826
2018,Monster Hunter Double Cross,NS,71,67916,271692,Japan,3826.64788732394
2015,Dragon Ball Heroes: Ultimate Mission 2,3DS,74,98638,281949,Japan,3810.12162162162
2009,Jikkyou Powerful Pro Yakyuu 2009,PS2,40,152313,152313,Japan,3807.825
2018,Far Cry 5,PS4,40,152149,152149,Japan,3803.725
2010,Star Ocean: The Last Hope International,PS3,48,182531,182531,Japan,3802.72916666667
2014,Hatsune Miku: Project Diva F 2nd,PSV,40,152014,152014,Japan,3800.35
2009,Picross 3D,DS,43,162576,162576,Japan,3780.83720930233
2016,Grand Theft Auto V,PS4,108,159666,406116,Japan,3760.33333333333
2016,Tom Clancy's The Division,PS4,43,161630,161630,Japan,3758.83720930233
2011,Amagami,PSP,40,150086,150086,Japan,3752.15
2013,DMC,PS3,51,189299,189299,Japan,3711.74509803922
2014,The IdolM@ster: One for All,PS3,33,122052,122052,Japan,3698.54545454545
2014,Watch Dogs,PS4,27,99757,99757,Japan,3694.7037037037
2011,The Last Story,Wii,49,180972,180972,Japan,3693.30612244898
2015,Xenoblade Chronicles X,WiiU,36,131946,131946,Japan,3665.16666666667
2015,Super Run For Money Tousouchuu Atsumare! Saikyou no Tousou Monotachi,3DS,26,95285,95285,Japan,3664.80769230769
2018,Dynasty Warriors 9,PS4,47,171795,171795,Japan,3655.21276595745
2014,Mobile Suit Gundam Side Story: Missing Link,PS3,31,113290,113290,Japan,3654.51612903226
2007,Fire Emblem: Radiant Dawn,Wii,45,164319,164319,Japan,3651.53333333333
2018,Detroit: Become Human,PS4,32,116687,116687,Japan,3646.46875
2015,3rd Super Robot Wars Z: Tengoku-Hen,PS3,40,144584,144584,Japan,3614.6
2016,Disney Magic World 2,3DS,61,102703,220099,Japan,3608.18032786885
2015,Batman: Arkham Knight,PS4,25,90065,90065,Japan,3602.6
2016,Jikkyou Powerful Pro Baseball 2016,PS3,36,129466,129466,Japan,3596.27777777778
2009,Shin Megami Tensei: Persona,PSP,36,129316,129316,Japan,3592.11111111111
2008,Harvest Moon: Sunshine Islands,DS,46,164488,164488,Japan,3575.82608695652
2018,New Gundam Breaker,PS4,28,100052,100052,Japan,3573.28571428571
2018,Shadow of the Tomb Raider,PS4,16,56728,56728,Japan,3545.5
2014,Metal Gear Solid V: Ground Zeroes,PS4,41,145134,145134,Japan,3539.85365853659
2013,Senran Kagura Shinovi Versus: Shoujotachi no Shoumei,PSV,45,159049,159049,Japan,3534.42222222222
2011,Way of the Samurai 4,PS3,44,155077,155077,Japan,3524.47727272727
2015,Digimon Story: Cyber Sleuth,PSV,43,151139,151139,Japan,3514.86046511628
2018,Kirby: Battle Royale,3DS,57,77847,200017,Japan,3509.0701754386
2014,Kamen Rider: Battride War 2,PS3,27,94696,94696,Japan,3507.25925925926
2010,Valkyria Chronicles II,PSP,50,175356,175356,Japan,3507.12
2011,Chikyuu Boueigun 2 Portable,PSP,39,136633,136633,Japan,3503.41025641026
2015,Yakuza 0,PS4,43,149938,149938,Japan,3486.93023255814
2018,God of War (PS4),PS4,37,127940,127940,Japan,3457.83783783784
2013,Magician's Quest: Town of Magic,3DS,55,117350,189946,Japan,3453.56363636364
2017,Grand Theft Auto V,PS4,160,145396,551512,Japan,3446.95
2009,New Play Control! Pikmin 2,Wii,43,147983,147983,Japan,3441.46511627907
2015,Resident Evil: Revelations 2,PS3,42,144152,144152,Japan,3432.19047619048
2015,Theatrhythm Dragon Quest,3DS,41,139989,139989,Japan,3414.36585365854
2017,Kingdom Hearts 1.5 + 2.5 Remix,PS4,43,145712,145712,Japan,3388.6511627907
2016,Yakuza Kiwami,PS4,50,169303,169303,Japan,3386.06
2018,Captain Toad: Treasure Tracker,3DS,25,83954,83954,Japan,3358.16
2015,Final Fantasy Type-0,PS4,42,140635,140635,Japan,3348.45238095238
2018,Jikkyou Powerful Pro Baseball 2018,PSV,36,119986,119986,Japan,3332.94444444444
2017,Pro Baseball Famista Climax,3DS,37,121950,121950,Japan,3295.94594594595
2018,Super Robot Wars X,PS4,40,131697,131697,Japan,3292.425
2015,Pro Baseball Spirits 2015,PS3,41,134974,134974,Japan,3292.0487804878
2017,Mario Sports Superstars,3DS,40,131593,131593,Japan,3289.825
2016,Shin Megami Tensei IV: Final,3DS,47,154251,154251,Japan,3281.93617021277
2017,Tekken 7,PS4,31,101607,101607,Japan,3277.64516129032
2017,The Legend of Zelda: Breath of the Wild,WiiU,44,143873,143873,Japan,3269.84090909091
2018,My Hero One's Justice,NS,19,62102,62102,Japan,3268.52631578947
2009,Demon's Souls,PS3,48,156001,156001,Japan,3250.02083333333
2013,7th Dragon 2020-II,PSP,38,123467,123467,Japan,3249.13157894737
2017,Yoshi's Woolly World,3DS,50,161412,161412,Japan,3228.24
2017,Super Robot Wars V,PS4,45,144228,144228,Japan,3205.06666666667
2010,.hack//Link,PSP,44,140836,140836,Japan,3200.81818181818
2016,Attack on Titan (KOEI),PSV,46,146589,146589,Japan,3186.71739130435
2014,Pro Yakyuu Spirits 2014,PS3,41,130649,130649,Japan,3186.56097560976
2014,Watch Dogs,PS3,27,85840,85840,Japan,3179.25925925926
2014,Yakuza: Ishin,PS4,45,142140,142140,Japan,3158.66666666667
2018,The Snack World: Trejarers Gold,NS,38,119874,119874,Japan,3154.57894736842
2018,Dissidia Final Fantasy NT,PS4,51,158839,158839,Japan,3114.49019607843
2016,Gundam Breaker 3,PSV,44,135736,135736,Japan,3084.90909090909
2015,Battlefield: Hardline,PS4,42,129056,129056,Japan,3072.7619047619
2015,Return to PopoloCrois: A Story of Seasons,3DS,29,88788,88788,Japan,3061.65517241379
2011,Kingdom Hearts: Birth by Sleep - Final Mix,PSP,50,153009,153009,Japan,3060.18
2017,Super Bomberman R,NS,44,134634,134634,Japan,3059.86363636364
2016,Mario Tennis Ultra Smash,WiiU,49,149276,149276,Japan,3046.44897959184
2009,Street Fighter IV,PS3,47,142910,142910,Japan,3040.63829787234
2013,Aikatsu! Cinderella Lesson,3DS,60,112417,181649,Japan,3027.48333333333
2011,Disgaea 4: A Promise Unforgotten,PS3,45,135782,135782,Japan,3017.37777777778
2010,Nobunaga no Yabou: Tendou,PS3,44,132609,132609,Japan,3013.84090909091
2012,New Love Plus,3DS,45,135410,135410,Japan,3009.11111111111
2011,Ore no Imouto ga Konna ni Kawaii wake ga Nai Portable,PSP,49,146241,146241,Japan,2984.51020408163
2014,World Soccer Winning Eleven 2014,3DS,59,111987,175942,Japan,2982.06779661017
2018,Ni no Kuni II: Revenant Kingdom,PS4,41,122079,122079,Japan,2977.53658536585
2015,Pro Baseball Spirits 2015,PSV,41,120716,120716,Japan,2944.29268292683
2012,Naruto Shippuden: Ultimate Ninja STORM Generations,PS3,45,131902,131902,Japan,2931.15555555556
2011,Kenka Banchou 5: Otoko no Housoku,PSP,49,142442,142442,Japan,2906.97959183673
2017,Crash Bandicoot N. Sane Trilogy,PS4,22,63850,63850,Japan,2902.27272727273
2012,Binary Domain,PS3,46,132592,132592,Japan,2882.4347826087
2010,Resident Evil: The Darkside Chronicles,Wii,51,146881,146881,Japan,2880.01960784314
2018,Great Detective Pikachu,3DS,41,117778,117778,Japan,2872.63414634146
2012,Tales of the Heroes: Twin Brave,PSP,45,128943,128943,Japan,2865.4
2010,Hot Shots Tennis: Get a Grip,PSP,45,128274,128274,Japan,2850.53333333333
2013,Fate/Extra CCC,PSP,41,116832,116832,Japan,2849.56097560976
2014,Soul Sacrifice Delta,PSV,39,111077,111077,Japan,2848.12820512821
2013,One Piece: Pirate Warriors 2,PSV,42,119451,119451,Japan,2844.07142857143
2014,Diablo III,PS3,48,134812,134812,Japan,2808.58333333333
2016,Tom Clancy's Rainbow Six: Siege,PS4,56,114994,157033,Japan,2804.16071428571
2018,Pro Evolution Soccer 2018,PS4,68,55194,190059,Japan,2794.98529411765
2012,Puella Magi Madoka Magica Portable,PSP,42,117186,117186,Japan,2790.14285714286
2017,Sumikko Gurashi: Mura o Tsukurundesu,3DS,76,72987,211409,Japan,2781.69736842105
2018,Dragon Ball: Xenoverse 2,NS,69,94433,191604,Japan,2776.86956521739
2014,Battlefield 4,PS4,45,124640,124640,Japan,2769.77777777778
2016,Hatsune Miku: Project Diva X,PSV,41,113283,113283,Japan,2763
2015,One Piece: Kaizoku Musou 3,PSV,41,112704,112704,Japan,2748.87804878049
2012,Suikoden: Tsumugareshi Hyakunen no Toki,PSP,47,129010,129010,Japan,2744.89361702128
2014,Donkey Kong Country: Tropical Freeze,WiiU,46,126016,126016,Japan,2739.47826086957
2016,MineCraft,PS4,57,124890,155803,Japan,2733.38596491228
2018,Sword Art Online: Fatal Bullet,PS4,47,127877,127877,Japan,2720.78723404255
2017,Super Robot Wars V,PSV,45,122026,122026,Japan,2711.68888888889
2016,Dragon Quest Builders: Revive Alefgard,PS3,49,132660,132660,Japan,2707.34693877551
2015,Xenoblade Chronicles,3DS,40,106733,106733,Japan,2668.325
2015,Dragon Ball: Xenoverse,PS3,48,127795,127795,Japan,2662.39583333333
2016,Yakuza Kiwami,PS3,50,131492,131492,Japan,2629.84
2015,Dragon Quest X: Mezameshi Itsutsu no Shuzoku Online,WiiU,145,157773,380962,Japan,2627.32413793103
2015,Assassination Classroom: Grand Siege on Kuro-sensei,3DS,43,112787,112787,Japan,2622.95348837209
2017,New Danganronpa V3: Minna no Koroshiai Shin Gakki,PSV,51,133353,133353,Japan,2614.76470588235
2013,Uta no * Prince-Sama: All Star,PSP,44,114606,114606,Japan,2604.68181818182
2010,Ar tonelico Qoga: Knell of Ar Ciel,PS3,49,127453,127453,Japan,2601.08163265306
2016,Digimon World: Next Order,PSV,42,108992,108992,Japan,2595.04761904762
2013,Phantasy Star Online 2,PSV,45,116263,116263,Japan,2583.62222222222
2016,Attack on Titan (KOEI),PS4,46,118671,118671,Japan,2579.80434782609
2015,Etrian Odyssey x Mystery Dungeon,3DS,44,112466,112466,Japan,2556.04545454545
2017,MineCraft,PS4,109,120808,276611,Japan,2537.71559633028
2017,Gravity Rush 2,PS4,50,126046,126046,Japan,2520.92
2018,Yakuza 3,PS4,21,52466,52466,Japan,2498.38095238095
2016,Naruto Shippuden: Ultimate Ninja Storm 4,PS4,48,119576,119576,Japan,2491.16666666667
2014,Sengoku Musou 4,PSV,41,102017,102017,Japan,2488.21951219512
2018,Kingdom Hearts 1.5 + 2.5 Remix,PS4,95,86989,232701,Japan,2449.48421052632
2016,Gundam Breaker 3,PS4,44,106890,106890,Japan,2429.31818181818
2017,Jikkyou Powerful Pro Baseball Heroes,3DS,55,66416,133551,Japan,2428.2
2018,Dragon Ball Fighter Z,PS4,48,116461,116461,Japan,2426.27083333333
2016,Hyrule Warriors,3DS,50,120191,120191,Japan,2403.82
2016,Disney Art Academy,3DS,39,93290,93290,Japan,2392.05128205128
2014,Hatsune Miku: Project Diva F 2nd,PS3,40,94896,94896,Japan,2372.4
2012,Super Robot Wars OG Saga: Masou Kishin II - Revelation of Evil God,PSP,51,120247,120247,Japan,2357.78431372549
2017,Tom Clancy's Rainbow Six: Siege,PS4,108,93398,250431,Japan,2318.80555555556
2014,Puyo Puyo Tetris,3DS,47,108535,108535,Japan,2309.25531914894
2017,Seiken Densetsu Collection,NS,31,71263,71263,Japan,2298.8064516129
2018,Tom Clancy's Rainbow Six: Siege,PS4,160,111582,362013,Japan,2262.58125
2017,Ys VIII: Lacrimosa of Dana,PS4,32,71888,71888,Japan,2246.5
2016,The Legend of Zelda: Twilight Princess HD,WiiU,43,96426,96426,Japan,2242.46511627907
2017,The Alliance Alive,3DS,28,62430,62430,Japan,2229.64285714286
2015,Kirby and the Rainbow Curse,WiiU,50,109942,109942,Japan,2198.84
2015,Sword Art Online: Lost Song,PS3,41,89897,89897,Japan,2192.60975609756
2018,MineCraft,PS4,161,76094,352705,Japan,2190.71428571429
2015,Earth Defense Force 2025.1: The Shadow of New Despair,PS4,40,87395,87395,Japan,2184.875
2015,One Piece: Kaizoku Musou 3,PS4,41,89282,89282,Japan,2177.60975609756
2014,FIFA 14,PS4,45,97346,97346,Japan,2163.24444444444
2015,Resident Evil: Revelations 2,PS4,42,90270,90270,Japan,2149.28571428571
2015,Samurai Warriors 4-II,PS3,47,99178,99178,Japan,2110.17021276596
2015,Dragon Ball: Xenoverse,PS4,48,99875,99875,Japan,2080.72916666667
2018,Fate/Extella Link,PSV,30,61971,61971,Japan,2065.7
2018,Nintendo Labo: Toy-Con 02 Robot Kit,NS,37,75867,75867,Japan,2050.45945945946
2015,Dying Light,PS4,38,77523,77523,Japan,2040.07894736842
2016,Street Fighter V,PS4,46,92862,92862,Japan,2018.73913043478
2015,Senran Kagura: Estival Versus,PSV,41,82599,82599,Japan,2014.60975609756
2014,Kuroko's Basketball: Miracle Game,3DS,45,90544,90544,Japan,2012.08888888889
2018,FIFA 18,NS,66,71769,131387,Japan,1990.71212121212
2017,Ultra Street Fighter II: The Final Challengers,NS,32,62732,62732,Japan,1960.375
2018,Super Bomberman R,NS,96,52447,187081,Japan,1948.76041666667
2016,Odin Sphere: Leifthrasir,PSV,51,98468,98468,Japan,1930.74509803922
2018,Valkyria Chronicles 4,PS4,41,78510,78510,Japan,1914.87804878049
2015,The Legend of Legacy,3DS,50,95150,95150,Japan,1903
2018,Attack on Titan 2,NS,42,79671,79671,Japan,1896.92857142857
2014,Street Fighter IV,PS3,307,83555,570150,Japan,1857.1661237785
2018,Super Robot Wars X,PSV,40,73169,73169,Japan,1829.225
2015,Far Cry 4,PS4,49,89248,89248,Japan,1821.38775510204
2015,Shin Megami Tensei: Devil Survivor 2: Record Breaker,3DS,49,89233,89233,Japan,1821.08163265306
2017,Dragon Quest Heroes I & II for Nintendo Switch,NS,44,78269,78269,Japan,1778.84090909091
2018,Sumikko Gurashi: Sumikko Park e Youkoso,NS,56,64066,98498,Japan,1758.89285714286
2015,God Eater 2: Rage Burst,PS4,46,80529,80529,Japan,1750.63043478261
2018,Hyrule Warriors,NS,41,71122,71122,Japan,1734.68292682927
2017,Senran Kagura: Peach Beach Splash,PS4,42,72440,72440,Japan,1724.7619047619
2018,Dragon Quest Builders: Revive Alefgard,NS,44,73347,73347,Japan,1666.97727272727
2017,For Honor,PS4,46,74731,74731,Japan,1624.58695652174
2017,Musou Stars,PS4,40,64830,64830,Japan,1620.75
2017,Accel World vs. Sword Art Online: Millennium Twilight,PSV,42,67717,67717,Japan,1612.30952380952
2017,Yonmegami Online: Cyber Dimension Neptune,PS4,47,72977,72977,Japan,1552.70212765957
2017,Puyo Puyo Tetris,NS,44,65897,65897,Japan,1497.65909090909
2018,Attack on Titan 2,PS4,42,61279,61279,Japan,1459.02380952381
2018,Bayonetta 2,NS,46,67077,67077,Japan,1458.19565217391
2017,New Danganronpa V3: Minna no Koroshiai Shin Gakki,PS4,51,73155,73155,Japan,1434.41176470588
2018,Girls und Panzer: Dream Tank Match,PS4,45,63661,63661,Japan,1414.68888888889
2017,Valkyria: Azure Revolution,PS4,50,67269,67269,Japan,1345.38
2018,The Elder Scrolls V: Skyrim,NS,48,58889,58889,Japan,1226.85416666667
2018,Metal Gear Survive,PS4,45,54204,54204,Japan,1204.53333333333
2018,Secret of Mana,PS4,46,53455,53455,Japan,1162.0652173913
2018,Gintama Ranbu,PS4,50,56762,56762,Japan,1135.24
2018,"Snipperclips: Cut It Out, Together!",NS,96,66192,99683,Japan,1038.36458333333
2015,Hatsune Miku: Project Mirai 2,3DS,87,80359,80359,Japan,923.666666666667
2014,BioHazard Director's Cut,PS3,423,88596,88596,Japan,209.446808510638