Year,Game_Title,Platform,Weeks,Yearly_Sale,Total_Sale,Area,Weeks Avg
2010,New Super Mario Bros. Wii,Wii,59,10938968,20956187,Global,355189.610169491
2007,Wii Sports,Wii,58,14794664,17359679,Global,299304.810344828
2010,Wii Sports Resort,Wii,80,11379903,23893549,Global,298669.3625
2014,Grand Theft Auto V,PS3,68,2375323,19651441,Global,288991.779411765
2010,Wii Fit Plus,Wii,66,8574349,17025103,Global,257956.106060606
2017,Pokemon Sun/Moon,3DS,59,2897531,14932061,Global,253085.779661017
2011,Kinect Adventures!,X360,61,7883750,15067448,Global,247007.344262295
2016,Call of Duty: Black Ops 3,PS4,61,4035701,14494243,Global,237610.540983607
2008,Wii Fit,Wii,58,12684441,13563157,Global,233847.534482759
2012,Call of Duty: Modern Warfare 3,X360,60,2177827,13705821,Global,228430.35
2009,Mario Kart Wii,Wii,91,7421142,20661738,Global,227052.065934066
2011,Call of Duty: Black Ops,X360,60,2665288,13186555,Global,219775.916666667
2018,Call of Duty: WWII,PS4,61,1736545,13401959,Global,219704.245901639
2014,Grand Theft Auto V,X360,68,1807527,14905062,Global,219192.088235294
2013,Call of Duty: Black Ops II,X360,60,2096379,12715318,Global,211921.966666667
2013,Call of Duty: Black Ops II,PS3,60,2396458,12448347,Global,207472.45
2012,Call of Duty: Modern Warfare 3,PS3,60,2209581,12165203,Global,202753.383333333
2011,Pokémon Black and White,DS,68,8539874,13590782,Global,199864.441176471
2010,Call of Duty: Modern Warfare 2,X360,60,3151456,11924754,Global,198745.9
2007,Pokemon Diamond / Pearl Version,DS,67,8518663,12992355,Global,193915.746268657
2014,Pokemon X/Y,3DS,65,2547336,12593760,Global,193750.153846154
2018,Super Mario Odyssey,NS,62,3998578,11714226,Global,188939.129032258
2011,Call of Duty: Black Ops,PS3,60,2459689,11165574,Global,186092.9
2018,FIFA 18,PS4,66,1690579,11798489,Global,178764.984848485
2015,Pokemon Omega Ruby and Alpha Sapphire,3DS,59,2374173,9966649,Global,168926.254237288
2017,FIFA 17,PS4,66,1308147,10889731,Global,164995.924242424
2015,Grand Theft Auto V,PS4,59,4318817,9695100,Global,164323.728813559
2007,Wii Play,Wii,57,8192481,8939670,Global,156836.315789474
2014,Call of Duty: Ghosts,X360,61,1666432,9433982,Global,154655.442622951
2010,Call of Duty: Modern Warfare 2,PS3,60,2836354,9176321,Global,152938.683333333
2014,Call of Duty: Ghosts,PS3,61,1867479,9213889,Global,151047.360655738
2010,Pokemon Heart Gold / Soul Silver Version,DS,69,6731984,10288494,Global,149108.608695652
2018,Mario Kart 8 Deluxe,NS,88,6688249,13046117,Global,148251.329545455
2007,New Super Mario Bros.,DS,85,4577916,12579156,Global,147990.070588235
2012,Just Dance 3,Wii,65,2375772,9540183,Global,146772.046153846
2013,Halo 4,X360,61,1693962,8891097,Global,145755.68852459
2011,Just Dance 2,Wii,64,3965581,8820016,Global,137812.75
2017,Call of Duty: Infinite Warfare,PS4,61,1909116,8104413,Global,132859.229508197
2008,Halo 3,X360,67,2046996,8882319,Global,132571.925373134
2016,Star Wars Battlefront (2015),PS4,59,1788945,7745972,Global,131287.661016949
2012,Super Mario 3D Land,3DS,61,3272335,7825991,Global,128294.93442623
2011,Halo: Reach,X360,68,1593350,8693832,Global,127850.470588235
2012,Mario Kart 7,3DS,57,3379678,7267772,Global,127504.771929825
2011,Gran Turismo 5,PS3,58,2159775,7370248,Global,127073.24137931
2015,Call of Duty: Advanced Warfare,PS4,61,1735885,7454487,Global,122204.704918033
2016,FIFA 16,PS4,67,1523922,8159015,Global,121776.343283582
2018,Pokemon: Ultra Sun and Ultra Moon,3DS,59,1842871,7151768,Global,121216.406779661
2008,Super Mario Galaxy,Wii,62,3058162,7442471,Global,120039.85483871
2013,FIFA Soccer 13,PS3,67,1697815,7908605,Global,118038.880597015
2016,Fallout 4,PS4,60,1626583,7058744,Global,117645.733333333
2016,Call of Duty: Black Ops 3,XOne,61,1419051,7094234,Global,116298.918032787
2017,Uncharted (PS4),PS4,86,1588628,9887369,Global,114969.406976744
2012,The Elder Scrolls V: Skyrim,X360,60,1925135,6788440,Global,113140.666666667
2017,Battlefield 1,PS4,63,1160762,7122536,Global,113056.126984127
2008,Call of Duty 4: Modern Warfare,X360,61,2942658,6836442,Global,112072.819672131
2008,Mario & Sonic at the Olympic Games,Wii,61,3951960,6461712,Global,105929.704918033
2012,Battlefield 3,X360,62,1415530,6458880,Global,104175.483870968
2015,Super Smash Bros. for Nintendo 3DS,3DS,69,1579143,7184680,Global,104125.797101449
2013,Animal Crossing: Jump Out,3DS,61,4185260,6251519,Global,102483.918032787
2018,Call of Duty: WWII,XOne,61,789649,6230027,Global,102131.590163934
2014,FIFA Soccer 14,PS3,67,1190912,6745238,Global,100675.194029851
2009,Call of Duty: World at War,X360,60,1716398,5984776,Global,99746.2666666667
2018,The Legend of Zelda: Breath of the Wild,NS,96,3387011,9460827,Global,98550.28125
2012,Battlefield 3,PS3,62,1660403,6071099,Global,97920.9516129032
2013,Just Dance 4,Wii,66,1428840,6454266,Global,97791.9090909091
2009,Pokemon Platinum Version,DS,69,4394223,6689236,Global,96945.4492753623
2013,New Super Mario Bros. 2,3DS,76,2215240,7226020,Global,95079.2105263158
2012,FIFA Soccer 12,PS3,66,1398700,6241011,Global,94560.7727272727
2013,Assassin's Creed III,PS3,62,1172085,5782650,Global,93268.5483870968
2011,Donkey Kong Country Returns,Wii,58,1723440,5379404,Global,92748.3448275862
2018,Splatoon 2,NS,76,2932784,7037733,Global,92601.75
2009,Super Smash Bros. Brawl,Wii,101,1312664,9230695,Global,91393.0198019802
2011,Wii Party,Wii,78,2386248,7088875,Global,90883.0128205128
2012,Uncharted 3: Drake's Deception,PS3,61,2105428,5516888,Global,90440.7868852459
2008,Mario Party DS,DS,61,3176310,5457759,Global,89471.4590163934
2013,Pokemon Black / White Version 2,DS,81,1242092,7191624,Global,88785.4814814815
2015,FIFA 15,PS4,67,1291351,5945374,Global,88736.9253731343
2010,Just Dance,Wii,59,4451159,5156266,Global,87394.3389830509
2009,Gears of War 2,X360,61,1107357,5330550,Global,87386.0655737705
2009,Grand Theft Auto IV,X360,88,921816,7585585,Global,86199.8295454545
2010,Halo 3: ODST,X360,67,1235595,5713512,Global,85276.2985074627
2015,Call of Duty: Advanced Warfare,XOne,61,1061624,5130884,Global,84112.8524590164
2014,Minecraft: Xbox 360 Edition,X360,83,3694454,6939243,Global,83605.3373493976
2017,Final Fantasy XV,PS4,57,1007753,4699627,Global,82449.5964912281
2017,Battlefield 1,XOne,63,850209,5069866,Global,80474.0634920635
2015,Destiny,PS4,69,1073144,5468797,Global,79257.9275362319
2015,Mario Kart 8,WiiU,84,2284849,6609217,Global,78681.1547619048
2010,Final Fantasy XIII,PS3,55,2532013,4284258,Global,77895.6
2013,Assassin's Creed III,X360,62,978698,4784115,Global,77163.1451612903
2018,Star Wars Battlefront II (2017),PS4,59,1112996,4525671,Global,76706.2881355932
2007,Gears of War,X360,60,1622646,4595912,Global,76598.5333333333
2015,Super Smash Bros. for Wii U,WiiU,59,1705619,4500075,Global,76272.4576271186
2017,Call of Duty: Infinite Warfare,XOne,61,779439,4649024,Global,76213.5081967213
2009,Grand Theft Auto IV,PS3,88,1027746,6598522,Global,74983.2045454545
2013,FIFA Soccer 13,X360,67,992266,5013930,Global,74834.776119403
2011,Fable III,X360,62,1941410,4607476,Global,74314.1290322581
2016,Uncharted: The Nathan Drake Collection,PS4,65,1308494,4821891,Global,74182.9384615385
2010,Assassin's Creed II,PS3,59,1587575,4371024,Global,74085.1525423729
2010,Assassin's Creed II,X360,59,1302820,4353539,Global,73788.7966101695
2008,Mario Party 8,Wii,84,2220514,6177858,Global,73545.9285714286
2016,Halo 5: Guardians,XOne,62,1204638,4517564,Global,72863.935483871
2012,The Elder Scrolls V: Skyrim,PS3,60,1450060,4357322,Global,72622.0333333333
2011,FIFA Soccer 11,PS3,66,950171,4762190,Global,72154.3939393939
2016,Fallout 4,XOne,60,1011741,4305711,Global,71761.85
2011,Zumba Fitness,Wii,59,3881228,4233262,Global,71750.2033898305
2007,The Legend of Zelda: Twilight Princess,Wii,58,2302768,4113705,Global,70925.9482758621
2008,Assassin's Creed,X360,60,1442278,4248574,Global,70809.5666666667
2015,Grand Theft Auto V,XOne,59,1911134,4153810,Global,70403.5593220339
2010,Uncharted 2: Among Thieves,PS3,64,1689156,4459475,Global,69679.296875
2010,Forza Motorsport 3,X360,63,2401752,4373649,Global,69423
2010,Dragon Quest IX: Sentinels of the Starry Skies,DS,78,1222288,5358230,Global,68695.2564102564
2011,Assassin's Creed: Brotherhood,X360,59,1104156,4052258,Global,68682.3389830509
2016,Star Wars Battlefront (2015),XOne,59,1229271,3992391,Global,67667.6440677966
2008,Call of Duty 4: Modern Warfare,PS3,61,2229854,4091371,Global,67071.6557377049
2011,Assassin's Creed: Brotherhood,PS3,59,1164447,3890318,Global,65937.593220339
2014,The Last of Us,PS3,82,1030117,5397481,Global,65822.9390243902
2018,Assassin's Creed Origins,PS4,62,931539,4063812,Global,65545.3548387097
2011,Michael Jackson: The Experience,Wii,58,2071204,3796164,Global,65451.1034482759
2009,Call of Duty: World at War,PS3,60,1322568,3894973,Global,64916.2166666667
2012,Assassin's Creed: Revelations,X360,59,865552,3793419,Global,64295.2372881356
2012,Batman: Arkham City,PS3,63,1316023,4035749,Global,64059.5079365079
2015,Far Cry 4,PS4,59,1261551,3759512,Global,63720.5423728814
2012,Assassin's Creed: Revelations,PS3,59,961237,3753005,Global,63610.2542372881
2011,Kinect Sports,X360,61,1620587,3857763,Global,63242.0163934426
2008,Guitar Hero III: Legends of Rock,Wii,62,2575777,3916943,Global,63176.5
2009,Animal Crossing: City Folk,Wii,59,1202315,3677393,Global,62328.6949152542
2015,Assassin's Creed: Unity,PS4,60,963335,3730318,Global,62171.9666666667
2008,Guitar Hero III: Legends of Rock,X360,62,1967167,3827444,Global,61732.9677419355
2018,Crash Bandicoot N. Sane Trilogy,PS4,79,1212079,4827129,Global,61102.8987341772
2018,Horizon: Zero Dawn,PS4,96,1314463,5822128,Global,60647.1666666667
2012,FIFA Soccer 12,X360,66,876665,3981269,Global,60322.2575757576
2018,Destiny 2,PS4,69,755874,4139803,Global,59997.1449275362
2008,Pokemon Mystery Dungeon: Explorers of Time / Darkness,DS,69,2810206,4130722,Global,59865.5362318841
2018,Gran Turismo Sport,PS4,63,894285,3770881,Global,59855.253968254
2014,Assassin's Creed IV: Black Flag,PS3,62,1135208,3702915,Global,59724.435483871
2013,New Super Mario Bros. U,WiiU,59,2222404,3507463,Global,59448.5254237288
2010,Mario & Sonic at the Olympic Winter Games,Wii,64,1152810,3800114,Global,59376.78125
2016,NBA 2K16,PS4,66,940190,3918347,Global,59368.8939393939
2016,Monster Hunter X,3DS,58,851491,3393475,Global,58508.1896551724
2012,Forza Motorsport 4,X360,64,1907030,3728483,Global,58257.546875
2015,Monster Hunter 4 Ultimate,3DS,65,1331761,3741362,Global,57559.4153846154
2015,Assassin's Creed: Unity,XOne,60,982010,3405876,Global,56764.6
2008,Link's Crossbow Training,Wii,59,2578600,3342831,Global,56658.1525423729
2012,Mario & Sonic at the London 2012 Olympic Games,Wii,59,1167833,3304698,Global,56011.8305084746
2008,Assassin's Creed,PS3,60,1575048,3351787,Global,55863.1166666667
2008,The Legend of Zelda: Phantom Hourglass,DS,80,1233671,4446585,Global,55582.3125
2012,Batman: Arkham City,X360,63,1020910,3479788,Global,55234.7301587302
2015,Minecraft: PlayStation 3 Edition,PS3,86,1703645,4740377,Global,55120.6627906977
2017,Watch Dogs 2,PS4,59,794686,3245344,Global,55005.8305084746
2015,The Last of Us Remastered,PS4,75,1419295,4080328,Global,54404.3733333333
2016,Splatoon,WiiU,84,726180,4542340,Global,54075.4761904762
2009,Guitar Hero: World Tour,Wii,62,1170960,3347271,Global,53988.2419354839
2014,Battlefield 4,PS3,62,1028946,3345157,Global,53954.1451612903
2011,Red Dead Redemption,PS3,85,1103189,4443305,Global,52274.1764705882
2014,Super Mario 3D World,WiiU,59,1476198,3081346,Global,52226.2033898305
2016,Assassin's Creed Syndicate,PS4,63,743880,3283971,Global,52126.5238095238
2014,Gran Turismo 6,PS3,57,1114250,2970016,Global,52105.5438596491
2009,Fable II,X360,63,910165,3246714,Global,51535.1428571429
2017,Forza Horizon 3,XOne,66,1464864,3396719,Global,51465.4393939394
2017,NBA 2K17,PS4,68,834768,3469601,Global,51023.5441176471
2017,Gears of War 4,XOne,64,600547,3257711,Global,50901.734375
2017,Super Mario Maker,3DS,57,1067480,2900306,Global,50882.5614035088
2015,Halo: The Master Chief Collection,XOne,60,1089587,3025227,Global,50420.45
2009,LittleBigPlanet,PS3,62,1303348,3125596,Global,50412.8387096774
2016,Batman: Arkham Knight,PS4,80,770709,3990107,Global,49876.3375
2014,Assassin's Creed IV: Black Flag,X360,62,913177,3078749,Global,49657.2419354839
2016,Gears of War: Ultimate Edition,XOne,71,1592254,3521968,Global,49605.1830985916
2013,Far Cry 3,PS3,58,1481858,2875620,Global,49579.6551724138
2014,Call of Duty: Ghosts,PS4,60,1374096,2973720,Global,49562
2010,The Legend of Zelda: Spirit Tracks,DS,56,1232747,2770857,Global,49479.5892857143
2016,The Witcher 3: Wild Hunt,PS4,85,1063976,4189724,Global,49290.8705882353
2018,NBA 2K18,PS4,68,636932,3340514,Global,49125.2058823529
2008,Gran Turismo 5 Prologue,PS3,56,2562905,2726282,Global,48683.6071428571
2016,FIFA 16,XOne,67,665661,3232568,Global,48247.2835820895
2015,Destiny,XOne,69,748145,3264979,Global,47318.5362318841
2010,Mario & Sonic at the Olympic Winter Games,DS,64,913459,3013762,Global,47090.03125
2015,Minecraft: PlayStation 4 Edition,PS4,66,1682156,3104320,Global,47035.1515151515
2017,The Elder Scrolls V: Skyrim,PS4,62,808866,2899788,Global,46770.7741935484
2009,Monster Hunter Freedom Unite,PSP,93,1582071,4349421,Global,46767.9677419355
2013,Nintendo Land,WiiU,59,1341347,2758057,Global,46746.7288135593
2017,Overwatch,PS4,84,1267277,3916893,Global,46629.6785714286
2013,Far Cry 3,X360,58,1198300,2703854,Global,46618.1724137931
2008,MySims,DS,68,1654667,3147949,Global,46293.3676470588
2009,Mario & Sonic at the Olympic Games,DS,103,931073,4727985,Global,45902.7669902913
2017,Madden NFL 17,PS4,71,585345,3253504,Global,45824
2007,MotorStorm,PS3,55,2448530,2482749,Global,45140.8909090909
2011,Sports Champions,PS3,68,1071950,3065841,Global,45085.8970588235
2009,Fallout 3,X360,62,883714,2770049,Global,44678.2096774194
2014,FIFA Soccer 14,PS4,60,1412086,2680184,Global,44669.7333333333
2012,The Elder Scrolls V: Skyrim,PC,60,913733,2666197,Global,44436.6166666667
2010,Tomodachi Collection,DS,81,1047336,3552501,Global,43858.037037037
2011,Disney Epic Mickey,Wii,58,923558,2527180,Global,43572.0689655172
2009,Left 4 Dead,X360,59,1160703,2568671,Global,43536.7966101695
2014,Battlefield 4,PS4,60,1307208,2558150,Global,42635.8333333333
2014,Tomodachi Life,3DS,90,2208560,3836368,Global,42626.3111111111
2013,NBA 2K13,X360,66,976237,2803182,Global,42472.4545454545
2010,EA Sports Active,Wii,85,1055060,3595517,Global,42300.2
2011,Dance Central,X360,61,1191073,2575301,Global,42218.0491803279
2015,Middle-Earth: Shadow of Mordor,PS4,66,851915,2722566,Global,41251
2007,Resistance: Fall of Man,PS3,60,2012645,2439062,Global,40651.0333333333
2008,Flash Focus: Vision Training in Minutes a Day,DS,84,1697973,3414493,Global,40648.7261904762
2012,Final Fantasy XIII-2,PS3,55,1504077,2220804,Global,40378.2545454545
2012,Zumba Fitness 2,Wii,59,1727083,2357550,Global,39958.4745762712
2018,Assassin's Creed Origins,XOne,62,560485,2474124,Global,39905.2258064516
2016,Tom Clancy's Rainbow Six: Siege,PS4,57,1151374,2266575,Global,39764.4736842105
2013,Need for Speed: Most Wanted (Limited Edition),PS3,62,920633,2464476,Global,39749.6129032258
2014,Call of Duty: Ghosts,XOne,59,965645,2342814,Global,39708.7118644068
2018,PlayerUnknown's Battlegrounds,XOne,55,1235507,2167606,Global,39411.0181818182
2008,Imagine: Babyz,DS,63,1879122,2477544,Global,39326.0952380952
2010,Resident Evil 5,PS3,96,966657,3769777,Global,39268.5104166667
2011,Mario vs. Donkey Kong: Mini-Land Mayhem!,DS,59,1227898,2312578,Global,39196.2372881356
2008,Uncharted: Drake's Fortune,PS3,60,1564427,2325856,Global,38764.2666666667
2008,Cooking Mama 2: Dinner With Friends,DS,60,1967626,2311136,Global,38518.9333333333
2008,Carnival Games,Wii,71,2023452,2723609,Global,38360.6901408451
2010,Professor Layton and the Unwound Future,DS,64,1636606,2453753,Global,38339.890625
2008,Imagine: Fashion Designer,DS,63,1775198,2395952,Global,38030.9841269841
2012,NBA 2K12,X360,65,1146659,2462794,Global,37889.1384615385
2018,Mario + Rabbids Kingdom Battle,NS,70,1202181,2592171,Global,37031.0142857143
2012,Skylanders: Spyro's Adventure,Wii,64,1254967,2355488,Global,36804.5
2009,Club Penguin: Elite Penguin Force,DS,58,1537610,2118446,Global,36524.9310344828
2007,Grand Theft Auto: Vice City Stories,PSP,61,1429433,2225502,Global,36483.6393442623
2018,Need for Speed: Payback,PS4,60,812352,2180843,Global,36347.3833333333
2014,Assassin's Creed IV: Black Flag,PS4,60,980532,2175310,Global,36255.1666666667
2014,Killzone: Shadow Fall,PS4,60,955148,2171296,Global,36188.2666666667
2008,LEGO Star Wars: The Complete Saga,DS,61,1406856,2151904,Global,35277.1147540984
2015,The Sims 4,PC,70,1031209,2465510,Global,35221.5714285714
2007,Marvel: Ultimate Alliance,X360,62,1838425,2182732,Global,35205.3548387097
2007,Yoshi's Island DS,DS,59,1487338,2076761,Global,35199.3389830508
2010,God of War Collection,PS3,59,1568301,2073836,Global,35149.7627118644
2009,Rhythm Heaven,DS,75,1147711,2603263,Global,34710.1733333333
2010,Gran Turismo,PSP,66,1058809,2276897,Global,34498.4393939394
2012,Kinect: Disneyland Adventures,X360,59,1505769,2028758,Global,34385.7288135593
2013,NBA 2K13,PS3,66,806814,2252234,Global,34124.7575757576
2014,Assassin's Creed IV: Black Flag,XOne,59,1393274,1986358,Global,33667.0847457627
2007,WarioWare: Smooth Moves,Wii,57,1711590,1912296,Global,33549.0526315789
2008,Big Brain Academy: Wii Degree,Wii,89,1425783,2948688,Global,33131.3258426966
2010,Mario & Luigi: Bowser's Inside Story,DS,99,1095995,3270810,Global,33038.4848484848
2018,Resident Evil VII: Biohazard,PS4,101,777738,3311900,Global,32791.0891089109
2011,Mario Sports Mix,Wii,58,1380698,1880430,Global,32421.2068965517
2008,LEGO Star Wars: The Complete Saga,Wii,61,1335283,1973659,Global,32355.0655737705
2014,Forza Motorsport 5,XOne,59,951575,1889076,Global,32018.2372881356
2015,Minecraft: Xbox One Edition,XOne,59,1088684,1856205,Global,31461.1016949153
2009,Dissidia: Final Fantasy,PSP,55,963451,1723049,Global,31328.1636363636
2007,Dragon Quest Monsters: Joker,DS,53,1029961,1656983,Global,31263.8301886792
2008,Game Party,Wii,58,1705051,1813217,Global,31262.3620689655
2013,Paper Mario,3DS,60,781324,1875107,Global,31251.7833333333
2011,uDraw Studio,Wii,59,920899,1833752,Global,31080.5423728814
2009,LEGO Batman: The Videogame,X360,67,1636795,2073977,Global,30954.8805970149
2012,NBA 2K12,PS3,65,830525,1931083,Global,29708.9692307692
2016,Forza Motorsport 6,XOne,68,734866,1997722,Global,29378.2647058824
2009,My Fitness Coach,Wii,57,1509648,1656358,Global,29058.9122807018
2012,Nintendogs + cats,3DS,97,864934,2810155,Global,28970.6701030928
2008,Crisis Core: Final Fantasy VII,PSP,69,1220423,1992067,Global,28870.5362318841
2017,Doom (2016),PS4,86,625323,2481606,Global,28855.8837209302
2011,Art Academy,DS,81,938626,2295633,Global,28341.1481481481
2008,Guitar Hero III: Legends of Rock,PS3,62,1091223,1734601,Global,27977.435483871
2009,Pure,X360,68,1530988,1888929,Global,27778.3676470588
2007,English Training: Have Fun Improving Your Skills!,DS,101,1020914,2791113,Global,27634.7821782178
2017,Overwatch,XOne,84,854692,2297634,Global,27352.7857142857
2009,Sega Superstars Tennis,X360,94,896442,2566490,Global,27303.085106383
2018,Dragon Quest XI,PS4,75,620347,2036028,Global,27147.04
2011,Professor Layton and the Last Specter,DS,76,1373733,2048915,Global,26959.4078947368
2011,Just Dance Kids,Wii,60,1231215,1606824,Global,26780.4
2007,Tom Clancy's Rainbow Six: Vegas,X360,58,821562,1539632,Global,26545.3793103448
2007,Kanshuu Nippon Joushikiryoku Kentei Kyoukai: Imasara Hito ni wa Kikenai Otona no Joushikiryoku Training DS,DS,62,677852,1641406,Global,26474.2903225806
2008,Ratchet & Clank: Size Matters,PSP,99,1698660,2615005,Global,26414.1919191919
2010,LittleBigPlanet,PSP,59,1002246,1544330,Global,26175.0847457627
2007,Clubhouse Games,DS,66,808933,1720702,Global,26071.2424242424
2014,New Super Luigi U,WiiU,78,833820,2023031,Global,25936.2948717949
2007,Cooking Mama,DS,93,2145206,2405012,Global,25860.3440860215
2016,Tom Clancy's Rainbow Six: Siege,XOne,57,787857,1470624,Global,25800.4210526316
2018,1-2-Switch,NS,96,888949,2462974,Global,25655.9791666667
2018,Pokken Tournament,NS,67,605114,1707593,Global,25486.4626865672
2018,Xenoblade Chronicles 2,NS,57,602633,1404928,Global,24647.8596491228
2015,Minecraft: PlayStation Vita Edition,PSV,60,958898,1471104,Global,24518.4
2007,The Sims 2: Pets,DS,62,833453,1479531,Global,23863.4032258065
2014,Diablo III,PS3,70,805988,1665485,Global,23792.6428571429
2018,The Sims 4,PS4,59,677466,1394853,Global,23641.5762711864
2007,Hannah Montana,DS,64,943632,1486455,Global,23225.859375
2016,Fire Emblem Fates,3DS,80,1288786,1796122,Global,22451.525
2014,Knack,PS4,60,832407,1329676,Global,22161.2666666667
2007,Daxter,PSP,94,1278659,2055077,Global,21862.5212765957
2014,Mario Party Island Tour,3DS,59,1024411,1275976,Global,21626.7118644068
2007,The Elder Scrolls IV: Oblivion,X360,93,688307,1998708,Global,21491.4838709677
2014,Final Fantasy X / X-2 HD Remaster,PS3,54,915807,1141946,Global,21147.1481481481
2011,Zumba Fitness,X360,59,912644,1174801,Global,19911.8813559322
2016,Pokemon Super Mystery Dungeon,3DS,68,675679,1350612,Global,19861.9411764706
2018,The Elder Scrolls V: Skyrim,NS,59,593024,1153690,Global,19554.0677966102
2008,Professor Layton and the Curious Village,DS,99,1121909,1901910,Global,19211.2121212121
2018,LEGO Marvel Super Heroes 2,PS4,59,604635,1113723,Global,18876.6610169492
2017,Persona 5,PS4,68,874486,1261659,Global,18553.8088235294
2018,Kingdom Hearts 1.5 + 2.5 Remix,PS4,95,601873,1750665,Global,18428.0526315789
2017,Rocket League,PS4,80,690179,1433401,Global,17917.5125
2017,Miitopia,3DS,56,830680,955747,Global,17066.9107142857
2017,PlayStation VR Worlds,PS4,64,756764,1087223,Global,16987.859375
2014,Youkai Watch,3DS,78,1010066,1310842,Global,16805.6666666667
2007,Medal of Honor Heroes,PSP,63,720835,1017644,Global,16153.0793650794
2007,Pokemon Battle Revolution,Wii,55,744072,885136,Global,16093.3818181818
2007,Bratz: Forever Diamondz,DS,67,717226,1074799,Global,16041.776119403
2007,Lost Planet: Extreme Condition,X360,54,792521,835561,Global,15473.3518518519
2007,Viva Pinata,X360,60,658935,858732,Global,14312.2
2007,Ridge Racer 7,PS3,60,684447,846171,Global,14102.85
2007,Fight Night Round 3,PS3,56,691796,782748,Global,13977.6428571429
2018,Fortnite,PS4,76,770813,888062,Global,11685.0263157895
2018,Fortnite,XOne,76,668713,769347,Global,10122.9868421053