Year,Game_Title,Platform,Weeks,Yearly_Sale,Total_Sale,Area,Weeks Avg
2018,Super Smash Bros. (2018),NS,4,8951009,8951009,Global,2237752.25
2016,Pokemon Sun/Moon,3DS,7,12034530,12034530,Global,1719218.57142857
2011,Call of Duty: Modern Warfare 3,X360,8,12561893,12561893,Global,1570236.625
2012,Call of Duty: Black Ops II,X360,7,10425836,10425836,Global,1489405.14285714
2009,New Super Mario Bros. Wii,Wii,7,10017219,10017219,Global,1431031.28571429
2018,Red Dead Redemption 2,PS4,10,13940203,13940203,Global,1394020.3
2010,Call of Duty: Black Ops,X360,8,10521267,10521267,Global,1315158.375
2017,Call of Duty: WWII,PS4,9,11665414,11665414,Global,1296157.11111111
2011,Call of Duty: Modern Warfare 3,PS3,8,10320405,10320405,Global,1290050.625
2012,Call of Duty: Black Ops II,PS3,7,8761145,8761145,Global,1251592.14285714
2015,Call of Duty: Black Ops 3,PS4,9,10556687,10556687,Global,1172965.22222222
2009,Call of Duty: Modern Warfare 2,X360,8,8773298,8773298,Global,1096662.25
2010,Call of Duty: Black Ops,PS3,8,8705885,8705885,Global,1088235.625
2014,Pokemon Omega Ruby and Alpha Sapphire,3DS,7,7527047,7527047,Global,1075292.42857143
2013,Grand Theft Auto V,PS3,16,16894054,16894054,Global,1055878.375
2015,Star Wars: Battlefront (2015),PS4,7,6545898,6545898,Global,935128.285714286
2012,Halo 4,X360,8,7197135,7197135,Global,899641.875
2011,Star Wars: The Old Republic,PC,2,1755362,1755362,Global,877681
2010,Gran Turismo 5,PS3,6,5264164,5264164,Global,877360.666666667
2013,Call of Duty: Ghosts,X360,9,7767550,7767550,Global,863061.111111111
2013,Call of Duty: Ghosts,PS3,9,7646087,7646087,Global,849565.222222222
2013,Grand Theft Auto V,X360,16,13097535,13097535,Global,818595.9375
2010,Kinect Adventures!,X360,9,7183698,7183698,Global,798188.666666667
2009,Call of Duty: Modern Warfare 2,PS3,8,6339967,6339967,Global,792495.875
2011,Mario Kart 7,3DS,5,3925017,3925017,Global,785003.4
2016,Final Fantasy XV,PS4,5,3917803,3917803,Global,783560.6
2018,Call of Duty: Black Ops IIII,PS4,12,9317241,9317241,Global,776436.75
2014,Grand Theft Auto V,PS4,7,5411940,5411940,Global,773134.285714286
2013,Pokemon X/Y,3DS,13,10046424,10046424,Global,772801.846153846
2017,Super Mario Odyssey,NS,10,7715648,7715648,Global,771564.8
2017,Pokemon: Ultra Sun and Ultra Moon,3DS,7,5308897,5308897,Global,758413.857142857
2010,Monster Hunter Freedom 3,PSP,5,3762348,3762348,Global,752469.6
2015,Fallout 4,PS4,8,5806479,5806479,Global,725809.875
2017,FIFA 18,PS4,14,10107910,10107910,Global,721993.571428571
2016,Call of Duty: Infinite Warfare,PS4,9,6195297,6195297,Global,688366.333333333
2016,FIFA 17,PS4,14,9581584,9581584,Global,684398.857142857
2018,FIFA 19,PS4,14,9147505,9147505,Global,653393.214285714
2018,"Pokemon: Let's Go, Pikachu!",NS,7,4566580,4566580,Global,652368.571428571
2015,Call of Duty: Black Ops 3,XOne,9,5824272,5824272,Global,647141.333333333
2014,Call of Duty: Advanced Warfare,PS4,9,5684918,5684918,Global,631657.555555556
2011,The Elder Scrolls V: Skyrim,X360,8,4955475,4955475,Global,619434.375
2009,Wii Fit Plus,Wii,14,8667441,8667441,Global,619102.928571429
2010,Donkey Kong Country Returns,Wii,6,3655964,3655964,Global,609327.333333333
2017,Call of Duty: WWII,XOne,9,5440378,5440378,Global,604486.444444444
2009,Final Fantasy XIII,PS3,3,1752245,1752245,Global,584081.666666667
2010,World of Warcraft: Cataclysm,PC,4,2331817,2331817,Global,582954.25
2018,Red Dead Redemption 2,XOne,10,5771147,5771147,Global,577114.7
2014,Youkai Watch 2 Shinuchi,3DS,4,2246908,2246908,Global,561727
2011,Just Dance 3,Wii,13,7299300,7299300,Global,561484.615384615
2016,Battlefield 1,PS4,11,5961774,5961774,Global,541979.454545455
2008,Call of Duty: World at War,X360,8,4268378,4268378,Global,533547.25
2018,Spider-Man (PS4),PS4,17,8757859,8757859,Global,515168.176470588
2011,Battlefield 3,X360,10,5141407,5141407,Global,514140.7
2011,Super Mario 3D Land,3DS,9,4606466,4606466,Global,511829.555555556
2007,Halo 3,X360,14,6835323,6835323,Global,488237.357142857
2017,Star Wars Battlefront II (2017),PS4,7,3412675,3412675,Global,487525
2007,Super Mario Galaxy,Wii,9,4384309,4384309,Global,487145.444444444
2007,Call of Duty 4: Modern Warfare,X360,8,3893784,3893784,Global,486723
2012,Assassin's Creed III,PS3,9,4328682,4328682,Global,480964.666666667
2008,Gears of War 2,X360,9,4223193,4223193,Global,469243.666666667
2015,FIFA 16,PS4,15,6956922,6956922,Global,463794.8
2009,Wii Sports Resort,Wii,28,12513646,12513646,Global,446915.928571429
2011,Battlefield 3,PS3,10,4456210,4456210,Global,445621
2010,Halo: Reach,X360,16,7100482,7100482,Global,443780.125
2014,Call of Duty: Advanced Warfare,XOne,9,3945279,3945279,Global,438364.333333333
2009,Assassin's Creed II,X360,7,3050719,3050719,Global,435817
2016,Call of Duty: Infinite Warfare,XOne,9,3869585,3869585,Global,429953.888888889
2011,Assassin's Creed: Revelations,X360,7,2981834,2981834,Global,425976.285714286
2015,Monster Hunter X,3DS,6,2541984,2541984,Global,423664
2012,Assassin's Creed III,X360,9,3805417,3805417,Global,422824.111111111
2015,Fallout 4,XOne,8,3382347,3382347,Global,422793.375
2010,Assassin's Creed: Brotherhood,X360,7,2948102,2948102,Global,421157.428571429
2011,The Legend of Zelda: Skyward Sword,Wii,7,2903322,2903322,Global,414760.285714286
2014,Super Smash Bros. for Wii U,WiiU,7,2888156,2888156,Global,412593.714285714
2015,Star Wars: Battlefront (2015),XOne,7,2872247,2872247,Global,410321
2012,Just Dance 4,Wii,13,5329143,5329143,Global,409934.076923077
2010,Just Dance 2,Wii,12,4854435,4854435,Global,404536.25
2018,Call of Duty: Black Ops IIII,XOne,12,4850704,4850704,Global,404225.333333333
2011,Assassin's Creed: Ezio Trilogy,PS3,7,2815959,2815959,Global,402279.857142857
2007,Assassin's Creed,X360,7,2806296,2806296,Global,400899.428571429
2012,FIFA Soccer 13,PS3,14,5579138,5579138,Global,398509.857142857
2009,Assassin's Creed II,PS3,7,2783449,2783449,Global,397635.571428571
2014,Call of Duty: Advanced Warfare,PS3,9,3543196,3543196,Global,393688.444444444
2013,Gran Turismo 6,PS3,5,1950454,1950454,Global,390090.8
2018,"Pokemon: Let's Go, Eevee!",NS,7,2728386,2728386,Global,389769.428571429
2010,Assassin's Creed: Brotherhood,PS3,7,2725871,2725871,Global,389410.142857143
2014,Call of Duty: Advanced Warfare,X360,9,3488439,3488439,Global,387604.333333333
2009,The Legend of Zelda: Spirit Tracks,DS,4,1538110,1538110,Global,384527.5
2016,Battlefield 1,XOne,11,4219657,4219657,Global,383605.181818182
2011,Uncharted 3: Drake's Deception,PS3,9,3445282,3445282,Global,382809.111111111
2018,Super Mario Party,NS,13,4972711,4972711,Global,382516.230769231
2013,FIFA Soccer 14,PS3,15,5596035,5596035,Global,373069
2018,Battlefield V,PS4,6,2224270,2224270,Global,370711.666666667
2011,The Elder Scrolls V: Skyrim,PS3,8,2936545,2936545,Global,367068.125
2016,Super Mario Maker,3DS,5,1832826,1832826,Global,366565.2
2014,Far Cry 4,PS4,7,2513027,2513027,Global,359003.857142857
2008,Animal Crossing: City Folk,Wii,7,2475078,2475078,Global,353582.571428571
2016,Watch Dogs 2,PS4,7,2450658,2450658,Global,350094
2014,Assassin's Creed: Unity,PS4,8,2782583,2782583,Global,347822.875
2011,FIFA Soccer 12,PS3,14,4863389,4863389,Global,347384.928571429
2015,Halo 5: Guardians,XOne,10,3456285,3456285,Global,345628.5
2014,FIFA 15,PS4,15,5182426,5182426,Global,345495.066666667
2008,Mario Kart Wii,Wii,39,13240596,13240596,Global,339502.461538462
2011,Gears of War 3,X360,15,5072552,5072552,Global,338170.133333333
2009,Left 4 Dead 2,X360,7,2311611,2311611,Global,330230.142857143
2014,Super Smash Bros. for Nintendo 3DS,3DS,17,5546831,5546831,Global,326284.176470588
2008,Call of Duty: World at War,PS3,8,2572405,2572405,Global,321550.625
2010,Pokemon Black / White Version,DS,16,5050908,5050908,Global,315681.75
2014,Grand Theft Auto V,XOne,7,2199236,2199236,Global,314176.571428571
2007,Mario & Sonic at the Olympic Games,Wii,8,2509752,2509752,Global,313719
2017,Assassin's Creed Origins,PS4,10,3132273,3132273,Global,313227.3
2017,PlayerUnknown's Battlegrounds,XOne,3,932099,932099,Global,310699.666666667
2018,Spyro Reignited Trilogy,PS4,7,2172947,2172947,Global,310421
2011,Mario andamp;amp; Sonic at the London 2012 Olympic Games,Wii,7,2170600,2170600,Global,310085.714285714
2012,Far Cry 3,X360,5,1505554,1505554,Global,301110.8
2008,Rock Band,X360,5,1503515,1503515,Global,300703
2009,Halo 3: ODST,X360,15,4477917,4477917,Global,298527.8
2014,Assassin's Creed: Unity,XOne,8,2386751,2386751,Global,298343.875
2013,Puzzle & Dragons Z,3DS,4,1158389,1158389,Global,289597.25
2008,Rock Band,Wii,5,1443616,1443616,Global,288723.2
2010,Michael Jackson: The Experience,Wii,6,1724960,1724960,Global,287493.333333333
2012,FIFA Soccer 13,X360,14,4021664,4021664,Global,287261.714285714
2007,Mario Party DS,DS,8,2281449,2281449,Global,285181.125
2015,Just Cause 3,PS4,5,1385302,1385302,Global,277060.4
2015,Uncharted: The Nathan Drake Collection,PS4,13,3568174,3568174,Global,274474.923076923
2010,FIFA Soccer 11,PS3,14,3812019,3812019,Global,272287.071428571
2013,Assassin's Creed IV: Black Flag,PS3,10,2695934,2695934,Global,269593.4
2010,Disney Epic Mickey,Wii,6,1603622,1603622,Global,267270.333333333
2010,Fable III,X360,10,2666066,2666066,Global,266606.6
2017,Gran Turismo Sport,PS4,11,2876596,2876596,Global,261508.727272727
2014,Destiny,PS4,17,4422631,4422631,Global,260154.764705882
2012,Animal Crossing: New Leaf,3DS,8,2066259,2066259,Global,258282.375
2018,Battlefield V,XOne,6,1547325,1547325,Global,257887.5
2014,FIFA 15,PS3,15,3842959,3842959,Global,256197.266666667
2007,Assassin's Creed,PS3,7,1776739,1776739,Global,253819.857142857
2011,Saints Row: The Third,X360,7,1764402,1764402,Global,252057.428571429
2012,Far Cry 3,PS3,5,1259920,1259920,Global,251984
2013,Battlefield 4,X360,10,2512808,2512808,Global,251280.8
2011,Batman: Arkham City,PS3,11,2753194,2753194,Global,250290.363636364
2013,The Legend of Zelda: A Link Between Worlds,3DS,7,1740862,1740862,Global,248694.571428571
2010,Kinect Sports,X360,9,2237176,2237176,Global,248575.111111111
2015,Assassin's Creed Syndicate,PS4,11,2724969,2724969,Global,247724.454545455
2011,Monster Hunter 3G,3DS,4,986674,986674,Global,246668.5
2018,Assassin's Creed Odyssey,PS4,13,3176082,3176082,Global,244314
2016,Uncharted (PS4),PS4,34,8298741,8298741,Global,244080.617647059
2013,Battlefield 4,PS3,10,2410621,2410621,Global,241062.1
2013,FIFA Soccer 14,X360,15,3563482,3563482,Global,237565.466666667
2012,Nintendo Land,WiiU,6,1424154,1424154,Global,237359
2014,Halo: The Master Chief Collection,XOne,8,1877850,1877850,Global,234731.25
2007,Call of Duty 4: Modern Warfare,PS3,8,1861517,1861517,Global,232689.625
2016,FIFA 17,XOne,14,3238673,3238673,Global,231333.785714286
2009,Uncharted 2: Among Thieves,PS3,12,2770319,2770319,Global,230859.916666667
2013,Super Mario 3D World,WiiU,7,1605148,1605148,Global,229306.857142857
2015,Rainbow Six: Siege,PS4,5,1142590,1142590,Global,228518
2011,Batman: Arkham City,X360,11,2506376,2506376,Global,227852.363636364
2016,The Last Guardian,PS4,4,908078,908078,Global,227019.5
2011,FIFA Soccer 12,X360,14,3145478,3145478,Global,224677
2016,Gears of War 4,XOne,12,2657164,2657164,Global,221430.333333333
2011,The Elder Scrolls V: Skyrim,PC,8,1766769,1766769,Global,220846.125
2009,Mario & Sonic at the Olympic Winter Games,Wii,12,2647304,2647304,Global,220608.666666667
2011,Halo: Combat Evolved Anniversary,X360,7,1532556,1532556,Global,218936.571428571
2008,Guitar Hero: World Tour,Wii,10,2176311,2176311,Global,217631.1
2015,Need for Speed (2015),PS4,9,1955892,1955892,Global,217321.333333333
2012,New Super Mario Bros. 2,3DS,23,4998154,4998154,Global,217311.043478261
2013,Assassin's Creed IV: Black Flag,X360,10,2165572,2165572,Global,216557.2
2010,Need for Speed: Hot Pursuit,PS3,7,1506077,1506077,Global,215153.857142857
2012,New Super Mario Bros. U,WiiU,6,1290699,1290699,Global,215116.5
2012,Pokemon Black / White Version 2,DS,28,5973729,5973729,Global,213347.464285714
2015,NBA 2K16,PS4,14,2978157,2978157,Global,212725.5
2008,Fable II,X360,11,2336549,2336549,Global,212413.545454545
2008,LEGO Indiana Jones: The Original Adventures,Wii,5,1060982,1060982,Global,212196.4
2017,Star Wars Battlefront II (2017),XOne,7,1468162,1468162,Global,209737.428571429
2009,Pokemon Heart Gold / Soul Silver Version,DS,17,3556510,3556510,Global,209206.470588235
2016,The Elder Scrolls V: Skyrim,PS4,10,2090922,2090922,Global,209092.2
2007,Guitar Hero III: Legends of Rock,X360,9,1860277,1860277,Global,206697.444444444
2012,Hitman: Absolution,PS3,6,1235812,1235812,Global,205968.666666667
2010,Fallout: New Vegas,X360,11,2219169,2219169,Global,201742.636363636
2008,Left 4 Dead,X360,7,1407968,1407968,Global,201138.285714286
2013,Call of Duty: Ghosts,PS4,8,1599624,1599624,Global,199953
2012,Hitman: Absolution,X360,6,1196380,1196380,Global,199396.666666667
2017,Destiny 2,PS4,17,3383929,3383929,Global,199054.647058824
2009,Inazuma Eleven 2: Kyoui no Shinryokusha,DS,5,982512,982512,Global,196502.4
2013,Just Dance 2014,Wii,14,2723677,2723677,Global,194548.357142857
2007,Mass Effect,X360,6,1161929,1161929,Global,193654.833333333
2013,Call of Duty: Ghosts,XOne,7,1346171,1346171,Global,192310.142857143
2017,Assassin's Creed Origins,XOne,10,1913639,1913639,Global,191363.9
2010,Need for Speed: Hot Pursuit,X360,7,1336847,1336847,Global,190978.142857143
2013,Monster Hunter 4,3DS,17,3234463,3234463,Global,190262.529411765
2017,FIFA 18,XOne,14,2653270,2653270,Global,189519.285714286
2018,Fallout 76,PS4,7,1321887,1321887,Global,188841
2008,Fallout 3,X360,10,1886335,1886335,Global,188633.5
2009,FIFA Soccer 10,PS3,14,2632971,2632971,Global,188069.357142857
2014,The Crew,PS4,5,935741,935741,Global,187148.2
2010,FIFA Soccer 11,X360,14,2601237,2601237,Global,185802.642857143
2014,Monster Hunter 4G,3DS,13,2409601,2409601,Global,185353.923076923
2008,Grand Theft Auto IV,X360,36,6663769,6663769,Global,185104.694444444
2011,Saints Row: The Third,PS3,7,1286187,1286187,Global,183741
2008,LittleBigPlanet,PS3,10,1822248,1822248,Global,182224.8
2010,Super Mario Galaxy 2,Wii,32,5805971,5805971,Global,181436.59375
2010,Super Mario All-Stars: Limited Edition,Wii,11,1994614,1994614,Global,181328.545454545
2010,Wii Party,Wii,26,4702627,4702627,Global,180870.269230769
2009,Forza Motorsport 3,X360,11,1971897,1971897,Global,179263.363636364
2008,Wii Music,Wii,12,2136582,2136582,Global,178048.5
2017,Mario Kart 8 Deluxe,NS,36,6357868,6357868,Global,176607.444444444
2011,Need for Speed: The Run,PS3,7,1235889,1235889,Global,176555.571428571
2014,Dragon Age: Inquisition,PS4,7,1232064,1232064,Global,176009.142857143
2015,Call of Duty: Black Ops 3,PS3,9,1582916,1582916,Global,175879.555555556
2007,Wii Fit,Wii,5,878716,878716,Global,175743.2
2015,Call of Duty: Black Ops 3,X360,9,1577250,1577250,Global,175250
2009,Mario & Sonic at the Olympic Winter Games,DS,12,2100303,2100303,Global,175025.25
2015,FIFA 16,XOne,15,2613017,2613017,Global,174201.133333333
2012,Resident Evil 6 Anthology,PS3,13,2250072,2250072,Global,173082.461538462
2017,Need for Speed: Payback,PS4,8,1368491,1368491,Global,171061.375
2017,Splatoon 2,NS,24,4104949,4104949,Global,171039.541666667
2016,Mafia III,PS4,13,2221814,2221814,Global,170908.769230769
2007,Dragon Quest IV: Chapters of the Chosen,DS,6,1021037,1021037,Global,170172.833333333
2014,FIFA 15,X360,15,2545109,2545109,Global,169673.933333333
2017,NBA 2K18,PS4,16,2703582,2703582,Global,168973.875
2015,Metal Gear Solid V: The Phantom Pain,PS4,18,3019211,3019211,Global,167733.944444444
2018,God of War (PS4),PS4,37,6153527,6153527,Global,166311.540540541
2016,Dishonored 2,PS4,8,1319229,1319229,Global,164903.625
2018,NBA 2K19,PS4,16,2627728,2627728,Global,164233
2016,NBA 2K17,PS4,16,2617029,2617029,Global,163564.3125
2008,Super Smash Bros. Brawl,Wii,49,7918031,7918031,Global,161592.469387755
2017,Xenoblade Chronicles 2,NS,5,802295,802295,Global,160459
2009,Dragon Quest IX: Sentinels of the Starry Skies,DS,26,4135942,4135942,Global,159074.692307692
2016,Final Fantasy XV,XOne,5,795272,795272,Global,159054.4
2018,FIFA 19,XOne,14,2223288,2223288,Global,158806.285714286
2013,FIFA Soccer 14,PS4,8,1268098,1268098,Global,158512.25
2010,Medal of Honor,X360,12,1899789,1899789,Global,158315.75
2015,Super Mario Maker,WiiU,17,2682019,2682019,Global,157765.823529412
2013,Battlefield 4,PS4,8,1250942,1250942,Global,156367.75
2012,Need for Speed: Most Wanted (Limited Edition),PS3,9,1406713,1406713,Global,156301.444444444
2011,Battlefield 3,PC,10,1560631,1560631,Global,156063.1
2012,Paper Mario,3DS,7,1092110,1092110,Global,156015.714285714
2011,Kinect Sports: Season Two,X360,10,1550459,1550459,Global,155045.9
2010,Mario vs. Donkey Kong: Mini-Land Mayhem!,DS,7,1084680,1084680,Global,154954.285714286
2009,Pro Evolution Soccer 2010,PS3,11,1703972,1703972,Global,154906.545454545
2008,Grand Theft Auto IV,PS3,36,5570776,5570776,Global,154743.777777778
2012,Skylanders Giants,Wii,11,1700240,1700240,Global,154567.272727273
2011,Forza Motorsport 4,X360,12,1849731,1849731,Global,154144.25
2015,FIFA 16,PS3,15,2307326,2307326,Global,153821.733333333
2010,Dance Central,X360,9,1384228,1384228,Global,153803.111111111
2010,Medal of Honor,PS3,12,1835185,1835185,Global,152932.083333333
2013,Killzone: Shadow Fall,PS4,8,1216148,1216148,Global,152018.5
2013,Assassin's Creed IV: Black Flag,PS4,8,1194778,1194778,Global,149347.25
2007,Guitar Hero III: Legends of Rock,Wii,9,1341166,1341166,Global,149018.444444444
2009,Dragon Age: Origins,X360,9,1340882,1340882,Global,148986.888888889
2008,Guitar Hero: World Tour,X360,10,1460048,1460048,Global,146004.8
2013,The Last of Us,PS3,30,4374477,4374477,Global,145815.9
2013,Battlefield 4,XOne,7,1017114,1017114,Global,145302
2013,Batman: Arkham Origins,PS3,11,1581546,1581546,Global,143776.909090909
2008,Resistance 2,PS3,9,1287309,1287309,Global,143034.333333333
2012,Borderlands 2,X360,15,2145478,2145478,Global,143031.866666667
2014,Destiny,XOne,17,2428397,2428397,Global,142846.882352941
2015,Madden NFL 16,PS4,19,2706916,2706916,Global,142469.263157895
2018,Forza Horizon 4,XOne,13,1839995,1839995,Global,141538.076923077
2012,NBA 2K13,X360,13,1826945,1826945,Global,140534.230769231
2010,pro evolution soccer 2011,PS3,13,1826851,1826851,Global,140527
2016,Madden NFL 17,PS4,19,2668159,2668159,Global,140429.421052632
2009,FIFA Soccer 10,X360,14,1958228,1958228,Global,139873.428571429
2014,Far Cry 4,XOne,7,976573,976573,Global,139510.428571429
2014,Just Dance 2015,Wii,11,1531427,1531427,Global,139220.636363636
2017,The Legend of Zelda: Breath of the Wild,NS,44,6073816,6073816,Global,138041.272727273
2016,Forza Horizon 3,XOne,14,1931855,1931855,Global,137989.642857143
2016,Watch Dogs 2,XOne,7,959121,959121,Global,137017.285714286
2014,Middle-Earth: Shadow of Mordor,PS4,14,1911791,1911791,Global,136556.5
2008,Pokemon Platinum Version,DS,17,2295013,2295013,Global,135000.764705882
2014,Mario Kart 8,WiiU,32,4306831,4306831,Global,134588.46875
2017,Crash Bandicoot N. Sane Trilogy,PS4,27,3615050,3615050,Global,133890.740740741
2011,Call of Duty: Modern Warfare 3,PC,8,1067168,1067168,Global,133396
2009,Tekken 6,PS3,10,1332872,1332872,Global,133287.2
2018,Fallout 76,XOne,7,931129,931129,Global,133018.428571429
2008,Metal Gear Solid 4: Guns of the Patriots,PS3,30,3980134,3980134,Global,132671.133333333
2009,Borderlands,X360,11,1453305,1453305,Global,132118.636363636
2014,LittleBigPlanet 3,PS4,7,923725,923725,Global,131960.714285714
2010,Fallout: New Vegas,PS3,11,1439642,1439642,Global,130876.545454545
2010,uDraw Studio,Wii,7,912853,912853,Global,130407.571428571
2017,Middle-Earth: Shadow of War,PS4,12,1559177,1559177,Global,129931.416666667
2013,Forza Motorsport 5,XOne,7,907797,907797,Global,129685.285714286
2008,Kirby Super Star Ultra,DS,15,1940281,1940281,Global,129352.066666667
2016,The Elder Scrolls V: Skyrim,XOne,10,1285981,1285981,Global,128598.1
2007,Mario Party 8,Wii,31,3957344,3957344,Global,127656.258064516
2007,Link's Crossbow Training,Wii,6,764231,764231,Global,127371.833333333
2012,Madden NFL 13,X360,18,2260829,2260829,Global,125601.611111111
2008,PES 2009: Pro Evolution Soccer,PS3,12,1502444,1502444,Global,125203.666666667
2015,NBA 2K16,XOne,14,1752468,1752468,Global,125176.285714286
2010,Sports Champions,PS3,16,1993891,1993891,Global,124618.1875
2011,Madden NFL 12,X360,18,2209878,2209878,Global,122771
2016,Rise of the Tomb Raider,PS4,12,1469281,1469281,Global,122440.083333333
2007,Need for Speed: ProStreet,PS3,7,850700,850700,Global,121528.571428571
2013,NBA 2K14,X360,14,1699212,1699212,Global,121372.285714286
2007,Need for Speed: ProStreet,X360,7,847394,847394,Global,121056.285714286
2015,Rise of the Tomb Raider,XOne,8,968151,968151,Global,121018.875
2015,Splatoon,WiiU,32,3871492,3871492,Global,120984.125
2008,FIFA Soccer 09,PS3,14,1690136,1690136,Global,120724
2010,Call of Duty: Black Ops,PC,8,963787,963787,Global,120473.375
2015,Batman: Arkham Knight,PS4,28,3371860,3371860,Global,120423.571428571
2014,The Last of Us Remastered,PS4,23,2748130,2748130,Global,119483.913043478
2013,Skylanders Swap Force,Wii,12,1433723,1433723,Global,119476.916666667
2014,NBA 2K15,PS4,13,1552801,1552801,Global,119446.230769231
2007,The Legend of Zelda: Phantom Hourglass,DS,27,3212914,3212914,Global,118996.814814815
2011,Pro Evolution Soccer 2012,PS3,14,1654620,1654620,Global,118187.142857143
2011,Dance Central 2,X360,11,1296472,1296472,Global,117861.090909091
2014,Youkai Watch 2 Ganso/Honke,3DS,26,3058338,3058338,Global,117628.384615385
2016,Titanfall 2,PS4,10,1163119,1163119,Global,116311.9
2017,Madden NFL 18,PS4,19,2203912,2203912,Global,115995.368421053
2010,Red Dead Redemption,X360,33,3803953,3803953,Global,115271.303030303
2013,Batman: Arkham Origins,X360,11,1261847,1261847,Global,114713.363636364
2015,Animal Crossing: Happy Home Designer,3DS,23,2617022,2617022,Global,113783.565217391
2012,Call of Duty: Black Ops II,PC,7,793027,793027,Global,113289.571428571
2015,Fallout 4,PC,8,900727,900727,Global,112590.875
2014,The Evil Within,PS4,12,1347102,1347102,Global,112258.5
2009,Need for Speed: Shift,PS3,16,1787950,1787950,Global,111746.875
2010,StarCraft II: Wings of Liberty,PC,23,2563265,2563265,Global,111446.304347826
2014,FIFA 15,XOne,15,1659707,1659707,Global,110647.133333333
2015,Madden NFL 16,XOne,19,2095827,2095827,Global,110306.684210526
2012,Resident Evil 6,X360,13,1430267,1430267,Global,110020.538461538
2012,NBA 2K13,PS3,13,1422392,1422392,Global,109414.769230769
2007,Uncharted: Drake's Fortune,PS3,7,761429,761429,Global,108775.571428571
2018,NBA 2K19,XOne,16,1737777,1737777,Global,108611.0625
2018,Shadow of the Tomb Raider,PS4,16,1735311,1735311,Global,108456.9375
2008,Fallout 3,PS3,10,1083557,1083557,Global,108355.7
2009,Grand Theft Auto: Episodes from Liberty City,X360,10,1081509,1081509,Global,108150.9
2014,Driveclub,PS4,13,1405379,1405379,Global,108106.076923077
2017,Destiny 2,XOne,17,1833351,1833351,Global,107844.176470588
2014,Watch Dogs,PS4,32,3449517,3449517,Global,107797.40625
2009,Madden NFL 10,X360,21,2250338,2250338,Global,107158.952380952
2018,Assassin's Creed Odyssey,XOne,13,1388057,1388057,Global,106773.615384615
2016,Madden NFL 17,XOne,19,2024006,2024006,Global,106526.631578947
2014,Assassin's Creed: Rogue,PS3,8,847451,847451,Global,105931.375
2011,Just Dance 3,X360,13,1373136,1373136,Global,105625.846153846
2018,Madden NFL 19,PS4,21,2214368,2214368,Global,105446.095238095
2010,Madden NFL 11,X360,21,2200237,2200237,Global,104773.19047619
2016,Titanfall 2,XOne,10,1044298,1044298,Global,104429.8
2013,Minecraft,X360,31,3219571,3219571,Global,103857.129032258
2012,Forza Horizon,X360,10,1038037,1038037,Global,103803.7
2011,NBA 2K12,X360,13,1346314,1346314,Global,103562.615384615
2015,Gears of War,XOne,19,1954082,1954082,Global,102846.421052632
2017,NBA 2K18,XOne,16,1642922,1642922,Global,102682.625
2017,The Sims 4,PS4,7,717387,717387,Global,102483.857142857
2017,Horizon: Zero Dawn,PS4,44,4507665,4507665,Global,102446.931818182
2012,Madden NFL 13,PS3,18,1841418,1841418,Global,102301
2007,WWE SmackDown vs Raw 2008,X360,8,818254,818254,Global,102281.75
2008,Far Cry 2,X360,11,1120317,1120317,Global,101847
2014,Minecraft: PlayStation 4 Edition,PS4,14,1421554,1421554,Global,101539.571428571
2011,Kirby's Return to Dreamland,Wii,10,1014632,1014632,Global,101463.2
2008,Madden NFL 09,X360,21,2128687,2128687,Global,101366.047619048
2010,Red Dead Redemption,PS3,33,3340116,3340116,Global,101215.636363636
2017,South Park: The Fractured But Whole,PS4,11,1112408,1112408,Global,101128
2010,NBA 2K11,X360,13,1306608,1306608,Global,100508.307692308
2007,MySims,DS,15,1493282,1493282,Global,99552.1333333333
2015,Assassin's Creed Syndicate,XOne,11,1089368,1089368,Global,99033.4545454545
2018,Far Cry 5,PS4,40,3953687,3953687,Global,98842.175
2011,Madden NFL 12,PS3,18,1774699,1774699,Global,98594.3888888889
2018,Fortnite,NS,7,689665,689665,Global,98523.5714285714
2013,NBA 2K14,PS3,14,1364604,1364604,Global,97471.7142857143
2008,FIFA Soccer 09,X360,14,1363253,1363253,Global,97375.2142857143
2018,Farming Simulator 19,PC,6,583425,583425,Global,97237.5
2017,Uncharted: The Lost Legacy,PS4,19,1836162,1836162,Global,96640.1052631579
2017,Wolfenstein II: The New Colossus,PS4,10,963024,963024,Global,96302.4
2015,WWE 2K16,PS4,10,962146,962146,Global,96214.6
2015,The Witcher 3: Wild Hunt,PS4,33,3154893,3154893,Global,95602.8181818182
2018,Monster Hunter: World,PS4,49,4671040,4671040,Global,95327.3469387755
2013,Madden NFL 25,X360,19,1787313,1787313,Global,94069.1052631579
2007,Forza Motorsport 2,X360,32,3004512,3004512,Global,93891
2016,Tom Clancy's The Division,PS4,43,4029849,4029849,Global,93717.4186046512
2018,Spyro Reignited Trilogy,XOne,7,654730,654730,Global,93532.8571428571
2011,Skylanders: Spyro's Adventure,Wii,12,1118799,1118799,Global,93233.25
2008,Saints Row 2,X360,12,1118587,1118587,Global,93215.5833333333
2008,Star Wars: The Force Unleashed,X360,16,1490519,1490519,Global,93157.4375
2007,LEGO Star Wars: The Complete Saga,DS,8,745048,745048,Global,93131
2007,Madden NFL 08,X360,20,1862407,1862407,Global,93120.35
2012,Dishonored,X360,12,1108439,1108439,Global,92369.9166666667
2015,Destiny: The Taken King,PS4,16,1475991,1475991,Global,92249.4375
2012,WWE '13,X360,9,829882,829882,Global,92209.1111111111
2016,Dragon Ball: Xenoverse 2,PS4,10,916289,916289,Global,91628.9
2013,LEGO Marvel Super Heroes,X360,11,1003848,1003848,Global,91258.9090909091
2014,Minecraft: PlayStation 3 Edition,PS3,34,3083428,3083428,Global,90689.0588235294
2008,Guitar Hero: On Tour,DS,28,2526494,2526494,Global,90231.9285714286
2016,NBA 2K17,XOne,16,1441046,1441046,Global,90065.375
2011,The Sims 3 (Mobile Versions),Mobile Versions,11,984148,984148,Global,89468
2012,Need for Speed: Most Wanted (Limited Edition),X360,9,804580,804580,Global,89397.7777777778
2016,Just Dance 2017,Wii,10,888704,888704,Global,88870.4
2012,Diablo III,PC,33,2932288,2932288,Global,88857.2121212121
2013,Wii Party U,WiiU,11,974689,974689,Global,88608.0909090909
2012,WWE '13,PS3,9,796430,796430,Global,88492.2222222222
2016,No Man's Sky,PS4,21,1854440,1854440,Global,88306.6666666667
2014,Destiny,X360,17,1499887,1499887,Global,88228.6470588235
2012,Guild Wars 2,PC,18,1571387,1571387,Global,87299.2777777778
2011,Rage,X360,13,1132212,1132212,Global,87093.2307692308
2009,Gran Turismo,PSP,14,1218088,1218088,Global,87006.2857142857
2017,Madden NFL 18,XOne,19,1649230,1649230,Global,86801.5789473684
2011,NBA 2K12,PS3,13,1123275,1123275,Global,86405.7692307692
2009,Tomodachi Collection,DS,29,2505165,2505165,Global,86385
2015,FIFA 16,X360,15,1295443,1295443,Global,86362.8666666667
2008,LEGO Indiana Jones: The Original Adventures,X360,31,2676645,2676645,Global,86343.3870967742
2014,Madden NFL 15,X360,19,1632711,1632711,Global,85932.1578947368
2014,NBA 2K15,X360,13,1115578,1115578,Global,85813.6923076923
2010,Madden NFL 11,PS3,21,1801913,1801913,Global,85805.3809523809
2010,God of War III,PS3,42,3575871,3575871,Global,85139.7857142857
2015,Legend of Zelda: Triforce Heroes,3DS,11,931480,931480,Global,84680
2007,Pro Evolution Soccer 2008,PS3,10,846142,846142,Global,84614.2
2009,Madden NFL 10,PS3,21,1772635,1772635,Global,84411.1904761905
2014,Madden NFL 15,PS4,19,1598441,1598441,Global,84128.4736842105
2012,World of Warcraft: Mists of Pandaria,PC,14,1176920,1176920,Global,84065.7142857143
2009,Batman: Arkham Asylum,PS3,19,1591037,1591037,Global,83738.7894736842
2010,Kirby's Epic Yarn,Wii,12,1004449,1004449,Global,83704.0833333333
2012,Borderlands 2,PS3,15,1253638,1253638,Global,83575.8666666667
2013,Beyond: Two Souls,PS3,13,1084041,1084041,Global,83387.7692307692
2014,The Sims 4,PC,18,1499519,1499519,Global,83306.6111111111
2017,WWE 2K18,PS4,11,914426,914426,Global,83129.6363636364
2016,Overwatch,PS4,32,2649616,2649616,Global,82800.5
2007,Pokemon Mystery Dungeon: Explorers of Time / Darkness,DS,16,1320516,1320516,Global,82532.25
2015,Yo-Kai Watch Busters: Red Cat Team / White Dog Squad,3DS,26,2137693,2137693,Global,82218.9615384615
2013,Luigi's Mansion: Dark Moon,3DS,42,3447347,3447347,Global,82079.6904761905
2018,WWE 2K19,PS4,12,983134,983134,Global,81927.8333333333
2011,The Legend of Zelda: Ocarina of Time 3D,3DS,29,2361053,2361053,Global,81415.6206896552
2008,Rock Band 2,X360,16,1298946,1298946,Global,81184.125
2013,LEGO Marvel Super Heroes,PS3,11,888389,888389,Global,80762.6363636364
2012,Medal of Honor: Warfighter,PS3,10,802307,802307,Global,80230.7
2016,Farming Simulator 17,PC,10,800176,800176,Global,80017.6
2017,Forza Motorsport 7,XOne,14,1116071,1116071,Global,79719.3571428571
2012,Skylanders Giants,X360,11,873338,873338,Global,79394.3636363636
2014,NBA 2K15,XOne,13,1019623,1019623,Global,78432.5384615385
2016,FIFA 17,PS3,14,1094771,1094771,Global,78197.9285714286
2007,Star Wars Battlefront: Renegade Squadron,PSP,12,937567,937567,Global,78130.5833333333
2017,Dragon Quest XI,3DS,23,1790696,1790696,Global,77856.347826087
2015,Forza Motorsport 6,XOne,16,1238487,1238487,Global,77405.4375
2017,Mario + Rabbids Kingdom Battle,NS,18,1389990,1389990,Global,77221.6666666667
2009,EA Sports Active,Wii,33,2540457,2540457,Global,76983.5454545455
2018,Just Dance 2019,NS,10,761638,761638,Global,76163.8
2009,Need for Speed: Shift,X360,16,1200506,1200506,Global,75031.625
2008,Mario & Sonic at the Olympic Games,DS,51,3796912,3796912,Global,74449.2549019608
2018,Diablo III: Eternal Collection,NS,9,669773,669773,Global,74419.2222222222
2016,WWE 2K17,PS4,12,890554,890554,Global,74212.8333333333
2008,Kung Fu Panda,X360,31,2300227,2300227,Global,74200.8709677419
2013,Madden NFL 25,PS3,19,1398683,1398683,Global,73614.8947368421
2017,Pokken Tournament,NS,15,1102479,1102479,Global,73498.6
2015,Just Dance 2016,Wii,11,807340,807340,Global,73394.5454545455
2010,NBA 2K11,PS3,13,949295,949295,Global,73022.6923076923
2014,Destiny,PS3,17,1236231,1236231,Global,72719.4705882353
2007,BioShock,X360,19,1377733,1377733,Global,72512.2631578947
2015,Until Dawn,PS4,19,1377258,1377258,Global,72487.2631578947
2018,Madden NFL 19,XOne,21,1508105,1508105,Global,71814.5238095238
2011,Dead Island,X360,17,1211183,1211183,Global,71246.0588235294
2008,Madden NFL 09,PS3,21,1475681,1475681,Global,70270.5238095238
2007,FIFA Soccer 08,PS3,14,972574,972574,Global,69469.5714285714
2017,Middle-Earth: Shadow of War,XOne,12,831919,831919,Global,69326.5833333333
2012,Dishonored,PS3,12,831465,831465,Global,69288.75
2011,L.A. Noire,PS3,33,2267475,2267475,Global,68711.3636363636
2008,Star Wars: The Force Unleashed,Wii,16,1090855,1090855,Global,68178.4375
2008,Star Wars: The Force Unleashed,PS3,16,1080625,1080625,Global,67539.0625
2008,Monster Hunter Freedom Unite,PSP,41,2767350,2767350,Global,67496.3414634146
2018,Minecraft,NS,28,1888081,1888081,Global,67431.4642857143
2018,Mario Tennis Aces,NS,28,1873240,1873240,Global,66901.4285714286
2017,Tom Clancy's Ghost Recon Wildlands,PS4,43,2839171,2839171,Global,66027.2325581395
2012,Pro Evolution Soccer 2013,PS3,15,989303,989303,Global,65953.5333333333
2007,Ratchet & Clank Future: Tools of Destruction,PS3,10,659447,659447,Global,65944.7
2013,Skylanders Swap Force,X360,12,781668,781668,Global,65139
2018,SoulCalibur VI,PS4,11,712769,712769,Global,64797.1818181818
2014,Middle-Earth: Shadow of Mordor,XOne,14,902141,902141,Global,64438.6428571429
2014,Skylanders: Trap Team,Wii,13,830899,830899,Global,63915.3076923077
2009,Resident Evil 5,PS3,44,2803120,2803120,Global,63707.2727272727
2011,Dark Souls,PS3,15,954481,954481,Global,63632.0666666667
2011,L.A. Noire,X360,33,2093668,2093668,Global,63444.4848484848
2009,Batman: Arkham Asylum,X360,19,1203273,1203273,Global,63330.1578947368
2008,Rhythm Heaven,DS,23,1455552,1455552,Global,63284.8695652174
2014,Madden NFL 15,XOne,19,1200483,1200483,Global,63183.3157894737
2010,F1 2010,PS3,15,939502,939502,Global,62633.4666666667
2013,Saints Row IV,X360,20,1252071,1252071,Global,62603.55
2011,Dead Island,PS3,17,1056546,1056546,Global,62149.7647058823
2007,Worldwide Soccer Manager 2008,PC,11,682589,682589,Global,62053.5454545455
2014,NBA 2K15,PS3,13,805608,805608,Global,61969.8461538462
2017,Dragon Quest XI,PS4,23,1415681,1415681,Global,61551.347826087
2016,Mafia III,XOne,13,789641,789641,Global,60741.6153846154
2015,Mortal Kombat X,PS4,38,2281692,2281692,Global,60044.5263157895
2010,Battlefield: Bad Company 2,X360,44,2632257,2632257,Global,59824.0227272727
2012,Mass Effect 3 (N7 Collector's Edition),X360,43,2569500,2569500,Global,59755.8139534884
2014,Titanfall,XOne,43,2535002,2535002,Global,58953.5348837209
2009,The Beatles: Rock Band,Wii,17,997839,997839,Global,58696.4117647059
2007,FIFA Soccer 08,X360,14,814978,814978,Global,58212.7142857143
2014,Madden NFL 15,PS3,19,1093945,1093945,Global,57576.0526315789
2007,Metroid Prime 3: Corruption,Wii,18,1024987,1024987,Global,56943.7222222222
2009,Scribblenauts,DS,16,908463,908463,Global,56778.9375
2016,Paper Mario: Color Splash,WiiU,13,735219,735219,Global,56555.3076923077
2017,The Evil Within II,PS4,12,677745,677745,Global,56478.75
2016,Yokai Watch 3,3DS,25,1411450,1411450,Global,56458
2009,Resident Evil 5,X360,44,2476278,2476278,Global,56279.0454545455
2011,Resistance 3,PS3,17,953683,953683,Global,56099
2007,Flash Focus: Vision Training in Minutes a Day,DS,31,1716520,1716520,Global,55371.6129032258
2016,Tom Clancy's The Division,XOne,43,2377695,2377695,Global,55295.2325581395
2018,Astro Bot Rescue Mission,PS4,13,713531,713531,Global,54887
2016,Doom (2016),PS4,34,1853542,1853542,Global,54515.9411764706
2016,Far Cry: Primal,PS4,45,2422715,2422715,Global,53838.1111111111
2016,Mario Party: Star Rush,3DS,13,699607,699607,Global,53815.9230769231
2018,FIFA 19,NS,14,748409,748409,Global,53457.7857142857
2007,Super Paper Mario,Wii,38,2025923,2025923,Global,53313.7631578947
2015,Destiny: The Taken King,XOne,16,852760,852760,Global,53297.5
2009,UFC 2009 Undisputed,X360,33,1733513,1733513,Global,52530.696969697
2013,The Legend of Zelda: The Wind Waker HD,WiiU,15,786505,786505,Global,52433.6666666667
2013,Mario & Luigi: Dream Team,3DS,26,1356853,1356853,Global,52186.6538461538
2012,Mario Party 9,Wii,44,2289775,2289775,Global,52040.3409090909
2016,Ratchet & Clank (2016),PS4,38,1971283,1971283,Global,51875.8684210526
2015,Mad Max,PS4,18,932519,932519,Global,51806.6111111111
2017,Resident Evil VII: Biohazard,PS4,49,2534162,2534162,Global,51717.5918367347
2007,FIFA Soccer 08,PSP,14,722942,722942,Global,51638.7142857143
2018,Starlink: Battle for Atlas,NS,11,567755,567755,Global,51614.0909090909
2011,Deus Ex: Human Revolution,X360,19,961991,961991,Global,50631.1052631579
2009,Killzone 2,PS3,45,2257401,2257401,Global,50164.4666666667
2014,inFAMOUS: Second Son,PS4,42,2101363,2101363,Global,50032.4523809524
2007,MySims,Wii,15,749187,749187,Global,49945.8
2015,The Elder Scrolls Online: Tamriel Unlimited,PS4,30,1496383,1496383,Global,49879.4333333333
2017,Arms,NS,29,1441461,1441461,Global,49705.5517241379
2007,High School Musical: Makin' the Cut!,DS,20,992854,992854,Global,49642.7
2018,Detroit: Become Human,PS4,32,1572826,1572826,Global,49150.8125
2015,Bloodborne,PS4,41,2012302,2012302,Global,49080.5365853659
2018,Shadow of the Tomb Raider,XOne,16,784465,784465,Global,49029.0625
2014,Watch Dogs,PS3,32,1564086,1564086,Global,48877.6875
2013,Tomb Raider,PS3,44,2130650,2130650,Global,48423.8636363636
2008,Dragon Quest V: Hand of the Heavenly Bride,DS,25,1209507,1209507,Global,48380.28
2018,Donkey Kong Country: Tropical Freeze,NS,35,1691822,1691822,Global,48337.7714285714
2007,Crisis Core: Final Fantasy VII,PSP,16,771644,771644,Global,48227.75
2013,Diablo III,PS3,18,863859,863859,Global,47992.1666666667
2007,Heavenly Sword,PS3,16,767628,767628,Global,47976.75
2011,LittleBigPlanet 2,PS3,50,2382980,2382980,Global,47659.6
2013,Disney Infinity,Wii,20,951537,951537,Global,47576.85
2018,Kirby,NS,42,1992021,1992021,Global,47429.0714285714
2011,Killzone 3,PS3,45,2132397,2132397,Global,47386.6
2010,Battlefield: Bad Company 2,PS3,44,2061975,2061975,Global,46863.0681818182
2010,Art Academy,DS,29,1357007,1357007,Global,46793.3448275862
2015,Batman: Arkham Knight,XOne,28,1303425,1303425,Global,46550.8928571429
2015,The Legend of Zelda: Majora's Mask 3D,3DS,47,2174843,2174843,Global,46273.2553191489
2009,Mario & Luigi: Bowser's Inside Story,DS,47,2174815,2174815,Global,46272.6595744681
2015,Battlefield: Hardline,PS4,42,1923752,1923752,Global,45803.619047619
2013,New Super Luigi U,WiiU,26,1189211,1189211,Global,45738.8846153846
2008,SoulCalibur IV,X360,23,1037986,1037986,Global,45129.8260869565
2010,LEGO Harry Potter: Years 1-4,DS,28,1262899,1262899,Global,45103.5357142857
2016,Overwatch,XOne,32,1442942,1442942,Global,45091.9375
2010,LEGO Harry Potter: Years 1-4,Wii,28,1257234,1257234,Global,44901.2142857143
2018,Far Cry 5,XOne,40,1779209,1779209,Global,44480.225
2008,God of War: Chains of Olympus,PSP,44,1940470,1940470,Global,44101.5909090909
2015,Dragon Quest VIII: Journey of the Cursed King,3DS,19,833735,833735,Global,43880.7894736842
2011,Nintendogs + cats,3DS,45,1965356,1965356,Global,43674.5777777778
2013,Disney Infinity,X360,20,869566,869566,Global,43478.3
2016,Dark Souls III,PS4,41,1778568,1778568,Global,43379.7073170732
2009,Monster Hunter Tri,Wii,23,994840,994840,Global,43253.9130434783
2008,Tom Clancy's Rainbow Six: Vegas 2,X360,42,1805964,1805964,Global,42999.1428571429
2010,Mass Effect 2,X360,49,2100906,2100906,Global,42875.6326530612
2013,Tomodachi Collection: Shin Seikatsu,3DS,38,1627808,1627808,Global,42837.0526315789
2009,Kingdom Hearts 358/2 Days,DS,32,1366544,1366544,Global,42704.5
2007,Big Brain Academy: Wii Degree,Wii,36,1522905,1522905,Global,42302.9166666667
2007,Monster Hunter Freedom 2,PSP,45,1902717,1902717,Global,42282.6
2010,Toy Story 3: The Video Game,DS,29,1218051,1218051,Global,42001.7586206897
2009,UFC 2009 Undisputed,PS3,33,1371682,1371682,Global,41566.1212121212
2010,Tom Clancy's Splinter Cell: Conviction,X360,38,1579049,1579049,Global,41553.9210526316
2010,Metal Gear Solid: Peace Walker,PSP,36,1494963,1494963,Global,41526.75
2018,Crash Bandicoot N. Sane Trilogy,NS,27,1114647,1114647,Global,41283.2222222222
2017,Injustice 2,PS4,33,1361242,1361242,Global,41249.7575757576
2013,Saints Row IV,PS3,20,823284,823284,Global,41164.2
2009,inFAMOUS,PS3,32,1316869,1316869,Global,41152.15625
2013,God of War: Ascension,PS3,43,1765174,1765174,Global,41050.5581395349
2015,Madden NFL 16,X360,19,776579,776579,Global,40872.5789473684
2011,Mortal Kombat,PS3,37,1512133,1512133,Global,40868.4594594595
2018,Project Octopath Traveler,NS,25,1018756,1018756,Global,40750.24
2014,Diablo III: Ultimate Evil Edition,PS4,20,814247,814247,Global,40712.35
2015,Yoshi's Woolly World,WiiU,28,1133519,1133519,Global,40482.8214285714
2017,Tekken 7,PS4,31,1245467,1245467,Global,40176.3548387097
2014,Watch Dogs,XOne,32,1284476,1284476,Global,40139.875
2008,Pokemon Ranger: Shadows of Almia,DS,42,1683217,1683217,Global,40076.5952380952
2014,Hyrule Warriors,WiiU,21,835878,835878,Global,39803.7142857143
2008,Sega Superstars Tennis,X360,42,1670048,1670048,Global,39763.0476190476
2013,BioShock Infinite,X360,41,1620278,1620278,Global,39518.9756097561
2009,The Sims 3,PC,31,1223662,1223662,Global,39472.9677419355
2017,Monster Hunter Double Cross,3DS,42,1641053,1641053,Global,39072.6904761905
2007,Carnival Games,Wii,18,700157,700157,Global,38897.6111111111
2016,Minecraft,WiiU,28,1085580,1085580,Global,38770.7142857143
2015,The Elder Scrolls Online: Tamriel Unlimited,XOne,30,1157519,1157519,Global,38583.9666666667
2007,Mario Strikers Charged,Wii,32,1220068,1220068,Global,38127.125
2017,Final Fantasy XII: The Zodiac Age,PS4,25,947378,947378,Global,37895.12
2008,LEGO Indiana Jones: The Original Adventures,DS,31,1166733,1166733,Global,37636.5483870968
2008,Wall-E,DS,28,1047270,1047270,Global,37402.5
2007,Guitar Hero II,X360,39,1455728,1455728,Global,37326.358974359
2011,Portal 2,X360,37,1367249,1367249,Global,36952.6756756757
2011,inFAMOUS 2,PS3,30,1098974,1098974,Global,36632.4666666667
2016,Lego Star Wars: The Force Awakens,PS4,27,986820,986820,Global,36548.8888888889
2013,Tomb Raider,X360,44,1605004,1605004,Global,36477.3636363636
2009,Street Fighter IV,PS3,47,1708966,1708966,Global,36360.9787234043
2013,Donkey Kong Country Returns 3D,3DS,33,1199697,1199697,Global,36354.4545454545
2012,Tom Clancy's Ghost Recon: Future Soldier,X360,32,1159061,1159061,Global,36220.65625
2009,Halo Wars,X360,45,1628033,1628033,Global,36178.5111111111
2013,NCAA Football 14,X360,26,937228,937228,Global,36047.2307692308
2012,Max Payne 3,X360,33,1181441,1181441,Global,35801.2424242424
2017,1-2-Switch,NS,44,1574025,1574025,Global,35773.2954545455
2010,Final Fantasy XIII,X360,43,1524229,1524229,Global,35447.1860465116
2012,NCAA Football 13,X360,25,885992,885992,Global,35439.68
2010,Heavy Rain,PS3,46,1625729,1625729,Global,35341.9347826087
2012,Max Payne 3,PS3,33,1157912,1157912,Global,35088.2424242424
2009,Fight Night Round 4,X360,28,976782,976782,Global,34885.0714285714
2008,Deca Sports,Wii,42,1458711,1458711,Global,34731.2142857143
2017,For Honor,PS4,46,1582163,1582163,Global,34394.847826087
2015,Dying Light,PS4,49,1681933,1681933,Global,34325.1632653061
2014,Watch Dogs,X360,32,1092898,1092898,Global,34153.0625
2015,The Order 1866,PS4,46,1569154,1569154,Global,34112.0434782609
2009,[Prototype],X360,30,1023063,1023063,Global,34102.1
2010,Dragon Quest Monsters: Joker 2,DS,36,1227261,1227261,Global,34090.5833333333
2017,Mass Effect: Andromeda,PS4,41,1395403,1395403,Global,34034.2195121951
2007,Madden NFL 08,PS3,20,679280,679280,Global,33964
2018,Captain Toad: Treasure Tracker,NS,25,848254,848254,Global,33930.16
2010,BioShock 2,X360,47,1584728,1584728,Global,33717.6170212766
2017,Tom Clancy's Ghost Recon Wildlands,XOne,43,1431993,1431993,Global,33302.1627906977
2015,The Witcher 3: Wild Hunt,XOne,33,1084884,1084884,Global,32875.2727272727
2009,Fight Night Round 4,PS3,28,918087,918087,Global,32788.8214285714
2013,Gears of War: Judgment,X360,42,1373879,1373879,Global,32711.4047619048
2014,Wolfenstein: The New Order,PS4,33,1079313,1079313,Global,32706.4545454545
2013,BioShock Infinite,PS3,41,1318872,1318872,Global,32167.6097560976
2015,Mario Party 10,WiiU,43,1378685,1378685,Global,32062.4418604651
2015,Mortal Kombat X,XOne,38,1201488,1201488,Global,31618.1052631579
2011,Homefront,X360,42,1302624,1302624,Global,31014.8571428571
2008,Army of Two,X360,44,1363813,1363813,Global,30995.75
2007,Resident Evil 4: Wii Edition,Wii,31,950452,950452,Global,30659.7419354839
2016,Kirby: Planet Robobot,3DS,36,1100795,1100795,Global,30577.6388888889
2012,Kinect Star Wars,X360,39,1188776,1188776,Global,30481.4358974359
2011,Portal 2,PS3,37,1125923,1125923,Global,30430.3513513513
2018,Nintendo Labo: Toy-Con 01 Variety Kit,NS,37,1122790,1122790,Global,30345.6756756757
2014,Titanfall,X360,39,1181756,1181756,Global,30301.4358974359
2018,The Crew 2,PS4,27,816785,816785,Global,30251.2962962963
2016,Pokken Tournament,WiiU,42,1258800,1258800,Global,29971.4285714286
2012,Dragon Quest Monsters: Terry's Wonderland 3D,3DS,31,928830,928830,Global,29962.2580645161
2011,Mortal Kombat,X360,37,1108329,1108329,Global,29954.8378378378
2010,Kingdom Hearts: Birth by Sleep,PSP,52,1557195,1557195,Global,29946.0576923077
2007,Crackdown,X360,45,1345334,1345334,Global,29896.3111111111
2018,Dragon Ball Fighter Z,PS4,49,1456835,1456835,Global,29731.3265306122
2012,LEGO Batman 2: DC Super Heroes,X360,28,829548,829548,Global,29626.7142857143
2009,Street Fighter IV,X360,47,1386841,1386841,Global,29507.2553191489
2009,Pokemon Mystery Dungeon: Explorers of Sky,DS,38,1105394,1105394,Global,29089.3157894737
2017,The Legend of Zelda: Breath of the Wild,WiiU,44,1265974,1265974,Global,28772.1363636364
2013,StarCraft II: Heart of the Swarm,PC,43,1227725,1227725,Global,28551.7441860465
2010,2010 FIFA World Cup South Africa,PS3,36,1017200,1017200,Global,28255.5555555556
2017,MLB The Show 17,PS4,40,1121470,1121470,Global,28036.75
2016,Doom (2016),XOne,34,944680,944680,Global,27784.7058823529
2017,NieR Automata,PS4,45,1234521,1234521,Global,27433.8
2010,Dragon Quest VI: Realms of Revelation,DS,49,1341074,1341074,Global,27368.8571428571
2015,Battlefield: Hardline,XOne,42,1136184,1136184,Global,27052
2010,Grand Theft Auto: Episodes from Liberty City,PS3,38,1019121,1019121,Global,26818.9736842105
2012,Dragon's Dogma,PS3,32,857513,857513,Global,26797.28125
2012,Kingdom Hearts 3D: Dream Drop Distance,3DS,40,1071172,1071172,Global,26779.3
2017,Kingdom Hearts 1.5 + 2.5 Remix,PS4,43,1148792,1148792,Global,26716.0930232558
2018,MLB The Show 18,PS4,40,1062972,1062972,Global,26574.3
2010,Super Street Fighter IV,PS3,36,955836,955836,Global,26551
2016,Rocket League,PS4,28,743222,743222,Global,26543.6428571429
2016,The Legend of Zelda: Twilight Princess HD,WiiU,44,1156613,1156613,Global,26286.6590909091
2008,Devil May Cry 4,PS3,49,1281078,1281078,Global,26144.4489795918
2011,Crysis 2,X360,41,1063731,1063731,Global,25944.6585365854
2013,Dragon Quest VII: Eden no Senshitachi,3DS,48,1238025,1238025,Global,25792.1875
2013,Injustice: Gods Among Us,X360,38,972149,972149,Global,25582.8684210526
2014,Kirby: Triple Deluxe,3DS,52,1329249,1329249,Global,25562.4807692308
2007,Tom Clancy's Rainbow Six: Vegas,PS3,27,689963,689963,Global,25554.1851851852
2018,Shadow of the Colossus,PS4,47,1197972,1197972,Global,25488.7659574468
2013,Kingdom Hearts HD 1.5 ReMIX,PS3,43,1092807,1092807,Global,25414.1162790698
2014,Dark Souls II,PS3,43,1088117,1088117,Global,25305.0465116279
2016,Naruto Shippuden: Ultimate Ninja Storm 4,PS4,48,1204896,1204896,Global,25102
2013,LEGO City Undercover: The Chase Begins,3DS,37,926616,926616,Global,25043.6756756757
2015,LEGO Jurassic World,X360,30,749862,749862,Global,24995.4
2015,LEGO Jurassic World,PS4,30,746915,746915,Global,24897.1666666667
2007,Ratatouille,DS,27,669606,669606,Global,24800.2222222222
2015,LEGO Jurassic World,PS3,30,743124,743124,Global,24770.8
2016,EA Sports UFC 2,PS4,42,1024710,1024710,Global,24397.8571428571
2007,Sonic and the Secret Rings,Wii,45,1097203,1097203,Global,24382.2888888889
2013,Metal Gear Rising: Revengeance,PS3,46,1119138,1119138,Global,24329.0869565217
2012,Resident Evil: Operation Raccoon City,PS3,41,990003,990003,Global,24146.4146341463
2018,Crash Bandicoot N.Sane Trilogy,XOne,27,650979,650979,Global,24110.3333333333
2014,Metal Gear Solid V: Ground Zeroes,PS4,42,1011006,1011006,Global,24071.5714285714
2012,Kid Icarus: Uprising,3DS,41,970044,970044,Global,23659.6097560976
2015,Project CARS,PS4,35,825980,825980,Global,23599.4285714286
2018,Sea of Thieves,XOne,41,961038,961038,Global,23439.9512195122
2012,Mass Effect 3,PS3,43,1004125,1004125,Global,23351.7441860465
2016,MLB 16: The Show,PS4,40,929485,929485,Global,23237.125
2013,SimCity,PC,44,1022149,1022149,Global,23230.6590909091
2010,Just Cause 2,PS3,41,949237,949237,Global,23152.1219512195
2011,Dead Space 2,X360,49,1130512,1130512,Global,23071.6734693878
2012,One Piece Pirate Musou,PS3,44,1000307,1000307,Global,22734.25
2014,Yoshi's New Island,3DS,43,966761,966761,Global,22482.8139534884
2010,MAG: Massive Action Game,PS3,49,1100953,1100953,Global,22468.4285714286
2013,Injustice: Gods Among Us,PS3,38,852881,852881,Global,22444.2368421053
2014,The LEGO Movie Videogame,X360,48,1062072,1062072,Global,22126.5
2009,New Play Control! Mario Power Tennis,Wii,51,1125830,1125830,Global,22075.0980392157
2018,Ni no Kuni II: Revenant Kingdom,PS4,41,892818,892818,Global,21776.0487804878
2018,LEGO The Incredibles,NS,29,630833,630833,Global,21752.8620689655
2008,Devil May Cry 4,X360,49,1059176,1059176,Global,21615.8367346939
2009,Grand Theft Auto: Chinatown Wars,DS,42,904643,904643,Global,21539.119047619
2015,Grand Theft Auto V,PC,38,808821,808821,Global,21284.7631578947
2010,Pokemon Ranger: Guardian Signs,DS,44,933104,933104,Global,21206.9090909091
2017,Prey (2017),PS4,35,741126,741126,Global,21175.0285714286
2011,Dead Space 2,PS3,49,1033327,1033327,Global,21088.306122449
2014,Donkey Kong Country: Tropical Freeze,WiiU,47,974471,974471,Global,20733.4255319149
2015,MLB 15: The Show,PS4,40,828889,828889,Global,20722.225
2016,Overwatch,PC,32,662744,662744,Global,20710.75
2016,Far Cry: Primal,XOne,45,927985,927985,Global,20621.8888888889
2015,Final Fantasy Type-0 HD,PS4,42,863354,863354,Global,20556.0476190476
2012,Pokemon + Nobunaga no Yabou,DS,42,863136,863136,Global,20550.8571428571
2012,FIFA Street,PS3,42,863033,863033,Global,20548.4047619048
2017,Ni-Oh,PS4,47,965586,965586,Global,20544.3829787234
2016,Street Fighter V,PS4,46,944960,944960,Global,20542.6086956522
2011,Marvel vs. Capcom 3: Fate of Two Worlds,PS3,46,941121,941121,Global,20459.152173913
2015,Dying Light,XOne,49,1002019,1002019,Global,20449.3673469388
2007,The Elder Scrolls IV: Oblivion,PS3,41,828964,828964,Global,20218.6341463415
2018,EA Sports UFC 3,PS4,48,969422,969422,Global,20196.2916666667
2010,BioShock 2,PS3,47,945382,945382,Global,20114.5106382979
2007,Cooking Mama: Cook Off,Wii,47,945154,945154,Global,20109.6595744681
2007,Ratchet & Clank: Size Matters,PSP,46,916345,916345,Global,19920.5434782609
2017,Injustice 2,XOne,33,657354,657354,Global,19919.8181818182
2007,Final Fantasy XII: Revenant Wings,DS,36,711416,711416,Global,19761.5555555556
2007,Final Fantasy Tactics: The War of the Lions,PSP,34,667033,667033,Global,19618.6176470588
2017,LEGO Worlds,PS4,43,837986,837986,Global,19488.0465116279
2017,Kingdom Hearts HD 2.8 Final Chapter Prologue,PS4,51,982897,982897,Global,19272.4901960784
2012,MLB 12: The Show,PS3,43,820756,820756,Global,19087.3488372093
2018,Monster Hunter: World,XOne,49,927146,927146,Global,18921.3469387755
2012,Mario & Sonic at the London 2012 Olympic Games,3DS,47,848528,848528,Global,18053.7872340426
2015,Dragon Ball: Xenoverse,PS4,48,854417,854417,Global,17800.3541666667
2007,Diddy Kong Racing DS,DS,47,830115,830115,Global,17662.0212765957
2017,Mass Effect: Andromeda,XOne,41,723582,723582,Global,17648.3414634146
2015,Evolve,PS4,47,825203,825203,Global,17557.5106382979
2013,Dead Space 3,X360,48,832755,832755,Global,17349.0625
2016,LEGO Marvel's Avengers,PS4,49,849521,849521,Global,17337.1632653061
2017,For Honor,XOne,46,786168,786168,Global,17090.6086956522
2017,Fire Emblem Echoes: Shadows of Valentia,3DS,37,628995,628995,Global,16999.8648648649
2007,Professor Layton and the Curious Village,DS,46,780001,780001,Global,16956.5434782609
2016,Quantum Break,XOne,39,650985,650985,Global,16691.9230769231
2013,Dead Space 3,PS3,48,788832,788832,Global,16434
2007,Tom Clancy's Ghost Recon Advanced Warfighter 2,X360,43,693318,693318,Global,16123.6744186047
2007,Virtua Fighter 5,PS3,47,729914,729914,Global,15530.085106383
2007,World of Warcraft: The Burning Crusade,PC,50,775161,775161,Global,15503.22
2017,Super Bomberman R,NS,44,655029,655029,Global,14887.0227272727
2017,Resident Evil VII: Biohazard,XOne,49,727543,727543,Global,14847.8163265306
2017,Hitman (2016),PS4,48,624358,669628,Global,13950.5833333333
2018,Bayonetta 2,NS,46,573643,573643,Global,12470.5