Year,Game_Title,Platform,Weeks,Yearly_Sale,Total_Sale,Area,Weeks Avg
2009,Wii Sports,Wii,163,18788738,57990430,Global,355769.509202454
2010,Wii Sports,Wii,215,15218276,73208706,Global,340505.609302326
2011,Wii Sports,Wii,267,5215358,78424064,Global,293723.086142322
2012,Wii Sports,Wii,319,2399253,80666504,Global,252873.053291536
2013,Wii Sports,Wii,372,1139674,81798787,Global,219889.212365591
2012,Wii Sports Resort,Wii,184,2035009,31152598,Global,169307.597826087
2009,Wii Play,Wii,162,5914275,26657720,Global,164553.827160494
2012,New Super Mario Bros. Wii,Wii,163,1802288,26186553,Global,160653.699386503
2011,Mario Kart Wii,Wii,195,5344655,31203306,Global,160016.953846154
2013,Wii Sports Resort,Wii,237,1062364,32212076,Global,135915.932489451
2012,Mario Kart Wii,Wii,247,2044458,33104438,Global,134026.064777328
2010,Wii Play,Wii,214,1565242,28222962,Global,131883
2013,New Super Mario Bros. Wii,Wii,216,1024401,27206016,Global,125953.777777778
2013,Kinect Adventures!,X360,166,1636590,20888096,Global,125831.903614458
2012,Wii Fit Plus,Wii,170,1017669,21071271,Global,123948.652941176
2013,Mario Kart Wii,Wii,300,1173122,34271518,Global,114238.393333333
2008,Nintendogs,DS,194,4614988,21623290,Global,111460.257731959
2009,New Super Mario Bros.,DS,190,3651330,21072125,Global,110905.921052632
2010,New Super Mario Bros.,DS,242,4013577,25612506,Global,105836.801652893
2017,Grand Theft Auto V,PS4,163,3583468,17113539,Global,104991.036809816
2009,Pokemon Diamond / Pearl Version,DS,172,1107818,17431803,Global,101347.691860465
2009,Nintendogs,DS,246,1927947,23551237,Global,95736.7357723577
2011,New Super Mario Bros.,DS,294,2297818,27910324,Global,94933.074829932
2016,PokÃÂ©mon X/Y,3DS,169,1638911,15597987,Global,92295.7810650888
2018,Grand Theft Auto V,PS4,215,2278958,19392497,Global,90197.6604651163
2008,Brain Age: Train Your Brain in Minutes a Day,DS,190,5408016,16485645,Global,86766.5526315789
2008,Mario Kart DS,DS,164,4580397,13689119,Global,83470.2378048781
2012,New Super Mario Bros.,DS,346,1038618,28786923,Global,83199.1994219653
2008,Brain Age 2: More Training in Minutes a Day,DS,158,4096651,13022246,Global,82419.2784810127
2009,Mario Kart DS,DS,216,3707393,17396512,Global,80539.4074074074
2009,Brain Age: Train Your Brain in Minutes a Day,DS,242,2316923,18802568,Global,77696.5619834711
2017,Pokemon Omega Ruby/Pokemon Alpha Sapphire,3DS,163,605920,12628474,Global,77475.3006134969
2010,Mario Kart DS,DS,268,3711406,20238094,Global,75515.276119403
2009,Brain Age 2: More Training in Minutes a Day,DS,210,1531768,14554014,Global,69304.8285714286
2011,Mario Kart DS,DS,320,1373131,21611225,Global,67535.078125
2010,Brain Age: Train Your Brain in Minutes a Day,DS,294,946266,19748834,Global,67172.9047619048
2014,Mario Kart 7,3DS,162,1357381,10526639,Global,64979.2530864198
2008,Animal Crossing: Wild World,DS,163,1637186,10343540,Global,63457.3006134969
2013,Gran Turismo 5,PS3,163,927244,10308956,Global,63245.1288343558
2014,Super Mario 3D Land,3DS,166,803356,10022815,Global,60378.4036144578
2015,Mario Kart 7,3DS,214,1211711,11688658,Global,54619.8971962617
2015,New Super Mario Bros. 2,3DS,180,971508,9470822,Global,52615.6777777778
2009,Animal Crossing: Wild World,DS,215,900987,11244527,Global,52300.1255813953
2015,Animal Crossing: New Leaf,3DS,165,1111119,8593403,Global,52081.2303030303
2018,Fallout 4,PS4,164,568545,8480129,Global,51708.1036585366
2016,MineCraft,X360,187,868865,9473037,Global,50657.9518716578
2016,Mario Kart,3DS,266,1524750,13395886,Global,50360.4736842105
2011,Grand Theft Auto IV,X360,192,961102,9358279,Global,48741.0364583333
2010,Mario Party DS,DS,165,1616282,8036738,Global,48707.503030303
2017,Grand Theft Auto V,XOne,163,1705066,7512525,Global,46089.1104294479
2011,Grand Theft Auto IV,PS3,192,1110906,8832701,Global,46003.6510416667
2017,Mario Kart,3DS,318,1144362,14540248,Global,45724.0503144654
2016,Animal Crossing: New Leaf,3DS,217,852589,9717076,Global,44779.1520737327
2016,New Super Mario Bros. 2,3DS,232,678903,10287140,Global,44341.1206896552
2018,Mario Kart,3DS,370,945123,15485371,Global,41852.3540540541
2018,Grand Theft Auto V,XOne,215,1208157,8720682,Global,40561.311627907
2017,Animal Crossing: New Leaf,3DS,269,691195,10408271,Global,38692.4572490706
2017,New Super Mario Bros. 2,3DS,284,658483,10945623,Global,38540.926056338
2008,Grand Theft Auto: Liberty City Stories,PSP,167,1077691,6018483,Global,36038.8203592814
2007,Super Mario 64 DS,DS,162,1216842,5664677,Global,34967.1419753086
2017,The Last of Us,PS4,179,748385,6144035,Global,34324.217877095
2008,Super Mario 64 DS,DS,215,1415803,7080480,Global,32932.4651162791
2017,MineCraft,PS4,170,1081055,5490817,Global,32298.9235294118
2008,Big Brain Academy,DS,184,1366108,5927718,Global,32215.8586956522
2009,Super Mario 64 DS,DS,267,1107380,8187860,Global,30666.1423220974
2013,The Sims 3 (Mobile Versions),PC,240,1152512,7051762,Global,29382.3416666667
2018,The Last of Us,PS4,231,629678,6773713,Global,29323.4329004329
2018,MineCraft,PS4,222,842119,6332936,Global,28526.7387387387
2016,Tomodachi Life,3DS,195,656601,5327414,Global,27320.0717948718
2018,Tom Clancy's Rainbow Six: Siege,PS4,161,864861,4358737,Global,27072.900621118
2017,MineCraft,XOne,163,836681,4382634,Global,26887.3251533742
2018,MineCraft,XOne,215,1051943,5434577,Global,25277.1023255814
2012,The Sims 3,PC,187,833663,4129772,Global,22084.3422459893
2016,The Legend of Zelda: Ocarina of Time,3DS,290,688392,4671267,Global,16107.8172413793
2016,Youkai Watch,3DS,182,812592,2382896,Global,13092.8351648352