Year,Game_Title,Platform,Weeks,Yearly_Sale,Total_Sale,Area,Weeks Avg
2018,Super Smash Bros. (2018),NS,4,3878968,3878968,USA,969742
2011,Call of Duty: Modern Warfare 3,X360,8,7174891,7174891,USA,896861.375
2012,Call of Duty: Black Ops II,X360,7,5905481,5905481,USA,843640.142857143
2010,Call of Duty: Black Ops,X360,8,6373840,6373840,USA,796730
2009,Call of Duty: Modern Warfare 2,X360,8,5145600,5145600,USA,643200
2016,Pokemon Sun/Moon,3DS,7,4339124,4339124,USA,619874.857142857
2012,Halo 4,X360,8,4671546,4671546,USA,583943.25
2009,New Super Mario Bros. Wii,Wii,7,3850217,3850217,USA,550031
2013,Call of Duty: Ghosts,X360,9,4738192,4738192,USA,526465.777777778
2011,Call of Duty: Modern Warfare 3,PS3,8,4137822,4137822,USA,517227.75
2012,Call of Duty: Black Ops II,PS3,7,3505858,3505858,USA,500836.857142857
2010,Call of Duty: Black Ops,PS3,8,3896876,3896876,USA,487109.5
2018,Red Dead Redemption 2,PS4,10,4837639,4837639,USA,483763.9
2011,Star Wars: The Old Republic,PC,2,949771,949771,USA,474885.5
2010,Kinect Adventures!,X360,9,4185017,4185017,USA,465001.888888889
2013,Grand Theft Auto V,X360,16,7052092,7052092,USA,440755.75
2014,Pokemon Omega Ruby and Alpha Sapphire,3DS,6,2522094,2522094,USA,420349
2017,Call of Duty: WWII,PS4,9,3758479,3758479,USA,417608.777777778
2015,Call of Duty: Black Ops 3,PS4,9,3700540,3700540,USA,411171.111111111
2015,Call of Duty: Black Ops 3,XOne,9,3255118,3255118,USA,361679.777777778
2018,Red Dead Redemption 2,XOne,10,3456086,3456086,USA,345608.6
2011,Mario Kart 7,3DS,4,1365254,1365254,USA,341313.5
2009,Call of Duty: Modern Warfare 2,PS3,8,2712419,2712419,USA,339052.375
2015,Star Wars: Battlefront (2015),PS4,7,2352056,2352056,USA,336008
2017,Call of Duty: WWII,XOne,9,3018649,3018649,USA,335405.444444444
2011,The Elder Scrolls V: Skyrim,X360,8,2650352,2650352,USA,331294
2017,Super Mario Odyssey,NS,10,3248399,3248399,USA,324839.9
2008,Call of Duty: World at War,X360,8,2580454,2580454,USA,322556.75
2013,Grand Theft Auto V,PS3,16,5117996,5117996,USA,319874.75
2018,Call of Duty: Black Ops IIII,PS4,12,3722869,3722869,USA,310239.083333333
2007,Halo 3,X360,14,4244324,4244324,USA,303166
2013,Call of Duty: Ghosts,PS3,9,2701575,2701575,USA,300175
2010,World of Warcraft: Cataclysm,PC,4,1187172,1187172,USA,296793
2007,Call of Duty 4: Modern Warfare,X360,8,2356080,2356080,USA,294510
2007,Super Mario Galaxy,Wii,7,2061510,2061510,USA,294501.428571429
2010,Halo: Reach,X360,16,4658373,4658373,USA,291148.3125
2011,Battlefield 3,X360,10,2909396,2909396,USA,290939.6
2011,Just Dance 3,Wii,13,3770560,3770560,USA,290043.076923077
2010,Donkey Kong Country Returns,Wii,6,1715998,1715998,USA,285999.666666667
2018,"Pokemon: Let's Go, Pikachu!",NS,7,1991540,1991540,USA,284505.714285714
2014,Call of Duty: Advanced Warfare,XOne,8,2239179,2239179,USA,279897.375
2011,Super Mario 3D Land,3DS,7,1952593,1952593,USA,278941.857142857
2008,Gears of War 2,X360,9,2416241,2416241,USA,268471.222222222
2014,Grand Theft Auto V,PS4,6,1598237,1598237,USA,266372.833333333
2009,Wii Fit Plus,Wii,13,3296294,3296294,USA,253561.076923077
2014,Call of Duty: Advanced Warfare,X360,8,2014216,2014216,USA,251777
2018,Call of Duty: Black Ops IIII,XOne,12,3006173,3006173,USA,250514.416666667
2016,Call of Duty: Infinite Warfare,XOne,9,2254143,2254143,USA,250460.333333333
2016,Call of Duty: Infinite Warfare,PS4,9,2178530,2178530,USA,242058.888888889
2012,Just Dance 4,Wii,12,2862231,2862231,USA,238519.25
2013,Pokemon X/Y,3DS,13,3079263,3079263,USA,236866.384615385
2012,Assassin's Creed III,X360,9,2123374,2123374,USA,235930.444444444
2015,Fallout 4,PS4,8,1884388,1884388,USA,235548.5
2014,Call of Duty: Advanced Warfare,PS4,8,1878115,1878115,USA,234764.375
2016,Battlefield 1,XOne,11,2547097,2547097,USA,231554.272727273
2014,Super Smash Bros. for Wii U,WiiU,6,1382799,1382799,USA,230466.5
2010,Assassin's Creed: Brotherhood,X360,7,1606164,1606164,USA,229452
2017,Pokemon: Ultra Sun and Ultra Moon,3DS,7,1604627,1604627,USA,229232.428571429
2011,The Legend of Zelda: Skyward Sword,Wii,6,1373921,1373921,USA,228986.833333333
2015,Fallout 4,XOne,8,1825477,1825477,USA,228184.625
2016,Final Fantasy XV,PS4,5,1127351,1127351,USA,225470.2
2007,Assassin's Creed,X360,7,1566057,1566057,USA,223722.428571429
2009,Assassin's Creed II,X360,7,1557336,1557336,USA,222476.571428571
2010,Just Dance 2,Wii,12,2537329,2537329,USA,211444.083333333
2011,Assassin's Creed: Revelations,X360,7,1472962,1472962,USA,210423.142857143
2015,Star Wars: Battlefront (2015),XOne,7,1462792,1462792,USA,208970.285714286
2012,Assassin's Creed III,PS3,9,1876144,1876144,USA,208460.444444444
2010,Disney Epic Mickey,Wii,5,1035767,1035767,USA,207153.4
2009,Left 4 Dead 2,X360,7,1449366,1449366,USA,207052.285714286
2010,Gran Turismo 5,PS3,6,1241240,1241240,USA,206873.333333333
2010,Super Mario All-Stars: Limited Edition,Wii,3,612491,612491,USA,204163.666666667
2011,Gears of War 3,X360,15,2998268,2998268,USA,199884.533333333
2015,Halo 5: Guardians,XOne,10,1986935,1986935,USA,198693.5
2018,Spider-Man (PS4),PS4,17,3350633,3350633,USA,197096.058823529
2009,Wii Sports Resort,Wii,23,4504264,4504264,USA,195837.565217391
2009,Halo 3: ODST,X360,15,2765126,2765126,USA,184341.733333333
2014,Assassin's Creed: Unity,XOne,7,1281110,1281110,USA,183015.714285714
2017,PlayerUnknown's Battlegrounds,XOne,3,548474,548474,USA,182824.666666667
2011,Battlefield 3,PS3,10,1682914,1682914,USA,168291.4
2017,Star Wars Battlefront II (2017),PS4,7,1154096,1154096,USA,164870.857142857
2014,Grand Theft Auto V,XOne,6,970795,970795,USA,161799.166666667
2018,Battlefield V,XOne,6,962059,962059,USA,160343.166666667
2018,"Pokemon: Let's Go, Eevee!",NS,7,1122216,1122216,USA,160316.571428571
2014,Super Smash Bros. for Nintendo 3DS,3DS,13,2076037,2076037,USA,159695.153846154
2010,Michael Jackson: The Experience,Wii,6,926624,926624,USA,154437.333333333
2010,Fable III,X360,10,1532154,1532154,USA,153215.4
2013,Battlefield 4,X360,10,1528557,1528557,USA,152855.7
2007,Guitar Hero III: Legends of Rock,X360,9,1358330,1358330,USA,150925.555555556
2018,Super Mario Party,NS,13,1954666,1954666,USA,150358.923076923
2016,Battlefield 1,PS4,11,1650753,1650753,USA,150068.454545455
2014,Halo: The Master Chief Collection,XOne,7,1039274,1039274,USA,148467.714285714
2012,Far Cry 3,X360,4,592000,592000,USA,148000
2008,Left 4 Dead,X360,7,1022418,1022418,USA,146059.714285714
2009,Assassin's Creed II,PS3,7,1019623,1019623,USA,145660.428571429
2008,Call of Duty: World at War,PS3,8,1159384,1159384,USA,144923
2010,Assassin's Creed: Brotherhood,PS3,7,1004377,1004377,USA,143482.428571429
2012,Pokemon Black / White Version 2,DS,12,1677317,1677317,USA,139776.416666667
2011,Uncharted 3: Drake's Deception,PS3,9,1250544,1250544,USA,138949.333333333
2014,Call of Duty: Advanced Warfare,PS3,8,1101539,1101539,USA,137692.375
2008,Guitar Hero: World Tour,Wii,10,1374711,1374711,USA,137471.1
2010,Kinect Sports,X360,9,1231162,1231162,USA,136795.777777778
2009,The Legend of Zelda: Spirit Tracks,DS,4,543156,543156,USA,135789
2011,The Elder Scrolls V: Skyrim,PS3,8,1082719,1082719,USA,135339.875
2016,Gears of War 4,XOne,12,1597737,1597737,USA,133144.75
2008,Mario Kart Wii,Wii,36,4718507,4718507,USA,131069.638888889
2008,Wii Fit,Wii,33,4299177,4299177,USA,130278.090909091
2015,NBA 2K16,PS4,14,1792818,1792818,USA,128058.428571429
2011,Assassin's Creed: Revelations,PS3,7,894400,894400,USA,127771.428571429
2011,Halo: Combat Evolved Anniversary,X360,7,882319,882319,USA,126045.571428571
2011,Batman: Arkham City,X360,11,1386231,1386231,USA,126021
2012,Nintendo Land,WiiU,6,752764,752764,USA,125460.666666667
2013,Call of Duty: Ghosts,XOne,7,877898,877898,USA,125414
2018,Battlefield V,PS4,6,738277,738277,USA,123046.166666667
2008,Animal Crossing: City Folk,Wii,7,856889,856889,USA,122412.714285714
2007,Mass Effect,X360,6,709764,709764,USA,118294
2013,The Legend of Zelda: A Link Between Worlds,3DS,7,822608,822608,USA,117515.428571429
2017,Star Wars Battlefront II (2017),XOne,7,819124,819124,USA,117017.714285714
2012,NBA 2K13,X360,13,1509602,1509602,USA,116123.230769231
2015,Uncharted: The Nathan Drake Collection,PS4,13,1486339,1486339,USA,114333.769230769
2007,Guitar Hero III: Legends of Rock,Wii,9,1016785,1016785,USA,112976.111111111
2011,Batman: Arkham City,PS3,11,1237544,1237544,USA,112504
2014,Destiny,PS4,16,1790884,1790884,USA,111930.25
2008,Fable II,X360,11,1229591,1229591,USA,111781
2015,Call of Duty: Black Ops 3,X360,9,999514,999514,USA,111057.111111111
2010,uDraw Studio,Wii,7,775925,775925,USA,110846.428571429
2010,Fallout: New Vegas,X360,11,1215515,1215515,USA,110501.363636364
2013,Assassin's Creed IV: Black Flag,X360,10,1085170,1085170,USA,108517
2011,Mario andamp;amp; Sonic at the London 2012 Olympic Games,Wii,7,759312,759312,USA,108473.142857143
2017,NBA 2K18,PS4,15,1598763,1598763,USA,106584.2
2012,Madden NFL 13,X360,18,1904842,1904842,USA,105824.555555556
2013,Just Dance 2014,Wii,13,1360504,1360504,USA,104654.153846154
2008,Fallout 3,X360,10,1039880,1039880,USA,103988
2011,Saints Row: The Third,X360,7,727328,727328,USA,103904
2011,Pokemon Black Version,DS,43,4403425,4403425,USA,102405.23255814
2013,Call of Duty: Ghosts,PS4,8,814551,814551,USA,101818.875
2011,Madden NFL 12,X360,18,1831985,1831985,USA,101776.944444444
2008,Grand Theft Auto IV,X360,36,3643919,3643919,USA,101219.972222222
2010,Mario vs. Donkey Kong: Mini-Land Mayhem!,DS,7,703760,703760,USA,100537.142857143
2007,Pokemon Diamond / Pearl Version,DS,36,3600895,3600895,USA,100024.861111111
2016,NBA 2K17,PS4,16,1589307,1589307,USA,99331.6875
2018,Spyro Reignited Trilogy,PS4,7,690876,690876,USA,98696.5714285714
2015,Madden NFL 16,PS4,19,1870721,1870721,USA,98459
2013,NBA 2K14,X360,14,1378313,1378313,USA,98450.9285714286
2007,Mario & Sonic at the Olympic Games,Wii,8,786897,786897,USA,98362.125
2012,Skylanders Giants,Wii,10,981178,981178,USA,98117.8
2010,Dance Central,X360,9,878305,878305,USA,97589.4444444444
2018,NBA 2K19,PS4,16,1558568,1558568,USA,97410.5
2007,Call of Duty 4: Modern Warfare,PS3,8,778104,778104,USA,97263
2015,NBA 2K16,XOne,14,1349617,1349617,USA,96401.2142857143
2009,Dragon Age: Origins,X360,9,866570,866570,USA,96285.5555555556
2016,Uncharted (PS4),PS4,34,3257688,3257688,USA,95814.3529411765
2013,Super Mario 3D World,WiiU,7,666242,666242,USA,95177.4285714286
2014,Far Cry 4,PS4,6,570099,570099,USA,95016.5
2012,New Super Mario Bros. U,WiiU,6,567302,567302,USA,94550.3333333333
2008,Guitar Hero: World Tour,X360,10,943593,943593,USA,94359.3
2014,Assassin's Creed: Unity,PS4,7,653824,653824,USA,93403.4285714286
2017,Assassin's Creed Origins,XOne,10,933674,933674,USA,93367.4
2016,Madden NFL 17,PS4,19,1755424,1755424,USA,92390.7368421053
2007,Assassin's Creed,PS3,7,643383,643383,USA,91911.8571428571
2013,Battlefield 4,XOne,7,639991,639991,USA,91427.2857142857
2014,Destiny,XOne,16,1457822,1457822,USA,91113.875
2011,Kinect Sports: Season Two,X360,10,908896,908896,USA,90889.6
2011,Dance Central 2,X360,10,895661,895661,USA,89566.1
2009,Uncharted 2: Among Thieves,PS3,12,1073683,1073683,USA,89473.5833333333
2016,Final Fantasy XV,XOne,5,445446,445446,USA,89089.2
2009,Madden NFL 10,X360,21,1870717,1870717,USA,89081.7619047619
2016,Watch Dogs 2,PS4,7,621644,621644,USA,88806.2857142857
2008,Super Smash Bros. Brawl,Wii,43,3803898,3803898,USA,88462.7441860465
2007,Rock Band,X360,6,530690,530690,USA,88448.3333333333
2015,Madden NFL 16,XOne,19,1671326,1671326,USA,87964.5263157895
2010,Madden NFL 11,X360,21,1814654,1814654,USA,86412.0952380952
2017,Assassin's Creed Origins,PS4,10,863304,863304,USA,86330.4
2016,Madden NFL 17,XOne,19,1637304,1637304,USA,86173.8947368421
2012,New Super Mario Bros. 2,3DS,19,1629155,1629155,USA,85745
2010,Medal of Honor,X360,12,1028061,1028061,USA,85671.75
2007,Link's Crossbow Training,Wii,6,508442,508442,USA,84740.3333333333
2018,NBA 2K19,XOne,16,1353112,1353112,USA,84569.5
2011,NBA 2K12,X360,13,1091502,1091502,USA,83961.6923076923
2012,Madden NFL 13,PS3,18,1509454,1509454,USA,83858.5555555556
2018,Assassin's Creed Odyssey,PS4,13,1085566,1085566,USA,83505.0769230769
2017,NBA 2K18,XOne,15,1249927,1249927,USA,83328.4666666667
2008,Madden NFL 09,X360,21,1745845,1745845,USA,83135.4761904762
2012,Borderlands 2,X360,15,1241499,1241499,USA,82766.6
2010,NBA 2K11,X360,13,1075747,1075747,USA,82749.7692307692
2017,Destiny 2,PS4,17,1405029,1405029,USA,82648.7647058823
2009,Borderlands,X360,11,905517,905517,USA,82319.7272727273
2008,Club Penguin: Elite Penguin Force,DS,6,493711,493711,USA,82285.1666666667
2012,NBA 2K13,PS3,13,1069217,1069217,USA,82247.4615384615
2010,Super Mario Galaxy 2,Wii,32,2602562,2602562,USA,81330.0625
2007,Wii Play,Wii,46,3690775,3690775,USA,80234.2391304348
2013,Madden NFL 25,X360,19,1521978,1521978,USA,80104.1052631579
2011,Madden NFL 12,PS3,18,1436123,1436123,USA,79784.6111111111
2016,Dead Rising 4,XOne,4,317236,317236,USA,79309
2007,Madden NFL 08,X360,20,1583045,1583045,USA,79152.25
2008,Personal Trainer: Cooking,DS,6,473764,473764,USA,78960.6666666667
2008,Wii Music,Wii,11,862327,862327,USA,78393.3636363636
2013,Battlefield 4,PS3,10,783015,783015,USA,78301.5
2009,Mario & Sonic at the Olympic Winter Games,Wii,12,935698,935698,USA,77974.8333333333
2007,Mario Party DS,DS,6,466994,466994,USA,77832.3333333333
2016,The Elder Scrolls V: Skyrim,PS4,10,777365,777365,USA,77736.5
2014,NBA 2K15,PS4,12,928582,928582,USA,77381.8333333333
2018,Fallout 76,XOne,7,538477,538477,USA,76925.2857142857
2010,Wii Party,Wii,13,995342,995342,USA,76564.7692307692
2016,Super Mario Maker,3DS,5,380834,380834,USA,76166.8
2007,The Legend of Zelda: Phantom Hourglass,DS,13,987058,987058,USA,75927.5384615385
2010,Pokemon Heart Gold / Soul Silver Version,DS,42,3181379,3181379,USA,75747.1190476191
2009,Forza Motorsport 3,X360,10,753814,753814,USA,75381.4
2012,Hitman: Absolution,X360,6,446599,446599,USA,74433.1666666667
2011,Just Dance 3,X360,13,958680,958680,USA,73744.6153846154
2013,Battlefield 4,PS4,8,588638,588638,USA,73579.75
2017,Madden NFL 18,PS4,19,1395905,1395905,USA,73468.6842105263
2010,Need for Speed: Hot Pursuit,X360,7,509973,509973,USA,72853.2857142857
2014,Madden NFL 15,X360,18,1310764,1310764,USA,72820.2222222222
2015,Gears of War,XOne,19,1380928,1380928,USA,72680.4210526316
2013,Forza Motorsport 5,XOne,7,508757,508757,USA,72679.5714285714
2016,The Elder Scrolls V: Skyrim,XOne,10,722550,722550,USA,72255
2008,Mortal Kombat vs DC Universe,X360,7,502619,502619,USA,71802.7142857143
2018,Madden NFL 19,PS4,21,1499387,1499387,USA,71399.3809523809
2013,Assassin's Creed IV: Black Flag,PS3,10,708598,708598,USA,70859.8
2013,Dead Rising 3,XOne,7,495380,495380,USA,70768.5714285714
2016,NBA 2K17,XOne,16,1128231,1128231,USA,70514.4375
2018,God of War (PS4),PS4,37,2604280,2604280,USA,70385.9459459459
2014,NBA 2K15,X360,12,837748,837748,USA,69812.3333333333
2010,Madden NFL 11,PS3,21,1463458,1463458,USA,69688.4761904762
2009,Mario & Luigi: Bowser's Inside Story,DS,16,1113592,1113592,USA,69599.5
2012,Paper Mario,3DS,7,486467,486467,USA,69495.2857142857
2017,Madden NFL 18,XOne,19,1316449,1316449,USA,69286.7894736842
2018,Fallout 76,PS4,7,482810,482810,USA,68972.8571428571
2017,Destiny 2,XOne,17,1172209,1172209,USA,68953.4705882353
2009,Madden NFL 10,PS3,21,1443059,1443059,USA,68717.0952380952
2008,Pokemon Ranger: Shadows of Almia,DS,8,549263,549263,USA,68657.875
2016,FIFA 17,PS4,14,958841,958841,USA,68488.6428571429
2015,Rainbow Six: Siege,XOne,5,341348,341348,USA,68269.6
2014,Dragon Age: Inquisition,PS4,6,405951,405951,USA,67658.5
2013,NBA 2K14,PS3,14,941750,941750,USA,67267.8571428571
2015,Just Cause 3,PS4,5,334048,334048,USA,66809.6
2010,Sports Champions,PS3,16,1061781,1061781,USA,66361.3125
2013,Batman: Arkham Origins,X360,11,727810,727810,USA,66164.5454545455
2011,The Elder Scrolls V: Skyrim,PC,8,528853,528853,USA,66106.625
2017,FIFA 18,PS4,14,921768,921768,USA,65840.5714285714
2012,Disney Epic Mickey 2: The Power of Two,Wii,6,393627,393627,USA,65604.5
2008,Resistance 2,PS3,9,590084,590084,USA,65564.8888888889
2017,Mario Kart 8 Deluxe,NS,36,2359521,2359521,USA,65542.25
2014,Minecraft: Xbox One Edition,XOne,6,391744,391744,USA,65290.6666666667
2016,The Last Guardian,PS4,4,261079,261079,USA,65269.75
2014,Madden NFL 15,PS4,18,1174411,1174411,USA,65245.0555555556
2013,Assassin's Creed IV: Black Flag,PS4,8,520066,520066,USA,65008.25
2007,WWE SmackDown vs Raw 2008,X360,7,454191,454191,USA,64884.4285714286
2013,Skylanders Swap Force,Wii,12,775293,775293,USA,64607.75
2011,NBA 2K12,PS3,13,839855,839855,USA,64604.2307692308
2010,StarCraft II: Wings of Liberty,PC,23,1481387,1481387,USA,64408.1304347826
2014,Just Dance 2015,Wii,10,642834,642834,USA,64283.4
2018,Assassin's Creed Odyssey,XOne,13,835544,835544,USA,64272.6153846154
2014,Far Cry 4,XOne,6,384325,384325,USA,64054.1666666667
2017,The Legend of Zelda: Breath of the Wild,NS,44,2816272,2816272,USA,64006.1818181818
2013,Batman: Arkham Origins,PS3,11,700003,700003,USA,63636.6363636364
2008,Rock Band 2,X360,16,1011483,1011483,USA,63217.6875
2013,Madden NFL 25,PS3,19,1184732,1184732,USA,62354.3157894737
2016,Titanfall 2,XOne,10,620210,620210,USA,62021
2016,Watch Dogs 2,XOne,7,430649,430649,USA,61521.2857142857
2009,God of War Collection,PS3,7,429705,429705,USA,61386.4285714286
2008,LittleBigPlanet,PS3,10,613678,613678,USA,61367.8
2014,NBA 2K15,XOne,12,735064,735064,USA,61255.3333333333
2010,Medal of Honor,PS3,12,733574,733574,USA,61131.1666666667
2007,Brain Age 2: More Training in Minutes a Day,DS,19,1153572,1153572,USA,60714.3157894737
2010,Red Dead Redemption,X360,33,1985322,1985322,USA,60161.2727272727
2015,Xenoblade Chronicles X,WiiU,5,297881,297881,USA,59576.2
2007,Forza Motorsport 2,X360,31,1846226,1846226,USA,59555.6774193548
2017,Xenoblade Chronicles 2,NS,5,297435,297435,USA,59487
2013,Minecraft,X360,31,1842354,1842354,USA,59430.7741935484
2013,Ryse: Son of Rome,XOne,7,414226,414226,USA,59175.1428571429
2016,FIFA 17,XOne,14,824881,824881,USA,58920.0714285714
2012,Resident Evil 6,X360,13,757099,757099,USA,58238.3846153846
2018,Madden NFL 19,XOne,21,1221667,1221667,USA,58174.619047619
2007,Need for Speed: ProStreet,X360,7,403039,403039,USA,57577
2015,Assassin's Creed Syndicate,PS4,11,632231,632231,USA,57475.5454545455
2014,Destiny,X360,16,918848,918848,USA,57428
2015,Super Mario Maker,WiiU,17,976202,976202,USA,57423.6470588235
2008,Madden NFL 09,PS3,21,1179726,1179726,USA,56177.4285714286
2016,Dishonored 2,PS4,8,446885,446885,USA,55860.625
2008,Grand Theft Auto IV,PS3,36,2003983,2003983,USA,55666.1944444444
2009,Mario & Sonic at the Olympic Winter Games,DS,12,667469,667469,USA,55622.4166666667
2014,Mario Kart 8,WiiU,31,1722469,1722469,USA,55563.5161290323
2012,FIFA Soccer 13,X360,14,772355,772355,USA,55168.2142857143
2018,FIFA 19,PS4,14,772167,772167,USA,55154.7857142857
2010,NBA 2K11,PS3,13,713946,713946,USA,54918.9230769231
2014,Dragon Age: Inquisition,XOne,6,327780,327780,USA,54630
2013,The Last of Us,PS3,30,1625287,1625287,USA,54176.2333333333
2014,Madden NFL 15,XOne,18,964937,964937,USA,53607.6111111111
2008,Guitar Hero: On Tour,DS,28,1500058,1500058,USA,53573.5
2008,Kirby Super Star Ultra,DS,15,798002,798002,USA,53200.1333333333
2013,NBA 2K14,PS4,8,425304,425304,USA,53163
2007,Mario Party 8,Wii,31,1636713,1636713,USA,52797.1935483871
2009,Call of Duty: Modern Warfare: Reflex Edition,Wii,8,422265,422265,USA,52783.125
2012,Dishonored,X360,12,631629,631629,USA,52635.75
2018,Forza Horizon 4,XOne,13,682179,682179,USA,52475.3076923077
2008,LEGO Indiana Jones: The Original Adventures,X360,31,1605818,1605818,USA,51800.5806451613
2017,FIFA 18,XOne,14,724621,724621,USA,51758.6428571429
2015,Call of Duty: Black Ops 3,PS3,9,464560,464560,USA,51617.7777777778
2008,Star Wars: The Force Unleashed,X360,16,818646,818646,USA,51165.375
2010,Fallout: New Vegas,PS3,11,559851,559851,USA,50895.5454545455
2013,Killzone: Shadow Fall,PS4,8,405983,405983,USA,50747.875
2012,Skylanders Giants,X360,10,507149,507149,USA,50714.9
2013,Assassin's Creed IV: Black Flag,XOne,7,354390,354390,USA,50627.1428571429
2009,Pokemon Platinum Version,DS,41,2061913,2061913,USA,50290.5609756098
2008,Guitar Hero: World Tour,PS3,10,502129,502129,USA,50212.9
2012,FIFA Soccer 13,PS3,14,700551,700551,USA,50039.3571428571
2015,Metal Gear Solid V: The Phantom Pain,PS4,18,892091,892091,USA,49560.6111111111
2018,Fortnite,NS,7,346397,346397,USA,49485.2857142857
2015,FIFA 16,PS4,15,742242,742242,USA,49482.8
2013,Madden NFL 25,XOne,7,342022,342022,USA,48860.2857142857
2012,WWE '13,X360,9,438616,438616,USA,48735.1111111111
2016,Forza Horizon 3,XOne,14,675799,675799,USA,48271.3571428571
2010,Kirby's Epic Yarn,Wii,11,526237,526237,USA,47839.7272727273
2014,Middle-Earth: Shadow of Mordor,PS4,13,618933,618933,USA,47610.2307692308
2017,Middle-Earth: Shadow of War,PS4,12,571215,571215,USA,47601.25
2008,NERF N-Strike,Wii,10,473085,473085,USA,47308.5
2018,Spyro Reignited Trilogy,XOne,7,330531,330531,USA,47218.7142857143
2011,Battlefield 3,PC,10,467198,467198,USA,46719.8
2014,The Last of Us Remastered,PS4,22,1026185,1026185,USA,46644.7727272727
2009,Dragon Age: Origins,PS3,9,419575,419575,USA,46619.4444444444
2011,Ratchet andamp;amp; Clank: All 4 One,PS3,11,503995,503995,USA,45817.7272727273
2010,Kinectimals,X360,9,411941,411941,USA,45771.2222222222
2011,Forza Motorsport 4,X360,12,546996,546996,USA,45583
2014,Madden NFL 15,PS3,18,819661,819661,USA,45536.7222222222
2013,Madden NFL 25,PS4,8,363327,363327,USA,45415.875
2008,Metal Gear Solid 4: Guns of the Patriots,PS3,30,1357970,1357970,USA,45265.6666666667
2008,Kung Fu Panda,X360,31,1402963,1402963,USA,45256.8709677419
2015,Rise of the Tomb Raider,XOne,8,361793,361793,USA,45224.125
2010,God of War III,PS3,42,1895816,1895816,USA,45138.4761904762
2007,Guitar Hero III: Legends of Rock,PS3,9,405906,405906,USA,45100.6666666667
2017,The Elder Scrolls V: Skyrim,NS,7,314782,314782,USA,44968.8571428571
2013,LEGO Marvel Super Heroes,X360,11,493890,493890,USA,44899.0909090909
2015,Batman: Arkham Knight,PS4,28,1255687,1255687,USA,44845.9642857143
2008,Saints Row 2,X360,12,532124,532124,USA,44343.6666666667
2017,Splatoon 2,NS,24,1062574,1062574,USA,44273.9166666667
2012,Just Dance 4,X360,12,527586,527586,USA,43965.5
2011,Rage,X360,13,571442,571442,USA,43957.0769230769
2015,Assassin's Creed Syndicate,XOne,11,482432,482432,USA,43857.4545454545
2016,Titanfall 2,PS4,10,438311,438311,USA,43831.1
2007,LEGO Star Wars: The Complete Saga,Wii,8,349546,349546,USA,43693.25
2012,Forza Horizon,X360,10,435387,435387,USA,43538.7
2012,Resident Evil 6 Anthology,PS3,13,563352,563352,USA,43334.7692307692
2015,Need for Speed (2015),PS4,9,388549,388549,USA,43172.1111111111
2008,Far Cry 2,X360,11,474555,474555,USA,43141.3636363636
2015,Pokemon Super Mystery Dungeon,3DS,7,301831,301831,USA,43118.7142857143
2016,Dishonored 2,XOne,8,342788,342788,USA,42848.5
2012,Diablo III,PC,33,1407243,1407243,USA,42643.7272727273
2009,Cabela's Big Game Hunter 2010,Wii,14,594942,594942,USA,42495.8571428571
2015,Splatoon,WiiU,32,1359837,1359837,USA,42494.90625
2014,Sunset Overdrive,XOne,9,378813,378813,USA,42090.3333333333
2017,South Park: The Fractured But Whole,PS4,11,458838,458838,USA,41712.5454545455
2015,Yoshi's Woolly World,WiiU,12,498859,498859,USA,41571.5833333333
2013,FIFA Soccer 14,X360,15,621458,621458,USA,41430.5333333333
2011,Dead Island,X360,17,688776,688776,USA,40516.2352941177
2015,FIFA 16,XOne,15,607730,607730,USA,40515.3333333333
2017,Middle-Earth: Shadow of War,XOne,12,485928,485928,USA,40494
2008,NBA 2K9,X360,13,525496,525496,USA,40422.7692307692
2014,Minecraft: PlayStation 4 Edition,PS4,12,484417,484417,USA,40368.0833333333
2009,Bakugan: Battle Brawlers,DS,11,443886,443886,USA,40353.2727272727
2007,Star Wars Battlefront: Renegade Squadron,PSP,12,483669,483669,USA,40305.75
2009,Scribblenauts,DS,16,643420,643420,USA,40213.75
2009,Kingdom Hearts 358/2 Days,DS,14,560414,560414,USA,40029.5714285714
2012,Need for Speed: Most Wanted (Limited Edition),PS3,9,359863,359863,USA,39984.7777777778
2017,Gran Turismo Sport,PS4,11,439009,439009,USA,39909.9090909091
2007,LEGO Star Wars: The Complete Saga,DS,8,318874,318874,USA,39859.25
2018,Just Dance 2019,NS,10,396680,396680,USA,39668
2008,SOCOM: U.S. Navy SEALs Confrontation,PS3,12,475473,475473,USA,39622.75
2009,Batman: Arkham Asylum,PS3,19,751996,751996,USA,39578.7368421053
2017,Need for Speed: Payback,PS4,8,316353,316353,USA,39544.125
2010,Super Scribblenauts,DS,12,470240,470240,USA,39186.6666666667
2015,Fallout 4,PC,8,313222,313222,USA,39152.75
2014,NBA 2K15,PS3,12,466561,466561,USA,38880.0833333333
2010,Red Dead Redemption,PS3,33,1278266,1278266,USA,38735.3333333333
2011,FIFA Soccer 12,X360,14,542214,542214,USA,38729.5714285714
2012,Borderlands 2,PS3,15,580543,580543,USA,38702.8666666667
2018,Diablo III: Eternal Collection,NS,9,346304,346304,USA,38478.2222222222
2014,FIFA 15,X360,14,538058,538058,USA,38432.7142857143
2013,Just Dance 2014,X360,13,499532,499532,USA,38425.5384615385
2013,Skylanders Swap Force,X360,12,454749,454749,USA,37895.75
2012,Guild Wars 2,PC,18,681531,681531,USA,37862.8333333333
2015,Legend of Zelda: Triforce Heroes,3DS,11,415209,415209,USA,37746.2727272727
2011,The Legend of Zelda: Ocarina of Time 3D,3DS,28,1039970,1039970,USA,37141.7857142857
2009,The Beatles: Rock Band,Wii,17,631023,631023,USA,37119
2008,Rock Band,Wii,28,1033102,1033102,USA,36896.5
2018,FIFA 19,XOne,14,516412,516412,USA,36886.5714285714
2018,SoulCalibur VI,PS4,11,404684,404684,USA,36789.4545454545
2009,EA Sports Active,Wii,33,1208970,1208970,USA,36635.4545454545
2007,BioShock,X360,19,694088,694088,USA,36530.9473684211
2013,WWE 2K14,X360,10,364274,364274,USA,36427.4
2009,Disney Sing It: Pop Hits,Wii,13,471320,471320,USA,36255.3846153846
2013,Saints Row IV,X360,20,724588,724588,USA,36229.4
2012,Mass Effect 3,X360,43,1554327,1554327,USA,36147.1395348837
2014,Middle-Earth: Shadow of Mordor,XOne,13,469647,469647,USA,36126.6923076923
2014,The Evil Within,PS4,11,396928,396928,USA,36084.3636363636
2014,Watch Dogs,PS4,31,1117076,1117076,USA,36034.7096774194
2015,NBA 2K16,X360,14,503103,503103,USA,35935.9285714286
2012,Medal of Honor: Warfighter,X360,10,358370,358370,USA,35837
2014,Titanfall,XOne,42,1502054,1502054,USA,35763.1904761905
2016,Mafia III,PS4,13,462353,462353,USA,35565.6153846154
2009,NBA 2K10,X360,13,459485,459485,USA,35345
2015,Destiny: The Taken King,XOne,16,565348,565348,USA,35334.25
2013,Animal Crossing: New Leaf,3DS,30,1058284,1058284,USA,35276.1333333333
2011,FIFA Soccer 12,PS3,14,493066,493066,USA,35219
2015,Destiny: The Taken King,PS4,16,563393,563393,USA,35212.0625
2007,High School Musical: Sing It!,Wii,9,316237,316237,USA,35137.4444444444
2017,Pokken Tournament,NS,15,525301,525301,USA,35020.0666666667
2013,New Super Luigi U,WiiU,19,661008,661008,USA,34789.8947368421
2014,FIFA 15,PS4,14,486787,486787,USA,34770.5
2008,Pokemon Mystery Dungeon: Explorers of Time / Darkness,DS,37,1281805,1281805,USA,34643.3783783784
2017,Forza Motorsport 7,XOne,13,449034,449034,USA,34541.0769230769
2009,UFC 2009 Undisputed,X360,33,1135981,1135981,USA,34423.6666666667
2012,World of Warcraft: Mists of Pandaria,PC,14,479203,479203,USA,34228.7857142857
2018,Shadow of the Tomb Raider,PS4,16,542454,542454,USA,33903.375
2016,Just Dance 2017,Wii,10,338372,338372,USA,33837.2
2010,Battlefield: Bad Company 2,X360,44,1485211,1485211,USA,33754.7954545455
2017,Wolfenstein II: The New Colossus,PS4,10,333875,333875,USA,33387.5
2008,Star Wars: The Force Unleashed,Wii,16,531342,531342,USA,33208.875
2018,Far Cry 5,PS4,40,1328038,1328038,USA,33200.95
2015,Madden NFL 16,X360,19,626543,626543,USA,32975.9473684211
2017,Horizon: Zero Dawn,PS4,44,1449284,1449284,USA,32938.2727272727
2013,FIFA Soccer 14,PS3,15,492829,492829,USA,32855.2666666667
2009,Batman: Arkham Asylum,X360,19,619530,619530,USA,32606.8421052632
2017,The Elder Scrolls V: Skyrim PSVR,PS4,7,227499,227499,USA,32499.8571428571
2008,Mario Super Sluggers,Wii,19,617073,617073,USA,32477.5263157895
2011,L.A. Noire,X360,33,1070558,1070558,USA,32441.1515151515
2017,Mario + Rabbids Kingdom Battle,NS,18,576679,576679,USA,32037.7222222222
2014,Borderlands: The Pre-Sequel,X360,11,352227,352227,USA,32020.6363636364
2015,Mortal Kombat X,PS4,38,1215232,1215232,USA,31979.7894736842
2015,Just Dance 2016,Wii,11,351471,351471,USA,31951.9090909091
2012,Dishonored,PS3,12,380970,380970,USA,31747.5
2007,Guitar Hero II,X360,39,1237369,1237369,USA,31727.4102564103
2015,WWE 2K16,PS4,10,316560,316560,USA,31656
2014,Skylanders: Trap Team,Wii,12,376952,376952,USA,31412.6666666667
2013,NCAA Football 14,X360,26,815387,815387,USA,31361.0384615385
2017,Sonic Forces,NS,8,250214,250214,USA,31276.75
2010,FIFA Soccer 11,X360,14,435057,435057,USA,31075.5
2007,Metroid Prime 3: Corruption,Wii,18,558763,558763,USA,31042.3888888889
2014,The Sims 4,PC,17,527057,527057,USA,31003.3529411765
2014,Minecraft: PlayStation 3 Edition,PS3,33,1022880,1022880,USA,30996.3636363636
2015,Minecraft: Story Mode,X360,10,309843,309843,USA,30984.3
2016,Overwatch,PS4,32,987106,987106,USA,30847.0625
2013,Disney Infinity,Wii,20,616705,616705,USA,30835.25
2012,NCAA Football 13,X360,25,770811,770811,USA,30832.44
2014,Skylanders: Trap Team,X360,12,369687,369687,USA,30807.25
2016,Tom Clancy's The Division,XOne,43,1314948,1314948,USA,30580.1860465116
2013,LEGO Marvel Super Heroes,PS3,11,335371,335371,USA,30488.2727272727
2016,Tom Clancy's The Division,PS4,43,1299471,1299471,USA,30220.2558139535
2016,Rise of the Tomb Raider,PS4,12,360662,360662,USA,30055.1666666667
2017,The Sims 4,PS4,7,209669,209669,USA,29952.7142857143
2007,MySims,DS,15,449112,449112,USA,29940.8
2013,The Legend of Zelda: The Wind Waker HD,WiiU,14,418160,418160,USA,29868.5714285714
2009,Resident Evil 5,X360,43,1283716,1283716,USA,29853.8604651163
2011,NCAA Football 12,X360,25,743295,743295,USA,29731.8
2016,No Man's Sky,PS4,21,622055,622055,USA,29621.6666666667
2018,Starlink: Battle for Atlas,NS,11,321446,321446,USA,29222.3636363636
2013,Luigi's Mansion: Dark Moon,3DS,41,1188180,1188180,USA,28980
2007,Madden NFL 08,PS3,20,577387,577387,USA,28869.35
2009,The Beatles: Rock Band,X360,17,487864,487864,USA,28697.8823529412
2017,Wolfenstein II: The New Colossus,XOne,10,285941,285941,USA,28594.1
2014,Destiny,PS3,16,450572,450572,USA,28160.75
2015,Forza Motorsport 6,XOne,16,449065,449065,USA,28066.5625
2007,The Orange Box,X360,12,336690,336690,USA,28057.5
2017,Crash Bandicoot N. Sane Trilogy,PS4,27,753829,753829,USA,27919.5925925926
2018,WWE 2K19,PS4,12,334521,334521,USA,27876.75
2016,Dragon Ball: Xenoverse 2,PS4,10,278405,278405,USA,27840.5
2017,Need for Speed: Payback,XOne,8,222495,222495,USA,27811.875
2007,NBA 2K8,X360,13,357257,357257,USA,27481.3076923077
2013,Disney Infinity,X360,20,546162,546162,USA,27308.1
2016,NHL 17,XOne,16,430167,430167,USA,26885.4375
2009,NCAA Football 10,X360,25,668479,668479,USA,26739.16
2013,Kingdom Hearts HD 1.5 ReMIX,PS3,17,454177,454177,USA,26716.2941176471
2018,Shadow of the Tomb Raider,XOne,16,423299,423299,USA,26456.1875
2018,Far Cry 5,XOne,40,1050654,1050654,USA,26266.35
2008,Sega Superstars Tennis,X360,42,1097181,1097181,USA,26123.3571428571
2011,L.A. Noire,PS3,33,860046,860046,USA,26062
2016,Overwatch,XOne,32,833712,833712,USA,26053.5
2007,Ratchet & Clank Future: Tools of Destruction,PS3,10,260419,260419,USA,26041.9
2014,Hyrule Warriors,WiiU,14,363901,363901,USA,25992.9285714286
2010,NCAA Football 11,X360,25,647660,647660,USA,25906.4
2015,Batman: Arkham Knight,XOne,28,724832,724832,USA,25886.8571428571
2013,Mario & Luigi: Dream Team,3DS,21,543357,543357,USA,25874.1428571429
2011,Deus Ex: Human Revolution,X360,19,489958,489958,USA,25787.2631578947
2016,Mafia III,XOne,13,335203,335203,USA,25784.8461538462
2011,Mortal Kombat,PS3,37,946973,946973,USA,25593.8648648649
2010,Mass Effect 2,X360,49,1251149,1251149,USA,25533.6530612245
2014,Disney Infinity 2.0: Marvel Super Heroes,X360,14,355896,355896,USA,25421.1428571429
2017,South Park: The Fractured But Whole,XOne,11,278872,278872,USA,25352
2014,FIFA 15,XOne,14,354575,354575,USA,25326.7857142857
2007,Flash Focus: Vision Training in Minutes a Day,DS,11,277293,277293,USA,25208.4545454545
2010,Final Fantasy XIII,PS3,43,1080965,1080965,USA,25138.7209302326
2008,Madden NFL 09 All-Play,Wii,21,522284,522284,USA,24870.6666666667
2008,Tom Clancy's Rainbow Six: Vegas 2,X360,42,1042009,1042009,USA,24809.7380952381
2017,WWE 2K18,PS4,11,272454,272454,USA,24768.5454545455
2015,FIFA 16,X360,15,369321,369321,USA,24621.4
2009,Marvel: Ultimate Alliance 2,X360,16,392552,392552,USA,24534.5
2007,Carnival Games,Wii,18,439729,439729,USA,24429.3888888889
2013,Diablo III,X360,18,434859,434859,USA,24158.8333333333
2014,FIFA 15,PS3,14,337594,337594,USA,24113.8571428571
2011,LittleBigPlanet 2,PS3,50,1203020,1203020,USA,24060.4
2015,Animal Crossing: Happy Home Designer,3DS,15,357398,357398,USA,23826.5333333333
2007,MySims,Wii,15,357025,357025,USA,23801.6666666667
2011,NCAA Football 12,PS3,25,593048,593048,USA,23721.92
2011,Portal 2,X360,37,865971,865971,USA,23404.6216216216
2007,MotorStorm,PS3,43,1005516,1005516,USA,23384.0930232558
2018,Mario Tennis Aces,NS,28,651115,651115,USA,23254.1071428571
2012,NCAA Football 13,PS3,25,580183,580183,USA,23207.32
2018,WWE 2K19,XOne,12,278325,278325,USA,23193.75
2018,LEGO DC Super-Villains,NS,11,254498,254498,USA,23136.1818181818
2013,BioShock Infinite,X360,41,940715,940715,USA,22944.2682926829
2010,Metroid: Other M,Wii,18,411523,411523,USA,22862.3888888889
2018,Minecraft,NS,28,638872,638872,USA,22816.8571428571
2015,The Witcher 3: Wild Hunt,PS4,33,752048,752048,USA,22789.3333333333
2010,LEGO Harry Potter: Years 1-4,Wii,27,614208,614208,USA,22748.4444444444
2012,Kingdom Hearts 3D: Dream Drop Distance,3DS,22,498104,498104,USA,22641.0909090909
2014,Watch Dogs,XOne,31,701771,701771,USA,22637.7741935484
2011,Killzone 3,PS3,45,1016489,1016489,USA,22588.6444444444
2013,NCAA Football 14,PS3,26,582759,582759,USA,22413.8076923077
2009,NCAA Football 10,PS3,25,558083,558083,USA,22323.32
2008,Mario & Sonic at the Olympic Games,DS,50,1109164,1109164,USA,22183.28
2009,UFC 2009 Undisputed,PS3,33,731935,731935,USA,22179.8484848485
2015,Mortal Kombat X,XOne,38,839795,839795,USA,22099.8684210526
2015,The Elder Scrolls Online: Tamriel Unlimited,XOne,30,662310,662310,USA,22077
2017,WWE 2K18,XOne,11,242458,242458,USA,22041.6363636364
2007,Skate,X360,16,350851,350851,USA,21928.1875
2009,Resident Evil 5,PS3,43,941543,941543,USA,21896.3488372093
2016,Paper Mario: Color Splash,WiiU,13,284424,284424,USA,21878.7692307692
2015,Madden NFL 16,PS3,19,415142,415142,USA,21849.5789473684
2008,SoulCalibur IV,X360,23,500741,500741,USA,21771.347826087
2018,SoulCalibur VI,XOne,11,237619,237619,USA,21601.7272727273
2009,Guitar Hero 5,Wii,18,388155,388155,USA,21564.1666666667
2014,inFAMOUS: Second Son,PS4,41,883895,883895,USA,21558.4146341463
2016,Batman: Arkham VR,PS4,12,257885,257885,USA,21490.4166666667
2007,Super Paper Mario,Wii,38,816471,816471,USA,21486.0789473684
2007,Mario Strikers Charged,Wii,22,468175,468175,USA,21280.6818181818
2017,Arms,NS,29,616002,616002,USA,21241.4482758621
2017,Uncharted: The Lost Legacy,PS4,19,403266,403266,USA,21224.5263157895
2017,MLB The Show 17,PS4,40,836775,836775,USA,20919.375
2010,Tom Clancy's Splinter Cell: Conviction,X360,38,794051,794051,USA,20896.0789473684
2010,LEGO Harry Potter: Years 1-4,DS,27,561914,561914,USA,20811.6296296296
2017,Just Dance 2018,NS,10,206991,206991,USA,20699.1
2009,Fight Night Round 4,X360,28,577799,577799,USA,20635.6785714286
2017,Tom Clancy's Ghost Recon Wildlands,PS4,43,887269,887269,USA,20634.1627906977
2010,NCAA Football 11,PS3,25,515580,515580,USA,20623.2
2015,The Legend of Zelda: Majora's Mask 3D,3DS,47,969236,969236,USA,20622.0425531915
2007,NCAA Football 08,X360,24,494510,494510,USA,20604.5833333333
2008,NCAA Football 09,X360,25,513280,513280,USA,20531.2
2011,Mortal Kombat,X360,37,756388,756388,USA,20442.9189189189
2018,Mega Man 11,NS,13,265728,265728,USA,20440.6153846154
2013,God of War: Ascension,PS3,43,872911,872911,USA,20300.2558139535
2012,Tom Clancy's Ghost Recon: Future Soldier,X360,32,644123,644123,USA,20128.84375
2010,BioShock 2,X360,47,940946,940946,USA,20020.1276595745
2009,inFAMOUS,PS3,32,634664,634664,USA,19833.25
2018,MLB The Show 18,PS4,40,793127,793127,USA,19828.175
2009,[Prototype],X360,30,594655,594655,USA,19821.8333333333
2009,Halo Wars,X360,44,871832,871832,USA,19814.3636363636
2007,Madden NFL 08,Wii,20,395880,395880,USA,19794
2007,High School Musical: Makin' the Cut!,DS,20,395571,395571,USA,19778.55
2007,Drawn to Life,DS,16,315876,315876,USA,19742.25
2013,Tom Clancy's Splinter Cell: Blacklist,X360,20,393247,393247,USA,19662.35
2008,LEGO Indiana Jones: The Original Adventures,DS,31,608649,608649,USA,19633.8387096774
2012,Max Payne 3,X360,33,646999,646999,USA,19606.0303030303
2008,Guitar Hero: Aerosmith,Wii,27,528443,528443,USA,19571.962962963
2015,Bloodborne,PS4,41,798391,798391,USA,19472.9512195122
2009,Killzone 2,PS3,45,871336,871336,USA,19363.0222222222
2018,Monster Hunter: World,PS4,49,945283,945283,USA,19291.4897959184
2014,Tomodachi Life,3DS,30,573130,573130,USA,19104.3333333333
2008,God of War: Chains of Olympus,PSP,44,837077,837077,USA,19024.4772727273
2010,Battlefield: Bad Company 2,PS3,44,834084,834084,USA,18956.4545454545
2008,LEGO Indiana Jones: The Original Adventures,Wii,31,585172,585172,USA,18876.5161290323
2013,Saints Row IV,PS3,20,376522,376522,USA,18826.1
2007,Madden NFL 08,PSP,20,375556,375556,USA,18777.8
2008,Army of Two,X360,44,823858,823858,USA,18724.0454545455
2015,The Elder Scrolls Online: Tamriel Unlimited,PS4,30,560172,560172,USA,18672.4
2018,Donkey Kong Country: Tropical Freeze,NS,35,652032,652032,USA,18629.4857142857
2015,NHL 16,XOne,16,297319,297319,USA,18582.4375
2009,Madden NFL 10,Wii,21,389244,389244,USA,18535.4285714286
2011,inFAMOUS 2,PS3,30,555237,555237,USA,18507.9
2017,Injustice 2,PS4,33,610159,610159,USA,18489.6666666667
2014,Watch Dogs,X360,31,573038,573038,USA,18485.0967741935
2017,Tom Clancy's Ghost Recon Wildlands,XOne,43,794434,794434,USA,18475.2093023256
2013,Diablo III,PS3,18,331691,331691,USA,18427.2777777778
2016,Doom (2016),PS4,34,624513,624513,USA,18368.0294117647
2010,Final Fantasy XIII,X360,43,786679,786679,USA,18294.8604651163
2014,Titanfall,X360,38,694829,694829,USA,18284.9736842105
2013,Gears of War: Judgment,X360,42,762278,762278,USA,18149.4761904762
2018,Project Octopath Traveler,NS,25,452082,452082,USA,18083.28
2016,Ratchet & Clank (2016),PS4,38,686408,686408,USA,18063.3684210526
2011,Nintendogs + cats,3DS,40,718158,718158,USA,17953.95
2012,LEGO Batman 2: DC Super Heroes,Wii,28,502602,502602,USA,17950.0714285714
2015,Until Dawn,PS4,19,338270,338270,USA,17803.6842105263
2016,Fire Emblem Fates,3DS,46,817960,817960,USA,17781.7391304348
2012,Mario Party 9,Wii,42,741964,741964,USA,17665.8095238095
2008,Battlefield: Bad Company,X360,28,493848,493848,USA,17637.4285714286
2010,UFC Undisputed 2010,X360,32,561477,561477,USA,17546.15625
2010,Wipeout: The Game,Wii,28,489264,489264,USA,17473.7142857143
2015,Rare Replay,XOne,22,382568,382568,USA,17389.4545454545
2016,MLB 16: The Show,PS4,40,693523,693523,USA,17338.075
2009,Street Fighter IV,PS3,46,795716,795716,USA,17298.1739130435
2012,Kinect Star Wars,X360,39,673382,673382,USA,17266.2051282051
2009,Fight Night Round 4,PS3,28,478795,478795,USA,17099.8214285714
2009,Street Fighter IV,X360,46,782805,782805,USA,17017.5
2007,Tiger Woods PGA Tour 08,X360,18,301358,301358,USA,16742.1111111111
2012,MLB 12: The Show,PS3,43,714057,714057,USA,16605.976744186
2015,Metal Gear Solid V: The Phantom Pain,XOne,18,298388,298388,USA,16577.1111111111
2015,The Witcher 3: Wild Hunt,XOne,33,539191,539191,USA,16339.1212121212
2018,Kirby,NS,42,685612,685612,USA,16324.0952380952
2011,Homefront,X360,42,685246,685246,USA,16315.380952381
2013,Injustice: Gods Among Us,X360,38,619185,619185,USA,16294.3421052632
2016,Dark Souls III,PS4,38,612476,612476,USA,16117.7894736842
2007,Crackdown,X360,45,712946,712946,USA,15843.2444444444
2018,Detroit: Become Human,PS4,32,503122,503122,USA,15722.5625
2008,Ninja Gaiden II,X360,31,483592,483592,USA,15599.7419354839
2011,Portal 2,PS3,37,575252,575252,USA,15547.3513513514
2018,Dragon Quest XI,PS4,17,263210,263210,USA,15482.9411764706
2010,Toy Story 3: The Video Game,DS,29,446560,446560,USA,15398.6206896552
2011,Mario Sports Mix,Wii,47,717906,717906,USA,15274.5957446809
2018,NHL 19,PS4,16,243499,243499,USA,15218.6875
2012,Pokémon Black and White,DS,28,425853,425853,USA,15209.0357142857
2015,Battlefield: Hardline,XOne,42,634328,634328,USA,15103.0476190476
2016,Doom (2016),XOne,34,512383,512383,USA,15070.0882352941
2007,Diddy Kong Racing DS,DS,47,705596,705596,USA,15012.6808510638
2016,Madden NFL 17,X360,19,284655,284655,USA,14981.8421052632
2018,NHL 19,XOne,16,239069,239069,USA,14941.8125
2015,Dying Light,PS4,49,728452,728452,USA,14866.3673469388
2018,Crash Bandicoot N. Sane Trilogy,NS,27,400911,400911,USA,14848.5555555556
2012,LEGO Batman 2: DC Super Heroes,X360,28,412578,412578,USA,14734.9285714286
2013,Tomb Raider,X360,44,647352,647352,USA,14712.5454545455
2007,Transformers: Autobots / Decepticons,DS,28,411265,411265,USA,14688.0357142857
2015,Battlefield: Hardline,PS4,42,613363,613363,USA,14603.880952381
2009,Tiger Woods PGA Tour 10,Wii,30,434358,434358,USA,14478.6
2015,MLB 15: The Show,PS4,40,572831,572831,USA,14320.775
2016,NHL 17,PS4,16,228089,228089,USA,14255.5625
2008,Deca Sports,Wii,34,483591,483591,USA,14223.2647058824
2010,UFC Undisputed 2010,PS3,32,451441,451441,USA,14107.53125
2015,Mario Party 10,WiiU,42,591333,591333,USA,14079.3571428571
2008,Gran Turismo 5 Prologue,PS3,38,534769,534769,USA,14072.8684210526
2018,NBA 2K19,NS,16,222853,222853,USA,13928.3125
2016,Pokken Tournament,WiiU,42,584840,584840,USA,13924.7619047619
2007,Resident Evil 4: Wii Edition,Wii,28,386208,386208,USA,13793.1428571429
2018,Monster Hunter Double Cross,NS,18,247269,247269,USA,13737.1666666667
2007,Pokemon Battle Revolution,Wii,27,370820,370820,USA,13734.0740740741
2018,Sea of Thieves,XOne,41,555888,555888,USA,13558.243902439
2014,Watch Dogs,PS3,31,417556,417556,USA,13469.5483870968
2016,The Legend of Zelda: Twilight Princess HD,WiiU,44,589614,589614,USA,13400.3181818182
2017,The Legend of Zelda: Breath of the Wild,WiiU,44,589246,589246,USA,13391.9545454545
2017,Resident Evil VII: Biohazard,PS4,49,652083,652083,USA,13307.8163265306
2007,Tom Clancy's Ghost Recon Advanced Warfighter 2,X360,43,570577,570577,USA,13269.2325581395
2012,Final Fantasy XIII-2,PS3,48,635691,635691,USA,13243.5625
2013,StarCraft II: Heart of the Swarm,PC,43,568574,568574,USA,13222.6511627907
2015,LEGO Jurassic World,X360,30,395445,395445,USA,13181.5
2017,NHL 18,XOne,16,210396,210396,USA,13149.75
2010,Heavy Rain,PS3,45,590884,590884,USA,13130.7555555556
2009,[Prototype],PS3,30,392784,392784,USA,13092.8
2008,Crisis Core: Final Fantasy VII,PSP,41,535734,535734,USA,13066.6829268293
2013,Donkey Kong Country Returns 3D,3DS,33,429914,429914,USA,13027.696969697
2011,Brink,X360,34,442741,442741,USA,13021.7941176471
2014,MLB 14 The Show,PS4,34,441319,441319,USA,12979.9705882353
2017,Injustice 2,XOne,33,424560,424560,USA,12865.4545454545
2011,Dead Space 2,X360,49,628022,628022,USA,12816.7755102041
2007,Lost Planet: Extreme Condition,X360,51,653286,653286,USA,12809.5294117647
2017,Final Fantasy XII: The Zodiac Age,PS4,25,319765,319765,USA,12790.6
2018,Monster Hunter: World,XOne,49,614622,614622,USA,12543.306122449
2017,NHL 18,PS4,16,199630,199630,USA,12476.875
2017,For Honor,PS4,46,572142,572142,USA,12437.8695652174
2011,Crysis 2,X360,41,508076,508076,USA,12392.0975609756
2015,Dying Light,XOne,49,605742,605742,USA,12362.0816326531
2016,Far Cry: Primal,PS4,45,555031,555031,USA,12334.0222222222
2013,BioShock Infinite,PS3,41,503002,503002,USA,12268.3414634146
2007,WarioWare: Smooth Moves,Wii,50,611164,611164,USA,12223.28
2011,Dragon Age II,X360,43,521200,521200,USA,12120.9302325581
2017,Tekken 7,PS4,31,372921,372921,USA,12029.7096774194
2011,LEGO Star Wars III: The Clone Wars,Wii,41,492080,492080,USA,12001.9512195122
2010,Super Street Fighter IV,PS3,36,430955,430955,USA,11970.9722222222
2010,MLB 10: The Show,PS3,44,526552,526552,USA,11967.0909090909
2008,MLB 08: The Show,PS3,44,526399,526399,USA,11963.6136363636
2007,Major League Baseball 2K7,X360,44,523706,523706,USA,11902.4090909091
2011,SOCOM 4: U.S. Navy SEALs,PS3,37,440125,440125,USA,11895.2702702703
2015,Monster Hunter 4 Ultimate,3DS,47,557939,557939,USA,11871.0425531915
2017,Mass Effect: Andromeda,PS4,41,486238,486238,USA,11859.4634146341
2010,MAG: Massive Action Game,PS3,49,573897,573897,USA,11712.1836734694
2013,MLB 13: The Show,PS3,44,514473,514473,USA,11692.5681818182
2008,Devil May Cry 4,X360,48,554821,554821,USA,11558.7708333333
2009,MLB 09: The Show,PS3,44,507625,507625,USA,11536.9318181818
2017,Kingdom Hearts 1.5 + 2.5 Remix,PS4,40,459348,459348,USA,11483.7
2015,The Order 1866,PS4,46,522369,522369,USA,11355.847826087
2018,Captain Toad: Treasure Tracker,NS,25,283364,283364,USA,11334.56
2018,Dragon Ball Fighter Z,PS4,49,557541,554541,USA,11317.1632653061
2012,Max Payne 3,PS3,33,372750,372750,USA,11295.4545454545
2018,LEGO The Incredibles,NS,29,323705,323705,USA,11162.2413793103
2007,Big Brain Academy: Wii Degree,Wii,29,323118,323118,USA,11142
2014,The LEGO Movie Videogame,X360,47,523343,523343,USA,11134.9574468085
2018,Nintendo Labo: Toy-Con 01 Variety Kit,NS,37,408163,408163,USA,11031.4324324324
2011,Marvel vs. Capcom 3: Fate of Two Worlds,PS3,46,507327,507327,USA,11028.847826087
2016,Monster Hunter X,3DS,25,275437,275437,USA,11017.48
2014,EA Sports UFC,PS4,28,305713,305713,USA,10918.3214285714
2008,Major League Baseball 2K8,X360,44,470114,470114,USA,10684.4090909091
2011,Marvel vs. Capcom 3: Fate of Two Worlds,X360,46,489496,489496,USA,10641.2173913043
2013,Dead Space 3,X360,48,510173,510173,USA,10628.6041666667
2010,ZhuZhu Pets,DS,41,433429,433429,USA,10571.4390243902
2013,Tomb Raider,PS3,44,460384,460384,USA,10463.2727272727
2009,Major League Baseball 2K9,X360,44,459701,459701,USA,10447.75
2016,Kirby: Planet Robobot,3DS,30,311762,311762,USA,10392.0666666667
2011,Bulletstorm,X360,45,466210,466210,USA,10360.2222222222
2017,Mass Effect: Andromeda,XOne,41,424029,424029,USA,10342.1707317073
2014,Kirby: Triple Deluxe,3DS,35,360686,360686,USA,10305.3142857143
2017,Persona 5,PS4,39,399189,399189,USA,10235.6153846154
2012,Mass Effect 3,PS3,43,439668,439668,USA,10224.8372093023
2009,Skate 2,X360,50,508329,508329,USA,10166.58
2017,For Honor,XOne,46,467233,467233,USA,10157.2391304348
2016,Far Cry: Primal,XOne,45,451056,451056,USA,10023.4666666667
2012,Twisted Metal,PS3,46,460260,460260,USA,10005.652173913
2013,LEGO City Undercover: The Chase Begins,3DS,37,369783,369783,USA,9994.13513513513
2012,Resident Evil: Operation Raccoon City (Special Edition).,X360,41,407023,407023,USA,9927.39024390244
2010,BioShock 2,PS3,47,465983,465983,USA,9914.53191489362
2009,Gold's Gym: Cardio Workout,Wii,41,402931,402931,USA,9827.58536585366
2014,Wolfenstein: The New Order,PS4,32,313236,313236,USA,9788.625
2011,Dead Space 2,PS3,49,479612,479612,USA,9788
2007,Spider-Man 3,X360,35,335481,335481,USA,9585.17142857143
2007,Spectrobes,DS,43,409810,409810,USA,9530.46511627907
2013,Dead Island: Riptide,X360,37,350420,350420,USA,9470.81081081081
2014,Donkey Kong Country: Tropical Freeze,WiiU,45,423733,423733,USA,9416.28888888889
2017,1-2-Switch,NS,44,410591,410591,USA,9331.61363636364
2007,Sonic and the Secret Rings,Wii,45,417264,417264,USA,9272.53333333333
2010,Aliens vs Predator,X360,46,424376,424375,USA,9225.54347826087
2011,Mass Effect 2,PS3,50,454747,454747,USA,9094.94
2016,Naruto Shippuden: Ultimate Ninja Storm 4,PS4,47,425084,425084,USA,9044.34042553191
2014,South Park: The Stick of Truth,X360,43,388156,388156,USA,9026.88372093023
2016,Quantum Break,XOne,39,351204,351204,USA,9005.23076923077
2012,Kingdoms of Amalur: Reckoning,X360,47,422720,422720,USA,8994.04255319149
2017,Miitopia,3DS,23,203737,203737,USA,8858.13043478261
2012,Resident Evil: Operation Raccoon City,PS3,41,359614,359614,USA,8771.07317073171
2012,UFC Undisputed 3,X360,46,399796,399796,USA,8691.21739130435
2009,Phineas and Ferb,DS,48,416135,416135,USA,8669.47916666667
2013,Crysis 3,X360,46,396800,396800,USA,8626.08695652174
2018,Shadow of the Colossus,PS4,47,404110,404110,USA,8598.08510638298
2010,Dante's Inferno,PS3,47,403326,403326,USA,8581.40425531915
2016,Overwatch,PC,32,273386,273386,USA,8543.3125
2012,Major League Baseball 2K12,X360,43,365509,365509,USA,8500.20930232558
2010,darksiders,X360,52,440765,440765,USA,8476.25
2016,Street Fighter V,PS4,46,389181,389181,USA,8460.45652173913
2007,Cooking Mama: Cook Off,Wii,41,345237,345237,USA,8420.41463414634
2014,Metal Gear Solid V: Ground Zeroes,PS4,41,344211,344211,USA,8395.39024390244
2007,Tiger Woods PGA Tour 07,Wii,42,347948,347948,USA,8284.47619047619
2014,Final Fantasy X / X-2 HD Remaster,PS3,41,338076,338076,USA,8245.75609756098
2013,Fire Emblem: Awakening,3DS,48,394734,394734,USA,8223.625
2013,Pokemon Mystery Dungeon: Gates to Infinity,3DS,41,335801,335801,USA,8190.26829268293
2007,Naruto: Ninja Council 3,DS,32,256692,256692,USA,8021.625
2016,Plants vs. Zombies: Garden Warfare 2,XOne,45,360149,360149,USA,8003.31111111111
2017,Kingdom Hearts HD 2.8 Final Chapter Prologue,PS4,49,390899,390899,USA,7977.5306122449
2017,NieR Automata,PS4,43,340844,340844,USA,7926.60465116279
2018,State of Decay 2,XOne,32,251031,251031,USA,7844.71875
2007,The Elder Scrolls IV: Oblivion,PS3,41,319686,319686,USA,7797.21951219512
2014,Yoshi's New Island,3DS,42,326880,326880,USA,7782.85714285714
2016,Dark Souls III,XOne,38,294934,294934,USA,7761.42105263158
2013,Ni no Kuni: Wrath of the White Witch,PS3,50,387605,387605,USA,7752.1
2017,Resident Evil VII: Biohazard,XOne,49,379601,379601,USA,7746.95918367347
2014,Bravely Default: Flying Fairy,3DS,47,360719,360719,USA,7674.87234042553
2018,EA Sports UFC 3,PS4,48,366815,366815,USA,7641.97916666667
2018,Ni no Kuni II: Revenant Kingdom,PS4,41,305097,305097,USA,7441.39024390244
2015,Final Fantasy Type-0 HD,PS4,42,312055,312055,USA,7429.88095238095
2018,Dragon Ball Fighter Z,XOne,49,352432,351432,USA,7172.08163265306
2013,Dead Space 3,PS3,48,336124,336124,USA,7002.58333333333
2017,Fire Emblem Echoes: Shadows of Valentia,3DS,33,227643,227643,USA,6898.27272727273
2016,MLB 16: The Show,PS3,40,266366,266366,USA,6659.15
2007,Ratchet & Clank: Size Matters,PSP,46,301252,301252,USA,6548.95652173913
2016,EA Sports UFC 2,PS4,42,273009,273009,USA,6500.21428571429
2017,Ni-Oh,PS4,47,299891,299891,USA,6380.65957446809
2015,Evolve,XOne,47,298081,298081,USA,6342.14893617021
2018,EA Sports UFC 3,XOne,48,276377,276377,USA,5757.85416666667
2017,Halo Wars 2,XOne,45,250434,250434,USA,5565.2
2016,LEGO Marvel's Avengers,PS4,49,270231,270231,USA,5514.91836734694
2018,Bayonetta 2,NS,46,240372,240372,USA,5225.47826086957
2017,Super Bomberman R,NS,44,198236,198236,USA,4505.36363636364