Year,Game_Title,Platform,Weeks,Yearly_Sale,Total_Sale,Area,Weeks Avg
2007,Pokemon Diamond / Pearl Version,DS,67,1098082,5571774,Japan,83160.8059701493
2011,Pokémon Black and White,DS,68,454312,5505220,Japan,80959.1176470588
2011,Monster Hunter Freedom 3,PSP,57,846748,4609096,Japan,80861.3333333333
2010,New Super Mario Bros. Wii,Wii,57,1455548,4202418,Japan,73726.6315789474
2014,Pocket Monsters X/Y,3DS,64,338648,4276631,Japan,66822.359375
2017,Pokemon Sun/Moon,3DS,59,529532,3816397,Japan,64684.6949152542
2013,Animal Crossing: Jump Out,3DS,61,1695507,3761766,Japan,61668.2950819672
2007,New Super Mario Bros.,DS,84,1206795,5167150,Japan,61513.6904761905
2010,Pokemon Heart Gold / Soul Silver Version,DS,69,385284,3941794,Japan,57127.4492753623
2010,Dragon Quest IX: Sentinels of the Starry Skies,DS,78,206130,4342072,Japan,55667.5897435897
2008,Wii Fit,Wii,58,2220394,3099110,Japan,53432.9310344828
2014,Monster Hunter 4,3DS,68,194878,3429341,Japan,50431.4852941177
2015,Pocket Monsters Omega Ruby and Alpha Sapphire,3DS,59,464094,2909367,Japan,49311.3050847458
2016,Monster Hunter X,3DS,58,264416,2806400,Japan,48386.2068965517
2015,Youkai Watch 2 Shinuchi,3DS,56,625272,2669597,Japan,47671.375
2007,Wii Sports,Wii,57,1983458,2560472,Japan,44920.5614035088
2010,Tomodachi Collection,DS,81,1047336,3552501,Japan,43858.037037037
2018,Pokemon: Ultra Sun and Ultra Moon,3DS,59,481410,2550655,Japan,43231.4406779661
2015,Youkai Watch 2 Ganso/Honke,3DS,78,126878,3160089,Japan,40513.9615384615
2015,Monster Hunter 4G,3DS,65,245838,2610484,Japan,40161.2923076923
2018,Splatoon 2,NS,76,1133448,3006864,Japan,39564
2009,Monster Hunter Freedom Unite,PSP,93,883047,3650397,Japan,39251.5806451613
2013,Pokemon Black / White Version 2,DS,81,170433,3079128,Japan,38013.9259259259
2009,Pokemon Platinum Version,DS,69,292148,2587161,Japan,37495.0869565217
2007,Wii Play,Wii,57,1538780,2067534,Japan,36272.5263157895
2015,Dairantou Smash Bros. for Nintendo 3DS,3DS,69,350091,2365983,Japan,34289.6086956522
2012,Mario Kart 7,3DS,57,752702,1941940,Japan,34069.1228070175
2010,Wii Fit Plus,Wii,66,799263,2216637,Japan,33585.4090909091
2018,Super Mario Odyssey,NS,62,555645,2022159,Japan,32615.4677419355
2012,Monster Hunter 3G,3DS,56,727236,1713910,Japan,30605.5357142857
2008,Mario Party DS,DS,61,589017,1850022,Japan,30328.2295081967
2016,Yokai Watch Busters,3DS,78,163854,2301547,Japan,29507.0128205128
2013,New Super Mario Bros. 2,3DS,76,474799,2241761,Japan,29496.8552631579
2012,Super Mario 3D Land,3DS,61,689681,1781900,Japan,29211.4754098361
2011,Wii Party,Wii,78,554185,2236384,Japan,28671.5897435897
2007,Dragon Quest Monsters: Joker,DS,53,860628,1487650,Japan,28068.8679245283
2010,Wii Sports Resort,Wii,80,584556,2217512,Japan,27718.9
2009,Mario Kart Wii,Wii,91,422146,2488262,Japan,27343.5384615385
2014,Puzzle & Dragons Z,3DS,55,322222,1480611,Japan,26920.2
2007,Kanshuu Nippon Joushikiryoku Kentei Kyoukai: Imasara Hito ni wa Kikenai Otona no Joushikiryoku Training DS,DS,62,677852,1641406,Japan,26474.2903225806
2009,Rhythm Heaven,DS,75,360094,1815646,Japan,24208.6133333333
2018,Mario Kart 8 Deluxe,NS,88,931989,2106185,Japan,23933.9204545455
2007,English Training: Have Fun Improving Your Skills!,DS,101,585388,2234844,Japan,22127.1683168317
2008,Pokemon Mystery Dungeon: Explorers of Time / Darkness,DS,69,197700,1518216,Japan,22003.1304347826
2017,Super Mario Maker,3DS,57,380316,1201726,Japan,21082.9122807018
2009,Animal Crossing: City Folk,Wii,59,236241,1206141,Japan,20443.0677966102
2008,Dragon Quest IV: Chapters of the Chosen,DS,59,167947,1188984,Japan,20152.2711864407
2009,Super Smash Bros. Brawl,Wii,101,137442,2031470,Japan,20113.5643564356
2014,Tomodachi Collection: Shin Seikatsu,3DS,89,117228,1745036,Japan,19607.1460674157
2017,Yokai Watch 3,3DS,77,88491,1499941,Japan,19479.7532467532
2016,Animal Crossing: Happy Home Designer,3DS,75,102019,1413601,Japan,18848.0133333333
2009,Kirby Super Star Ultra,DS,61,159540,1144891,Japan,18768.7049180328
2008,Mario Party 8,Wii,76,297483,1405477,Japan,18493.1184210526
2011,Donkey Kong Country Returns,Wii,56,337957,1012101,Japan,18073.2321428571
2013,New Super Mario Bros. U,WiiU,57,648931,1022487,Japan,17938.3684210526
2008,Monster Hunter Freedom 2,PSP,98,249645,1753219,Japan,17889.9897959184
2016,Splatoon,WiiU,84,350163,1498326,Japan,17837.2142857143
2017,Final Fantasy XV,PS4,57,148048,1015916,Japan,17823.0877192982
2010,Inazuma Eleven 2: Kyoui no Shinryokusha,DS,66,190339,1172851,Japan,17770.4696969697
2007,Kirby Squeak Squad,DS,61,301622,1044155,Japan,17117.2950819672
2014,Youkai Watch,3DS,77,1006125,1306901,Japan,16972.7402597403
2008,Super Mario Galaxy,Wii,62,235150,1005273,Japan,16214.0806451613
2016,Monster Strike 3DS,3DS,55,173931,886175,Japan,16112.2727272727
2012,Final Fantasy XIII-2,PS3,55,150665,867392,Japan,15770.7636363636
2008,Professor Layton and the Diabolical Box,DS,58,287165,881646,Japan,15200.7931034483
2017,Yo-Kai Watch 3: Sukiyaki,3DS,55,246339,809069,Japan,14710.3454545455
2007,Tetris DS,DS,88,290972,1290863,Japan,14668.8977272727
2009,Style Savvy,DS,63,268109,892906,Japan,14173.1111111111
2015,Mario Kart 8,WiiU,84,340711,1184845,Japan,14105.2976190476
2009,Professor Layton and the Unwound Future,DS,58,167049,817147,Japan,14088.7413793103
2016,Super Mario Maker,WiiU,69,238634,969533,Japan,14051.2028985507
2014,Grand Theft Auto V,PS3,64,204790,857127,Japan,13392.609375
2010,The Legend of Zelda: Spirit Tracks,DS,54,288279,716183,Japan,13262.6481481481
2014,Wii Party U,WiiU,61,218927,804297,Japan,13185.1967213115
2018,The Legend of Zelda: Breath of the Wild,NS,96,493020,1259899,Japan,13123.9479166667
2015,Dairantou Smash Bros. for Wii U,WiiU,57,250934,730026,Japan,12807.4736842105
2007,Personal Trainer: Cooking,DS,76,249884,956962,Japan,12591.6052631579
2008,Flash Focus: Vision Training in Minutes a Day,DS,84,212884,1010860,Japan,12034.0476190476
2012,Kirby's Return to Dreamland,Wii,62,203261,736032,Japan,11871.4838709677
2009,Taiko no Tatsujin Wii,Wii,56,377628,653489,Japan,11669.4464285714
2008,Final Fantasy IV,DS,55,191344,616820,Japan,11214.9090909091
2007,Yakuza 2,PS2,56,165081,621304,Japan,11094.7142857143
2007,WarioWare: Smooth Moves,Wii,57,430940,631646,Japan,11081.5087719298
2016,MineCraft,PSV,94,436282,1016206,Japan,10810.7021276596
2013,Taiko no Tatsujin Wii: Super Deluxe Edition,Wii,58,305633,626024,Japan,10793.5172413793
2007,Zaidan Houjin Nippon Kanji Nouryoku Kentei Kyoukai Koushiki Soft: 200 Mannin no KanKen: Tokoton Kanji Nou,DS,60,427179,646566,Japan,10776.1
2013,Dragon Quest X,Wii,75,192688,805576,Japan,10741.0133333333
2012,Just Dance Wii,Wii,64,224404,681869,Japan,10654.203125
2014,Super Mario 3D World,WiiU,58,158994,614449,Japan,10593.9482758621
2013,Paper Mario: Sticker Star,3DS,57,189578,588416,Japan,10323.0877192982
2007,Zaidan Houjin Nippon Kanji Nouryoko Kentei Kyoukai Kounin: KanKen DS,DS,66,327388,663226,Japan,10048.8787878788
2008,Mario & Sonic at the Olympic Games,Wii,59,222206,592872,Japan,10048.6779661017
2007,Monster Hunter Freedom,PSP,103,167445,1028189,Japan,9982.41747572816
2008,Professor Layton and the Curious Village,DS,99,201933,981934,Japan,9918.52525252525
2007,The Legend of Zelda: Twilight Princess,Wii,57,268405,558407,Japan,9796.61403508772
2008,Gran Turismo 5 Prologue,PS3,56,382005,545382,Japan,9738.96428571429
2011,Ninokuni: Shikkoku no Madoushi,DS,56,144749,539938,Japan,9641.75
2018,Yo-kai Watch Busters 2: Legend of the Secret Treasure Banbarayar - Sword/Magnum,3DS,55,109119,508050,Japan,9237.27272727273
2010,Resident Evil 5,PS3,96,363579,861636,Japan,8975.375
2007,Kenkou Ouen Recipe 1000: DS Kondate Zenshuu,DS,56,299534,501115,Japan,8948.48214285714
2013,Call of Duty: Black Ops II,PS3,59,180998,527819,Japan,8946.08474576271
2016,Rhythm Heaven: The Best+,3DS,82,96356,729024,Japan,8890.53658536585
2012,Inazuma Eleven GO,3DS,55,192384,476222,Japan,8658.58181818182
2014,World Soccer Winning Eleven 2014,PS3,59,215929,498314,Japan,8446
2013,Dragon's Dogma,PS3,85,225413,715954,Japan,8422.98823529412
2011,pro evolution soccer 2011,PS3,62,135836,521439,Japan,8410.3064516129
2014,The Legend of Zelda: A Link Between Worlds,3DS,53,135948,432174,Japan,8154.22641509434
2013,Inazuma Eleven Go 2: Chrono Stone,3DS,56,144603,456052,Japan,8143.78571428571
2008,Taiko no Tatsujin DS: Touch de Dokodon!,DS,76,252044,594962,Japan,7828.44736842105
2012,Call of Duty: Modern Warfare 3,PS3,59,140790,456349,Japan,7734.72881355932
2008,Ganbaru Watashi no Kakei Diary,DS,78,194412,600127,Japan,7693.9358974359
2012,Dark Souls,PS3,67,124775,503793,Japan,7519.29850746269
2009,Magician's Quest: Mysterious Times,DS,60,173189,449759,Japan,7495.98333333333
2013,Taiko no Tatsujin: Chibi Dragon to Fushigi na Orb,3DS,78,235743,579526,Japan,7429.82051282051
2012,Musou Orochi 2,PS3,54,124936,398723,Japan,7383.75925925926
2015,Kirby: Triple Deluxe,3DS,104,85535,765407,Japan,7359.68269230769
2013,Tousouchuu: Shijou Saikyou no Hunter-Tachi Kara Nigekire!,3DS,79,221650,569426,Japan,7207.92405063291
2009,Meccha! Taiko no Tatsujin Master DS: 7-tsu no Shima no Daibouken,DS,89,158664,641373,Japan,7206.43820224719
2017,Momotaro Dentetsu 2017: Tachiagare Nippon!!,3DS,54,180103,388983,Japan,7203.38888888889
2011,Tongari Boushi to Mahou no Otana,DS,60,149264,431292,Japan,7188.2
2017,Kirby: Planet Robobot,3DS,88,91875,611268,Japan,6946.22727272727
2017,Yakuza 6,PS4,56,68086,381630,Japan,6814.82142857143
2010,Taiko no Tatsujin Wii: Dodon to 2 Yome!,Wii,59,154266,399859,Japan,6777.27118644068
2013,Nintendo Land,WiiU,57,177202,386288,Japan,6776.98245614035
2013,Fantasy Life,3DS,54,235434,361382,Japan,6692.25925925926
2012,Nintendogs + cats,3DS,97,191804,646467,Japan,6664.60824742268
2018,Call of Duty: WWII,PS4,61,60737,399068,Japan,6542.09836065574
2011,Call of Duty: Black Ops,PS3,59,161600,385839,Japan,6539.64406779661
2014,Shingeki no Kyojin ~Hangeki no Tsubasa~,3DS,56,176427,361350,Japan,6452.67857142857
2012,Taiko no Tatsujin Wii: Ketteiban,Wii,58,188161,362439,Japan,6248.94827586207
2016,Call of Duty: Black Ops 3,PS4,61,100406,365133,Japan,5985.7868852459
2014,Final Fantasy X / X-2 HD Remaster,PS3,53,87600,313739,Japan,5919.60377358491
2009,Momotarou Dentetsu 20-Shuunen,DS,55,140731,322826,Japan,5869.56363636364
2018,Arms,NS,81,145541,467012,Japan,5765.58024691358
2008,Tales of Destiny,PS2,91,155439,523889,Japan,5757.02197802198
2010,Call of Duty: Modern Warfare 2,PS3,56,138129,317733,Japan,5673.80357142857
2013,Style Savvy: Trendsetters,3DS,67,119739,378953,Japan,5656.01492537313
2007,Nounai Aeshe: IQ Suppli DS,DS,54,214631,296988,Japan,5499.77777777778
2014,Sentouchu: Densetsu no Shinobi to Survival Battle!,3DS,63,116300,337594,Japan,5358.63492063492
2009,Inazuma Eleven,DS,72,140048,378471,Japan,5256.54166666667
2014,Final Fantasy X / X-2 HD Remaster,PSV,53,87234,278122,Japan,5247.58490566038
2018,1-2-Switch,NS,96,164822,498007,Japan,5187.57291666667
2012,Go Vacation,Wii,63,136456,317831,Japan,5044.93650793651
2011,Taiko no Tatsujin Wii: Minna de Party * 3-Yome!,Wii,57,137933,285867,Japan,5015.21052631579
2009,Power Pro Kun Pocket 11,DS,55,132337,275027,Japan,5000.49090909091
2008,Zaidan Houjin Nippon Kanji Nouryoku Kentei Kyoukai Kounin: KanKen DS 2 + Jouyou Kanji Jiten,DS,67,222333,326291,Japan,4870.01492537313
2011,pro evolution soccer 2011,PSP,59,163570,280283,Japan,4750.5593220339
2018,Pokken Tournament,NS,67,128107,316997,Japan,4731.29850746269
2017,Dark Souls III,PS4,93,90440,439130,Japan,4721.82795698925
2017,Minecraft,WiiU,80,114376,375932,Japan,4699.15
2018,Mario Party: The Top 100,3DS,53,193256,243379,Japan,4592.05660377359
2012,Pro Evolution Soccer 2012,PSP,61,116432,277888,Japan,4555.54098360656
2017,Miitopia,3DS,56,124711,249778,Japan,4460.32142857143
2012,Toriko: Gourmet Survival!,PSP,74,154348,328240,Japan,4435.67567567568
2015,Grand Theft Auto V,PS4,56,133123,246450,Japan,4400.89285714286
2018,Earth Defense Force 5,PS4,56,67941,239913,Japan,4284.16071428571
2018,Xenoblade Chronicles 2,NS,57,76696,240631,Japan,4221.59649122807
2018,Monster Hunter Double Cross,NS,71,67916,271692,Japan,3826.64788732394
2015,Dragon Ball Heroes: Ultimate Mission 2,3DS,74,98638,281949,Japan,3810.12162162162
2016,Disney Magic World 2,3DS,61,102703,220099,Japan,3608.18032786885
2018,Kirby: Battle Royale,3DS,57,77847,200017,Japan,3509.0701754386
2013,Magician's Quest: Town of Magic,3DS,55,117350,189946,Japan,3453.56363636364
2013,Aikatsu! Cinderella Lesson,3DS,60,112417,181649,Japan,3027.48333333333
2014,World Soccer Winning Eleven 2014,3DS,59,111987,175942,Japan,2982.06779661017
2016,Tom Clancy's Rainbow Six: Siege,PS4,56,114994,157033,Japan,2804.16071428571
2018,Pro Evolution Soccer 2018,PS4,68,55194,190059,Japan,2794.98529411765
2017,Sumikko Gurashi: Mura o Tsukurundesu,3DS,76,72987,211409,Japan,2781.69736842105
2018,Dragon Ball: Xenoverse 2,NS,69,94433,191604,Japan,2776.86956521739
2016,MineCraft,PS4,57,124890,155803,Japan,2733.38596491228
2018,Kingdom Hearts 1.5 + 2.5 Remix,PS4,95,86989,232701,Japan,2449.48421052632
2017,Jikkyou Powerful Pro Baseball Heroes,3DS,55,66416,133551,Japan,2428.2
2018,FIFA 18,NS,66,71769,131387,Japan,1990.71212121212
2018,Super Bomberman R,NS,96,52447,187081,Japan,1948.76041666667
2018,Sumikko Gurashi: Sumikko Park e Youkoso,NS,56,64066,98498,Japan,1758.89285714286
2018,"Snipperclips: Cut It Out, Together!",NS,96,66192,99683,Japan,1038.36458333333
2015,Hatsune Miku: Project Mirai 2,3DS,87,80359,80359,Japan,923.666666666667