Year,Game_Title,Platform,Weeks,Yearly_Sale,Total_Sale,Area,Weeks Avg
2018,Super Smash Bros. (2018),NS,4,8951009,8951009,Global,2237752.25
2016,Pokemon Sun/Moon,3DS,7,12034530,12034530,Global,1719218.57142857
2011,Call of Duty: Modern Warfare 3,X360,8,12561893,12561893,Global,1570236.625
2012,Call of Duty: Black Ops II,X360,7,10425836,10425836,Global,1489405.14285714
2009,New Super Mario Bros. Wii,Wii,7,10017219,10017219,Global,1431031.28571429
2018,Red Dead Redemption 2,PS4,10,13940203,13940203,Global,1394020.3
2010,Call of Duty: Black Ops,X360,8,10521267,10521267,Global,1315158.375
2017,Call of Duty: WWII,PS4,9,11665414,11665414,Global,1296157.11111111
2011,Call of Duty: Modern Warfare 3,PS3,8,10320405,10320405,Global,1290050.625
2012,Call of Duty: Black Ops II,PS3,7,8761145,8761145,Global,1251592.14285714
2015,Call of Duty: Black Ops 3,PS4,9,10556687,10556687,Global,1172965.22222222
2009,Call of Duty: Modern Warfare 2,X360,8,8773298,8773298,Global,1096662.25
2010,Call of Duty: Black Ops,PS3,8,8705885,8705885,Global,1088235.625
2014,Pokemon Omega Ruby and Alpha Sapphire,3DS,7,7527047,7527047,Global,1075292.42857143
2013,Grand Theft Auto V,PS3,16,16894054,16894054,Global,1055878.375
2015,Star Wars: Battlefront (2015),PS4,7,6545898,6545898,Global,935128.285714286
2012,Halo 4,X360,8,7197135,7197135,Global,899641.875
2011,Star Wars: The Old Republic,PC,2,1755362,1755362,Global,877681
2010,Gran Turismo 5,PS3,6,5264164,5264164,Global,877360.666666667
2013,Call of Duty: Ghosts,X360,9,7767550,7767550,Global,863061.111111111
2013,Call of Duty: Ghosts,PS3,9,7646087,7646087,Global,849565.222222222
2013,Grand Theft Auto V,X360,16,13097535,13097535,Global,818595.9375
2010,Kinect Adventures!,X360,9,7183698,7183698,Global,798188.666666667
2009,Call of Duty: Modern Warfare 2,PS3,8,6339967,6339967,Global,792495.875
2011,Mario Kart 7,3DS,5,3925017,3925017,Global,785003.4
2016,Final Fantasy XV,PS4,5,3917803,3917803,Global,783560.6
2018,Call of Duty: Black Ops IIII,PS4,12,9317241,9317241,Global,776436.75
2014,Grand Theft Auto V,PS4,7,5411940,5411940,Global,773134.285714286
2013,Pokemon X/Y,3DS,13,10046424,10046424,Global,772801.846153846
2017,Super Mario Odyssey,NS,10,7715648,7715648,Global,771564.8
2017,Pokemon: Ultra Sun and Ultra Moon,3DS,7,5308897,5308897,Global,758413.857142857
2010,Monster Hunter Freedom 3,PSP,5,3762348,3762348,Global,752469.6
2015,Fallout 4,PS4,8,5806479,5806479,Global,725809.875
2017,FIFA 18,PS4,14,10107910,10107910,Global,721993.571428571
2016,Call of Duty: Infinite Warfare,PS4,9,6195297,6195297,Global,688366.333333333
2016,FIFA 17,PS4,14,9581584,9581584,Global,684398.857142857
2018,FIFA 19,PS4,14,9147505,9147505,Global,653393.214285714
2018,"Pokemon: Let's Go, Pikachu!",NS,7,4566580,4566580,Global,652368.571428571
2015,Call of Duty: Black Ops 3,XOne,9,5824272,5824272,Global,647141.333333333
2014,Call of Duty: Advanced Warfare,PS4,9,5684918,5684918,Global,631657.555555556
2011,The Elder Scrolls V: Skyrim,X360,8,4955475,4955475,Global,619434.375
2009,Wii Fit Plus,Wii,14,8667441,8667441,Global,619102.928571429
2010,Donkey Kong Country Returns,Wii,6,3655964,3655964,Global,609327.333333333
2017,Call of Duty: WWII,XOne,9,5440378,5440378,Global,604486.444444444
2009,Final Fantasy XIII,PS3,3,1752245,1752245,Global,584081.666666667
2010,World of Warcraft: Cataclysm,PC,4,2331817,2331817,Global,582954.25
2018,Red Dead Redemption 2,XOne,10,5771147,5771147,Global,577114.7
2014,Youkai Watch 2 Shinuchi,3DS,4,2246908,2246908,Global,561727
2011,Just Dance 3,Wii,13,7299300,7299300,Global,561484.615384615
2016,Battlefield 1,PS4,11,5961774,5961774,Global,541979.454545455
2008,Call of Duty: World at War,X360,8,4268378,4268378,Global,533547.25
2018,Spider-Man (PS4),PS4,17,8757859,8757859,Global,515168.176470588
2011,Battlefield 3,X360,10,5141407,5141407,Global,514140.7
2011,Super Mario 3D Land,3DS,9,4606466,4606466,Global,511829.555555556
2007,Halo 3,X360,14,6835323,6835323,Global,488237.357142857
2017,Star Wars Battlefront II (2017),PS4,7,3412675,3412675,Global,487525
2007,Super Mario Galaxy,Wii,9,4384309,4384309,Global,487145.444444444
2007,Call of Duty 4: Modern Warfare,X360,8,3893784,3893784,Global,486723
2012,Assassin's Creed III,PS3,9,4328682,4328682,Global,480964.666666667
2008,Gears of War 2,X360,9,4223193,4223193,Global,469243.666666667
2015,FIFA 16,PS4,15,6956922,6956922,Global,463794.8
2009,Wii Sports Resort,Wii,28,12513646,12513646,Global,446915.928571429
2011,Battlefield 3,PS3,10,4456210,4456210,Global,445621
2010,Halo: Reach,X360,16,7100482,7100482,Global,443780.125
2014,Call of Duty: Advanced Warfare,XOne,9,3945279,3945279,Global,438364.333333333
2009,Assassin's Creed II,X360,7,3050719,3050719,Global,435817
2016,Call of Duty: Infinite Warfare,XOne,9,3869585,3869585,Global,429953.888888889
2011,Assassin's Creed: Revelations,X360,7,2981834,2981834,Global,425976.285714286
2015,Monster Hunter X,3DS,6,2541984,2541984,Global,423664
2012,Assassin's Creed III,X360,9,3805417,3805417,Global,422824.111111111
2015,Fallout 4,XOne,8,3382347,3382347,Global,422793.375
2010,Assassin's Creed: Brotherhood,X360,7,2948102,2948102,Global,421157.428571429
2011,The Legend of Zelda: Skyward Sword,Wii,7,2903322,2903322,Global,414760.285714286
2014,Super Smash Bros. for Wii U,WiiU,7,2888156,2888156,Global,412593.714285714
2015,Star Wars: Battlefront (2015),XOne,7,2872247,2872247,Global,410321
2012,Just Dance 4,Wii,13,5329143,5329143,Global,409934.076923077
2010,Just Dance 2,Wii,12,4854435,4854435,Global,404536.25
2018,Call of Duty: Black Ops IIII,XOne,12,4850704,4850704,Global,404225.333333333
2011,Assassin's Creed: Ezio Trilogy,PS3,7,2815959,2815959,Global,402279.857142857
2007,Assassin's Creed,X360,7,2806296,2806296,Global,400899.428571429
2012,FIFA Soccer 13,PS3,14,5579138,5579138,Global,398509.857142857
2009,Assassin's Creed II,PS3,7,2783449,2783449,Global,397635.571428571
2014,Call of Duty: Advanced Warfare,PS3,9,3543196,3543196,Global,393688.444444444
2013,Gran Turismo 6,PS3,5,1950454,1950454,Global,390090.8
2018,"Pokemon: Let's Go, Eevee!",NS,7,2728386,2728386,Global,389769.428571429
2010,Assassin's Creed: Brotherhood,PS3,7,2725871,2725871,Global,389410.142857143
2014,Call of Duty: Advanced Warfare,X360,9,3488439,3488439,Global,387604.333333333
2009,The Legend of Zelda: Spirit Tracks,DS,4,1538110,1538110,Global,384527.5
2016,Battlefield 1,XOne,11,4219657,4219657,Global,383605.181818182
2011,Uncharted 3: Drake's Deception,PS3,9,3445282,3445282,Global,382809.111111111
2018,Super Mario Party,NS,13,4972711,4972711,Global,382516.230769231
2013,FIFA Soccer 14,PS3,15,5596035,5596035,Global,373069
2018,Battlefield V,PS4,6,2224270,2224270,Global,370711.666666667
2011,The Elder Scrolls V: Skyrim,PS3,8,2936545,2936545,Global,367068.125
2016,Super Mario Maker,3DS,5,1832826,1832826,Global,366565.2
2014,Far Cry 4,PS4,7,2513027,2513027,Global,359003.857142857
2009,Wii Sports,Wii,163,18788738,57990430,Global,355769.509202454
2010,New Super Mario Bros. Wii,Wii,59,10938968,20956187,Global,355189.610169491
2008,Animal Crossing: City Folk,Wii,7,2475078,2475078,Global,353582.571428571
2008,Wii Sports,Wii,111,21842013,39201692,Global,353168.396396396
2016,Watch Dogs 2,PS4,7,2450658,2450658,Global,350094
2014,Assassin's Creed: Unity,PS4,8,2782583,2782583,Global,347822.875
2011,FIFA Soccer 12,PS3,14,4863389,4863389,Global,347384.928571429
2015,Halo 5: Guardians,XOne,10,3456285,3456285,Global,345628.5
2014,FIFA 15,PS4,15,5182426,5182426,Global,345495.066666667
2010,Wii Sports,Wii,215,15218276,73208706,Global,340505.609302326
2008,Mario Kart Wii,Wii,39,13240596,13240596,Global,339502.461538462
2011,Gears of War 3,X360,15,5072552,5072552,Global,338170.133333333
2009,Left 4 Dead 2,X360,7,2311611,2311611,Global,330230.142857143
2014,Super Smash Bros. for Nintendo 3DS,3DS,17,5546831,5546831,Global,326284.176470588
2008,Call of Duty: World at War,PS3,8,2572405,2572405,Global,321550.625
2010,Pokemon Black / White Version,DS,16,5050908,5050908,Global,315681.75
2014,Grand Theft Auto V,XOne,7,2199236,2199236,Global,314176.571428571
2007,Mario & Sonic at the Olympic Games,Wii,8,2509752,2509752,Global,313719
2017,Assassin's Creed Origins,PS4,10,3132273,3132273,Global,313227.3
2017,PlayerUnknown's Battlegrounds,XOne,3,932099,932099,Global,310699.666666667
2018,Spyro Reignited Trilogy,PS4,7,2172947,2172947,Global,310421
2011,Mario andamp;amp; Sonic at the London 2012 Olympic Games,Wii,7,2170600,2170600,Global,310085.714285714
2012,Far Cry 3,X360,5,1505554,1505554,Global,301110.8
2008,Rock Band,X360,5,1503515,1503515,Global,300703
2007,Wii Sports,Wii,58,14794664,17359679,Global,299304.810344828
2010,Wii Sports Resort,Wii,80,11379903,23893549,Global,298669.3625
2009,Halo 3: ODST,X360,15,4477917,4477917,Global,298527.8
2014,Assassin's Creed: Unity,XOne,8,2386751,2386751,Global,298343.875
2011,Wii Sports,Wii,267,5215358,78424064,Global,293723.086142322
2013,Puzzle & Dragons Z,3DS,4,1158389,1158389,Global,289597.25
2014,Grand Theft Auto V,PS3,68,2375323,19651441,Global,288991.779411765
2008,Rock Band,Wii,5,1443616,1443616,Global,288723.2
2010,Michael Jackson: The Experience,Wii,6,1724960,1724960,Global,287493.333333333
2012,FIFA Soccer 13,X360,14,4021664,4021664,Global,287261.714285714
2007,Mario Party DS,DS,8,2281449,2281449,Global,285181.125
2015,Just Cause 3,PS4,5,1385302,1385302,Global,277060.4
2015,Uncharted: The Nathan Drake Collection,PS4,13,3568174,3568174,Global,274474.923076923
2010,FIFA Soccer 11,PS3,14,3812019,3812019,Global,272287.071428571
2013,Assassin's Creed IV: Black Flag,PS3,10,2695934,2695934,Global,269593.4
2010,Disney Epic Mickey,Wii,6,1603622,1603622,Global,267270.333333333
2010,Fable III,X360,10,2666066,2666066,Global,266606.6
2017,Gran Turismo Sport,PS4,11,2876596,2876596,Global,261508.727272727
2014,Destiny,PS4,17,4422631,4422631,Global,260154.764705882
2012,Animal Crossing: New Leaf,3DS,8,2066259,2066259,Global,258282.375
2010,Wii Fit Plus,Wii,66,8574349,17025103,Global,257956.106060606
2018,Battlefield V,XOne,6,1547325,1547325,Global,257887.5
2014,FIFA 15,PS3,15,3842959,3842959,Global,256197.266666667
2007,Assassin's Creed,PS3,7,1776739,1776739,Global,253819.857142857
2017,Pokemon Sun/Moon,3DS,59,2897531,14932061,Global,253085.779661017
2012,Wii Sports,Wii,319,2399253,80666504,Global,252873.053291536
2011,Saints Row: The Third,X360,7,1764402,1764402,Global,252057.428571429
2012,Far Cry 3,PS3,5,1259920,1259920,Global,251984
2013,Battlefield 4,X360,10,2512808,2512808,Global,251280.8
2011,Batman: Arkham City,PS3,11,2753194,2753194,Global,250290.363636364
2013,The Legend of Zelda: A Link Between Worlds,3DS,7,1740862,1740862,Global,248694.571428571
2010,Kinect Sports,X360,9,2237176,2237176,Global,248575.111111111
2015,Assassin's Creed Syndicate,PS4,11,2724969,2724969,Global,247724.454545455
2011,Kinect Adventures!,X360,61,7883750,15067448,Global,247007.344262295
2011,Monster Hunter 3G,3DS,4,986674,986674,Global,246668.5
2018,Assassin's Creed Odyssey,PS4,13,3176082,3176082,Global,244314
2016,Uncharted (PS4),PS4,34,8298741,8298741,Global,244080.617647059
2013,Battlefield 4,PS3,10,2410621,2410621,Global,241062.1
2016,Call of Duty: Black Ops 3,PS4,61,4035701,14494243,Global,237610.540983607
2013,FIFA Soccer 14,X360,15,3563482,3563482,Global,237565.466666667
2012,Nintendo Land,WiiU,6,1424154,1424154,Global,237359
2014,Halo: The Master Chief Collection,XOne,8,1877850,1877850,Global,234731.25
2008,Wii Fit,Wii,58,12684441,13563157,Global,233847.534482759
2007,Call of Duty 4: Modern Warfare,PS3,8,1861517,1861517,Global,232689.625
2016,FIFA 17,XOne,14,3238673,3238673,Global,231333.785714286
2009,Uncharted 2: Among Thieves,PS3,12,2770319,2770319,Global,230859.916666667
2013,Super Mario 3D World,WiiU,7,1605148,1605148,Global,229306.857142857
2015,Rainbow Six: Siege,PS4,5,1142590,1142590,Global,228518
2012,Call of Duty: Modern Warfare 3,X360,60,2177827,13705821,Global,228430.35
2011,Batman: Arkham City,X360,11,2506376,2506376,Global,227852.363636364
2009,Mario Kart Wii,Wii,91,7421142,20661738,Global,227052.065934066
2016,The Last Guardian,PS4,4,908078,908078,Global,227019.5
2011,FIFA Soccer 12,X360,14,3145478,3145478,Global,224677
2011,New Super Mario Bros. Wii,Wii,111,3717970,24674157,Global,222289.702702703
2016,Gears of War 4,XOne,12,2657164,2657164,Global,221430.333333333
2011,Wii Sports Resort,Wii,132,5319549,29213098,Global,221311.348484848
2011,The Elder Scrolls V: Skyrim,PC,8,1766769,1766769,Global,220846.125
2009,Mario & Sonic at the Olympic Winter Games,Wii,12,2647304,2647304,Global,220608.666666667
2013,Wii Sports,Wii,372,1139674,81798787,Global,219889.212365591
2011,Call of Duty: Black Ops,X360,60,2665288,13186555,Global,219775.916666667
2018,Call of Duty: WWII,PS4,61,1736545,13401959,Global,219704.245901639
2014,Grand Theft Auto V,X360,68,1807527,14905062,Global,219192.088235294
2011,Halo: Combat Evolved Anniversary,X360,7,1532556,1532556,Global,218936.571428571
2008,Guitar Hero: World Tour,Wii,10,2176311,2176311,Global,217631.1
2015,Need for Speed (2015),PS4,9,1955892,1955892,Global,217321.333333333
2012,New Super Mario Bros. 2,3DS,23,4998154,4998154,Global,217311.043478261
2013,Assassin's Creed IV: Black Flag,X360,10,2165572,2165572,Global,216557.2
2010,Need for Speed: Hot Pursuit,PS3,7,1506077,1506077,Global,215153.857142857
2012,New Super Mario Bros. U,WiiU,6,1290699,1290699,Global,215116.5
2012,Pokemon Black / White Version 2,DS,28,5973729,5973729,Global,213347.464285714
2015,NBA 2K16,PS4,14,2978157,2978157,Global,212725.5
2008,Fable II,X360,11,2336549,2336549,Global,212413.545454545
2008,LEGO Indiana Jones: The Original Adventures,Wii,5,1060982,1060982,Global,212196.4
2013,Call of Duty: Black Ops II,X360,60,2096379,12715318,Global,211921.966666667
2017,Star Wars Battlefront II (2017),XOne,7,1468162,1468162,Global,209737.428571429
2009,Pokemon Heart Gold / Soul Silver Version,DS,17,3556510,3556510,Global,209206.470588235
2016,The Elder Scrolls V: Skyrim,PS4,10,2090922,2090922,Global,209092.2
2013,Call of Duty: Black Ops II,PS3,60,2396458,12448347,Global,207472.45
2007,Guitar Hero III: Legends of Rock,X360,9,1860277,1860277,Global,206697.444444444
2012,Hitman: Absolution,PS3,6,1235812,1235812,Global,205968.666666667
2009,Wii Fit,Wii,110,8839981,22403138,Global,203664.890909091
2012,Call of Duty: Modern Warfare 3,PS3,60,2209581,12165203,Global,202753.383333333
2010,Fallout: New Vegas,X360,11,2219169,2219169,Global,201742.636363636
2008,Left 4 Dead,X360,7,1407968,1407968,Global,201138.285714286
2013,Call of Duty: Ghosts,PS4,8,1599624,1599624,Global,199953
2011,Pokémon Black and White,DS,68,8539874,13590782,Global,199864.441176471
2012,Hitman: Absolution,X360,6,1196380,1196380,Global,199396.666666667
2017,Destiny 2,PS4,17,3383929,3383929,Global,199054.647058824
2010,Call of Duty: Modern Warfare 2,X360,60,3151456,11924754,Global,198745.9
2013,Just Dance 2014,Wii,14,2723677,2723677,Global,194548.357142857
2007,Pokemon Diamond / Pearl Version,DS,67,8518663,12992355,Global,193915.746268657
2014,Pokemon X/Y,3DS,65,2547336,12593760,Global,193750.153846154
2007,Mass Effect,X360,6,1161929,1161929,Global,193654.833333333
2013,Call of Duty: Ghosts,XOne,7,1346171,1346171,Global,192310.142857143
2017,Assassin's Creed Origins,XOne,10,1913639,1913639,Global,191363.9
2010,Need for Speed: Hot Pursuit,X360,7,1336847,1336847,Global,190978.142857143
2013,Monster Hunter 4,3DS,17,3234463,3234463,Global,190262.529411765
2017,FIFA 18,XOne,14,2653270,2653270,Global,189519.285714286
2018,Super Mario Odyssey,NS,62,3998578,11714226,Global,188939.129032258
2018,Fallout 76,PS4,7,1321887,1321887,Global,188841
2008,Fallout 3,X360,10,1886335,1886335,Global,188633.5
2008,Wii Play,Wii,110,11803775,20743445,Global,188576.772727273
2009,FIFA Soccer 10,PS3,14,2632971,2632971,Global,188069.357142857
2014,The Crew,PS4,5,935741,935741,Global,187148.2
2011,Call of Duty: Black Ops,PS3,60,2459689,11165574,Global,186092.9
2010,FIFA Soccer 11,X360,14,2601237,2601237,Global,185802.642857143
2014,Monster Hunter 4G,3DS,13,2409601,2409601,Global,185353.923076923
2008,Grand Theft Auto IV,X360,36,6663769,6663769,Global,185104.694444444
2011,Saints Row: The Third,PS3,7,1286187,1286187,Global,183741
2008,LittleBigPlanet,PS3,10,1822248,1822248,Global,182224.8
2010,Super Mario Galaxy 2,Wii,32,5805971,5805971,Global,181436.59375
2010,Super Mario All-Stars: Limited Edition,Wii,11,1994614,1994614,Global,181328.545454545
2010,Wii Party,Wii,26,4702627,4702627,Global,180870.269230769
2010,Mario Kart Wii,Wii,143,5196913,25858651,Global,180829.727272727
2009,Forza Motorsport 3,X360,11,1971897,1971897,Global,179263.363636364
2018,FIFA 18,PS4,66,1690579,11798489,Global,178764.984848485
2008,Wii Music,Wii,12,2136582,2136582,Global,178048.5
2017,Mario Kart 8 Deluxe,NS,36,6357868,6357868,Global,176607.444444444
2011,Need for Speed: The Run,PS3,7,1235889,1235889,Global,176555.571428571
2014,Dragon Age: Inquisition,PS4,7,1232064,1232064,Global,176009.142857143
2015,Call of Duty: Black Ops 3,PS3,9,1582916,1582916,Global,175879.555555556
2007,Wii Fit,Wii,5,878716,878716,Global,175743.2
2015,Call of Duty: Black Ops 3,X360,9,1577250,1577250,Global,175250
2009,Mario & Sonic at the Olympic Winter Games,DS,12,2100303,2100303,Global,175025.25
2015,FIFA 16,XOne,15,2613017,2613017,Global,174201.133333333
2012,Resident Evil 6 Anthology,PS3,13,2250072,2250072,Global,173082.461538462
2017,Need for Speed: Payback,PS4,8,1368491,1368491,Global,171061.375
2017,Splatoon 2,NS,24,4104949,4104949,Global,171039.541666667
2016,Mafia III,PS4,13,2221814,2221814,Global,170908.769230769
2012,Kinect Adventures!,X360,113,4473094,19251506,Global,170367.309734513
2015,Grand Theft Auto V,PS3,120,1181423,20433442,Global,170278.683333333
2007,Dragon Quest IV: Chapters of the Chosen,DS,6,1021037,1021037,Global,170172.833333333
2014,FIFA 15,X360,15,2545109,2545109,Global,169673.933333333
2011,Wii Fit Plus,Wii,118,2955753,19980856,Global,169329.288135593
2012,Wii Sports Resort,Wii,184,2035009,31152598,Global,169307.597826087
2017,NBA 2K18,PS4,16,2703582,2703582,Global,168973.875
2015,Pokemon Omega Ruby and Alpha Sapphire,3DS,59,2374173,9966649,Global,168926.254237288
2015,Metal Gear Solid V: The Phantom Pain,PS4,18,3019211,3019211,Global,167733.944444444
2018,God of War (PS4),PS4,37,6153527,6153527,Global,166311.540540541
2017,FIFA 17,PS4,66,1308147,10889731,Global,164995.924242424
2016,Dishonored 2,PS4,8,1319229,1319229,Global,164903.625
2009,Wii Play,Wii,162,5914275,26657720,Global,164553.827160494
2015,Grand Theft Auto V,PS4,59,4318817,9695100,Global,164323.728813559
2018,NBA 2K19,PS4,16,2627728,2627728,Global,164233
2016,NBA 2K17,PS4,16,2617029,2617029,Global,163564.3125
2008,Super Smash Bros. Brawl,Wii,49,7918031,7918031,Global,161592.469387755
2012,New Super Mario Bros. Wii,Wii,163,1802288,26186553,Global,160653.699386503
2017,Xenoblade Chronicles 2,NS,5,802295,802295,Global,160459
2011,Mario Kart Wii,Wii,195,5344655,31203306,Global,160016.953846154
2009,Dragon Quest IX: Sentinels of the Starry Skies,DS,26,4135942,4135942,Global,159074.692307692
2016,Final Fantasy XV,XOne,5,795272,795272,Global,159054.4
2018,FIFA 19,XOne,14,2223288,2223288,Global,158806.285714286
2013,FIFA Soccer 14,PS4,8,1268098,1268098,Global,158512.25
2010,Medal of Honor,X360,12,1899789,1899789,Global,158315.75
2015,Super Mario Maker,WiiU,17,2682019,2682019,Global,157765.823529412
2007,Wii Play,Wii,57,8192481,8939670,Global,156836.315789474
2013,Battlefield 4,PS4,8,1250942,1250942,Global,156367.75
2012,Need for Speed: Most Wanted (Limited Edition),PS3,9,1406713,1406713,Global,156301.444444444
2011,Battlefield 3,PC,10,1560631,1560631,Global,156063.1
2012,Paper Mario,3DS,7,1092110,1092110,Global,156015.714285714
2011,Kinect Sports: Season Two,X360,10,1550459,1550459,Global,155045.9
2010,Mario vs. Donkey Kong: Mini-Land Mayhem!,DS,7,1084680,1084680,Global,154954.285714286
2009,Pro Evolution Soccer 2010,PS3,11,1703972,1703972,Global,154906.545454545
2008,Grand Theft Auto IV,PS3,36,5570776,5570776,Global,154743.777777778
2014,Call of Duty: Ghosts,X360,61,1666432,9433982,Global,154655.442622951
2012,Skylanders Giants,Wii,11,1700240,1700240,Global,154567.272727273
2011,Forza Motorsport 4,X360,12,1849731,1849731,Global,154144.25
2015,FIFA 16,PS3,15,2307326,2307326,Global,153821.733333333
2010,Dance Central,X360,9,1384228,1384228,Global,153803.111111111
2010,Call of Duty: Modern Warfare 2,PS3,60,2836354,9176321,Global,152938.683333333
2010,Medal of Honor,PS3,12,1835185,1835185,Global,152932.083333333
2013,Killzone: Shadow Fall,PS4,8,1216148,1216148,Global,152018.5
2014,Call of Duty: Ghosts,PS3,61,1867479,9213889,Global,151047.360655738
2013,Assassin's Creed IV: Black Flag,PS4,8,1194778,1194778,Global,149347.25
2010,Pokemon Heart Gold / Soul Silver Version,DS,69,6731984,10288494,Global,149108.608695652
2007,Guitar Hero III: Legends of Rock,Wii,9,1341166,1341166,Global,149018.444444444
2009,Dragon Age: Origins,X360,9,1340882,1340882,Global,148986.888888889
2018,Mario Kart 8 Deluxe,NS,88,6688249,13046117,Global,148251.329545455
2007,New Super Mario Bros.,DS,85,4577916,12579156,Global,147990.070588235
2012,Just Dance 3,Wii,65,2375772,9540183,Global,146772.046153846
2008,Guitar Hero: World Tour,X360,10,1460048,1460048,Global,146004.8
2013,The Last of Us,PS3,30,4374477,4374477,Global,145815.9
2013,Halo 4,X360,61,1693962,8891097,Global,145755.68852459
2013,Battlefield 4,XOne,7,1017114,1017114,Global,145302
2013,Batman: Arkham Origins,PS3,11,1581546,1581546,Global,143776.909090909
2008,Resistance 2,PS3,9,1287309,1287309,Global,143034.333333333
2012,Borderlands 2,X360,15,2145478,2145478,Global,143031.866666667
2014,Destiny,XOne,17,2428397,2428397,Global,142846.882352941
2015,Madden NFL 16,PS4,19,2706916,2706916,Global,142469.263157895
2018,Forza Horizon 4,XOne,13,1839995,1839995,Global,141538.076923077
2012,NBA 2K13,X360,13,1826945,1826945,Global,140534.230769231
2010,pro evolution soccer 2011,PS3,13,1826851,1826851,Global,140527
2016,Madden NFL 17,PS4,19,2668159,2668159,Global,140429.421052632
2009,FIFA Soccer 10,X360,14,1958228,1958228,Global,139873.428571429
2014,Far Cry 4,XOne,7,976573,976573,Global,139510.428571429
2014,Just Dance 2015,Wii,11,1531427,1531427,Global,139220.636363636
2017,The Legend of Zelda: Breath of the Wild,NS,44,6073816,6073816,Global,138041.272727273
2016,Forza Horizon 3,XOne,14,1931855,1931855,Global,137989.642857143
2011,Just Dance 2,Wii,64,3965581,8820016,Global,137812.75
2016,Watch Dogs 2,XOne,7,959121,959121,Global,137017.285714286
2014,Middle-Earth: Shadow of Mordor,PS4,14,1911791,1911791,Global,136556.5
2008,Pokemon Diamond / Pearl Version,DS,120,3331630,16323985,Global,136033.208333333
2013,Wii Sports Resort,Wii,237,1062364,32212076,Global,135915.932489451
2008,Pokemon Platinum Version,DS,17,2295013,2295013,Global,135000.764705882
2014,Mario Kart 8,WiiU,32,4306831,4306831,Global,134588.46875
2012,Mario Kart Wii,Wii,247,2044458,33104438,Global,134026.064777328
2017,Crash Bandicoot N. Sane Trilogy,PS4,27,3615050,3615050,Global,133890.740740741
2011,Call of Duty: Modern Warfare 3,PC,8,1067168,1067168,Global,133396
2009,Tekken 6,PS3,10,1332872,1332872,Global,133287.2
2018,Fallout 76,XOne,7,931129,931129,Global,133018.428571429
2017,Call of Duty: Infinite Warfare,PS4,61,1909116,8104413,Global,132859.229508197
2008,Metal Gear Solid 4: Guns of the Patriots,PS3,30,3980134,3980134,Global,132671.133333333
2008,Halo 3,X360,67,2046996,8882319,Global,132571.925373134
2009,Borderlands,X360,11,1453305,1453305,Global,132118.636363636
2014,LittleBigPlanet 3,PS4,7,923725,923725,Global,131960.714285714
2010,Wii Play,Wii,214,1565242,28222962,Global,131883
2016,Star Wars Battlefront (2015),PS4,59,1788945,7745972,Global,131287.661016949
2015,Grand Theft Auto V,X360,120,884962,15705347,Global,130877.891666667
2010,Fallout: New Vegas,PS3,11,1439642,1439642,Global,130876.545454545
2010,uDraw Studio,Wii,7,912853,912853,Global,130407.571428571
2017,Middle-Earth: Shadow of War,PS4,12,1559177,1559177,Global,129931.416666667
2013,Forza Motorsport 5,XOne,7,907797,907797,Global,129685.285714286
2008,Kirby Super Star Ultra,DS,15,1940281,1940281,Global,129352.066666667
2016,The Elder Scrolls V: Skyrim,XOne,10,1285981,1285981,Global,128598.1
2012,Super Mario 3D Land,3DS,61,3272335,7825991,Global,128294.93442623
2011,Halo: Reach,X360,68,1593350,8693832,Global,127850.470588235
2007,Mario Party 8,Wii,31,3957344,3957344,Global,127656.258064516
2012,Mario Kart 7,3DS,57,3379678,7267772,Global,127504.771929825
2007,Link's Crossbow Training,Wii,6,764231,764231,Global,127371.833333333
2011,Gran Turismo 5,PS3,58,2159775,7370248,Global,127073.24137931
2008,New Super Mario Bros.,DS,138,4841639,17420795,Global,126237.644927536
2013,New Super Mario Bros. Wii,Wii,216,1024401,27206016,Global,125953.777777778
2013,Kinect Adventures!,X360,166,1636590,20888096,Global,125831.903614458
2012,Madden NFL 13,X360,18,2260829,2260829,Global,125601.611111111
2008,PES 2009: Pro Evolution Soccer,PS3,12,1502444,1502444,Global,125203.666666667
2015,NBA 2K16,XOne,14,1752468,1752468,Global,125176.285714286
2010,Sports Champions,PS3,16,1993891,1993891,Global,124618.1875
2012,Wii Fit Plus,Wii,170,1017669,21071271,Global,123948.652941176
2016,Grand Theft Auto V,PS4,111,4104297,13637345,Global,122858.963963964
2011,Madden NFL 12,X360,18,2209878,2209878,Global,122771
2016,Rise of the Tomb Raider,PS4,12,1469281,1469281,Global,122440.083333333
2015,Call of Duty: Advanced Warfare,PS4,61,1735885,7454487,Global,122204.704918033
2016,FIFA 16,PS4,67,1523922,8159015,Global,121776.343283582
2007,Need for Speed: ProStreet,PS3,7,850700,850700,Global,121528.571428571
2013,NBA 2K14,X360,14,1699212,1699212,Global,121372.285714286
2018,Pokemon: Ultra Sun and Ultra Moon,3DS,59,1842871,7151768,Global,121216.406779661
2007,Need for Speed: ProStreet,X360,7,847394,847394,Global,121056.285714286
2015,Rise of the Tomb Raider,XOne,8,968151,968151,Global,121018.875
2015,Splatoon,WiiU,32,3871492,3871492,Global,120984.125
2008,FIFA Soccer 09,PS3,14,1690136,1690136,Global,120724
2007,Nintendogs,DS,141,5650547,17008302,Global,120626.255319149
2010,Call of Duty: Black Ops,PC,8,963787,963787,Global,120473.375
2015,Batman: Arkham Knight,PS4,28,3371860,3371860,Global,120423.571428571
2008,Super Mario Galaxy,Wii,62,3058162,7442471,Global,120039.85483871
2012,Pokemon Black / White,DS,120,959189,14391557,Global,119929.641666667
2014,The Last of Us Remastered,PS4,23,2748130,2748130,Global,119483.913043478
2013,Skylanders Swap Force,Wii,12,1433723,1433723,Global,119476.916666667
2014,NBA 2K15,PS4,13,1552801,1552801,Global,119446.230769231
2007,The Legend of Zelda: Phantom Hourglass,DS,27,3212914,3212914,Global,118996.814814815
2014,Call of Duty: Black Ops II,PS3,112,823961,13268240,Global,118466.428571429
2011,Pro Evolution Soccer 2012,PS3,14,1654620,1654620,Global,118187.142857143
2013,FIFA Soccer 13,PS3,67,1697815,7908605,Global,118038.880597015
2011,Dance Central 2,X360,11,1296472,1296472,Global,117861.090909091
2016,Fallout 4,PS4,60,1626583,7058744,Global,117645.733333333
2014,Youkai Watch 2 Ganso/Honke,3DS,26,3058338,3058338,Global,117628.384615385
2016,Titanfall 2,PS4,10,1163119,1163119,Global,116311.9
2016,Call of Duty: Black Ops 3,XOne,61,1419051,7094234,Global,116298.918032787
2017,Madden NFL 18,PS4,19,2203912,2203912,Global,115995.368421053
2010,Red Dead Redemption,X360,33,3803953,3803953,Global,115271.303030303
2017,Uncharted (PS4),PS4,86,1588628,9887369,Global,114969.406976744
2013,Batman: Arkham Origins,X360,11,1261847,1261847,Global,114713.363636364
2013,Mario Kart Wii,Wii,300,1173122,34271518,Global,114238.393333333
2015,Animal Crossing: Happy Home Designer,3DS,23,2617022,2617022,Global,113783.565217391
2015,Pokemon X/Y,3DS,117,939939,13262792,Global,113357.196581197
2012,Call of Duty: Black Ops II,PC,7,793027,793027,Global,113289.571428571
2012,The Elder Scrolls V: Skyrim,X360,60,1925135,6788440,Global,113140.666666667
2017,Battlefield 1,PS4,63,1160762,7122536,Global,113056.126984127
2015,Fallout 4,PC,8,900727,900727,Global,112590.875
2014,The Evil Within,PS4,12,1347102,1347102,Global,112258.5
2008,Call of Duty 4: Modern Warfare,X360,61,2942658,6836442,Global,112072.819672131
2009,Need for Speed: Shift,PS3,16,1787950,1787950,Global,111746.875
2008,Nintendogs,DS,194,4614988,21623290,Global,111460.257731959
2010,StarCraft II: Wings of Liberty,PC,23,2563265,2563265,Global,111446.304347826
2009,New Super Mario Bros.,DS,190,3651330,21072125,Global,110905.921052632
2014,FIFA 15,XOne,15,1659707,1659707,Global,110647.133333333
2015,Madden NFL 16,XOne,19,2095827,2095827,Global,110306.684210526
2012,Resident Evil 6,X360,13,1430267,1430267,Global,110020.538461538
2012,NBA 2K13,PS3,13,1422392,1422392,Global,109414.769230769
2016,Pokemon Omega Ruby/Pokemon Alpha Sapphire,3DS,111,2141977,12108626,Global,109086.720720721
2007,Uncharted: Drake's Fortune,PS3,7,761429,761429,Global,108775.571428571
2018,NBA 2K19,XOne,16,1737777,1737777,Global,108611.0625
2018,Shadow of the Tomb Raider,PS4,16,1735311,1735311,Global,108456.9375
2008,Fallout 3,PS3,10,1083557,1083557,Global,108355.7
2009,Grand Theft Auto: Episodes from Liberty City,X360,10,1081509,1081509,Global,108150.9
2014,Driveclub,PS4,13,1405379,1405379,Global,108106.076923077
2017,Destiny 2,XOne,17,1833351,1833351,Global,107844.176470588
2014,Watch Dogs,PS4,32,3449517,3449517,Global,107797.40625
2009,Madden NFL 10,X360,21,2250338,2250338,Global,107158.952380952
2018,Assassin's Creed Odyssey,XOne,13,1388057,1388057,Global,106773.615384615
2016,Madden NFL 17,XOne,19,2024006,2024006,Global,106526.631578947
2014,Assassin's Creed: Rogue,PS3,8,847451,847451,Global,105931.375
2008,Mario & Sonic at the Olympic Games,Wii,61,3951960,6461712,Global,105929.704918033
2010,New Super Mario Bros.,DS,242,4013577,25612506,Global,105836.801652893
2011,Just Dance 3,X360,13,1373136,1373136,Global,105625.846153846
2018,Madden NFL 19,PS4,21,2214368,2214368,Global,105446.095238095
2017,Grand Theft Auto V,PS4,163,3583468,17113539,Global,104991.036809816
2010,Madden NFL 11,X360,21,2200237,2200237,Global,104773.19047619
2016,Titanfall 2,XOne,10,1044298,1044298,Global,104429.8
2012,Battlefield 3,X360,62,1415530,6458880,Global,104175.483870968
2015,Super Smash Bros. for Nintendo 3DS,3DS,69,1579143,7184680,Global,104125.797101449
2013,Minecraft,X360,31,3219571,3219571,Global,103857.129032258
2012,Forza Horizon,X360,10,1038037,1038037,Global,103803.7
2011,NBA 2K12,X360,13,1346314,1346314,Global,103562.615384615
2015,Gears of War,XOne,19,1954082,1954082,Global,102846.421052632
2017,NBA 2K18,XOne,16,1642922,1642922,Global,102682.625
2013,Animal Crossing: Jump Out,3DS,61,4185260,6251519,Global,102483.918032787
2017,The Sims 4,PS4,7,717387,717387,Global,102483.857142857
2017,Horizon: Zero Dawn,PS4,44,4507665,4507665,Global,102446.931818182
2012,Madden NFL 13,PS3,18,1841418,1841418,Global,102301
2007,WWE SmackDown vs Raw 2008,X360,8,818254,818254,Global,102281.75
2018,Call of Duty: WWII,XOne,61,789649,6230027,Global,102131.590163934
2008,Far Cry 2,X360,11,1120317,1120317,Global,101847
2014,Minecraft: PlayStation 4 Edition,PS4,14,1421554,1421554,Global,101539.571428571
2011,Kirby's Return to Dreamland,Wii,10,1014632,1014632,Global,101463.2
2008,Madden NFL 09,X360,21,2128687,2128687,Global,101366.047619048
2009,Pokemon Diamond / Pearl Version,DS,172,1107818,17431803,Global,101347.691860465
2010,Red Dead Redemption,PS3,33,3340116,3340116,Global,101215.636363636
2017,South Park: The Fractured But Whole,PS4,11,1112408,1112408,Global,101128
2014,FIFA Soccer 14,PS3,67,1190912,6745238,Global,100675.194029851
2010,NBA 2K11,X360,13,1306608,1306608,Global,100508.307692308
2009,Call of Duty: World at War,X360,60,1716398,5984776,Global,99746.2666666667
2007,MySims,DS,15,1493282,1493282,Global,99552.1333333333
2015,Assassin's Creed Syndicate,XOne,11,1089368,1089368,Global,99033.4545454545
2018,Far Cry 5,PS4,40,3953687,3953687,Global,98842.175
2011,Madden NFL 12,PS3,18,1774699,1774699,Global,98594.3888888889
2018,The Legend of Zelda: Breath of the Wild,NS,96,3387011,9460827,Global,98550.28125
2018,Fortnite,NS,7,689665,689665,Global,98523.5714285714
2012,Battlefield 3,PS3,62,1660403,6071099,Global,97920.9516129032
2013,Just Dance 4,Wii,66,1428840,6454266,Global,97791.9090909091
2013,NBA 2K14,PS3,14,1364604,1364604,Global,97471.7142857143
2008,FIFA Soccer 09,X360,14,1363253,1363253,Global,97375.2142857143
2018,Farming Simulator 19,PC,6,583425,583425,Global,97237.5
2009,Pokemon Platinum Version,DS,69,4394223,6689236,Global,96945.4492753623
2017,Uncharted: The Lost Legacy,PS4,19,1836162,1836162,Global,96640.1052631579
2017,Wolfenstein II: The New Colossus,PS4,10,963024,963024,Global,96302.4
2015,WWE 2K16,PS4,10,962146,962146,Global,96214.6
2009,Nintendogs,DS,246,1927947,23551237,Global,95736.7357723577
2015,The Witcher 3: Wild Hunt,PS4,33,3154893,3154893,Global,95602.8181818182
2018,Monster Hunter: World,PS4,49,4671040,4671040,Global,95327.3469387755
2013,New Super Mario Bros. 2,3DS,76,2215240,7226020,Global,95079.2105263158
2011,New Super Mario Bros.,DS,294,2297818,27910324,Global,94933.074829932
2012,FIFA Soccer 12,PS3,66,1398700,6241011,Global,94560.7727272727
2013,Madden NFL 25,X360,19,1787313,1787313,Global,94069.1052631579
2007,Forza Motorsport 2,X360,32,3004512,3004512,Global,93891
2016,Tom Clancy's The Division,PS4,43,4029849,4029849,Global,93717.4186046512
2018,Spyro Reignited Trilogy,XOne,7,654730,654730,Global,93532.8571428571
2013,Assassin's Creed III,PS3,62,1172085,5782650,Global,93268.5483870968
2011,Skylanders: Spyro's Adventure,Wii,12,1118799,1118799,Global,93233.25
2008,Saints Row 2,X360,12,1118587,1118587,Global,93215.5833333333
2008,Star Wars: The Force Unleashed,X360,16,1490519,1490519,Global,93157.4375
2007,LEGO Star Wars: The Complete Saga,DS,8,745048,745048,Global,93131
2007,Madden NFL 08,X360,20,1862407,1862407,Global,93120.35
2011,Donkey Kong Country Returns,Wii,58,1723440,5379404,Global,92748.3448275862
2018,Splatoon 2,NS,76,2932784,7037733,Global,92601.75
2012,Dishonored,X360,12,1108439,1108439,Global,92369.9166666667
2016,PokÃÂ©mon X/Y,3DS,169,1638911,15597987,Global,92295.7810650888
2015,Destiny: The Taken King,PS4,16,1475991,1475991,Global,92249.4375
2012,WWE '13,X360,9,829882,829882,Global,92209.1111111111
2016,Dragon Ball: Xenoverse 2,PS4,10,916289,916289,Global,91628.9
2009,Super Smash Bros. Brawl,Wii,101,1312664,9230695,Global,91393.0198019802
2013,LEGO Marvel Super Heroes,X360,11,1003848,1003848,Global,91258.9090909091
2011,Wii Party,Wii,78,2386248,7088875,Global,90883.0128205128
2014,Minecraft: PlayStation 3 Edition,PS3,34,3083428,3083428,Global,90689.0588235294
2012,Uncharted 3: Drake's Deception,PS3,61,2105428,5516888,Global,90440.7868852459
2008,Guitar Hero: On Tour,DS,28,2526494,2526494,Global,90231.9285714286
2018,Grand Theft Auto V,PS4,215,2278958,19392497,Global,90197.6604651163
2016,NBA 2K17,XOne,16,1441046,1441046,Global,90065.375
2008,Mario Party DS,DS,61,3176310,5457759,Global,89471.4590163934
2011,The Sims 3 (Mobile Versions),Mobile Versions,11,984148,984148,Global,89468
2012,Need for Speed: Most Wanted (Limited Edition),X360,9,804580,804580,Global,89397.7777777778
2016,Just Dance 2017,Wii,10,888704,888704,Global,88870.4
2012,Diablo III,PC,33,2932288,2932288,Global,88857.2121212121
2013,Pokemon Black / White Version 2,DS,81,1242092,7191624,Global,88785.4814814815
2015,FIFA 15,PS4,67,1291351,5945374,Global,88736.9253731343
2013,Wii Party U,WiiU,11,974689,974689,Global,88608.0909090909
2012,Gran Turismo 5,PS3,110,2412372,9746064,Global,88600.5818181818
2012,WWE '13,PS3,9,796430,796430,Global,88492.2222222222
2009,Halo 3,X360,119,1634295,10516614,Global,88374.9075630252
2016,No Man's Sky,PS4,21,1854440,1854440,Global,88306.6666666667
2014,Destiny,X360,17,1499887,1499887,Global,88228.6470588235
2010,Just Dance,Wii,59,4451159,5156266,Global,87394.3389830509
2009,Gears of War 2,X360,61,1107357,5330550,Global,87386.0655737705
2012,Guild Wars 2,PC,18,1571387,1571387,Global,87299.2777777778
2011,Rage,X360,13,1132212,1132212,Global,87093.2307692308
2009,Gran Turismo,PSP,14,1218088,1218088,Global,87006.2857142857
2017,Madden NFL 18,XOne,19,1649230,1649230,Global,86801.5789473684
2008,Brain Age: Train Your Brain in Minutes a Day,DS,190,5408016,16485645,Global,86766.5526315789
2011,NBA 2K12,PS3,13,1123275,1123275,Global,86405.7692307692
2009,Tomodachi Collection,DS,29,2505165,2505165,Global,86385
2015,FIFA 16,X360,15,1295443,1295443,Global,86362.8666666667
2008,LEGO Indiana Jones: The Original Adventures,X360,31,2676645,2676645,Global,86343.3870967742
2009,Grand Theft Auto IV,X360,88,921816,7585585,Global,86199.8295454545
2014,Madden NFL 15,X360,19,1632711,1632711,Global,85932.1578947368
2014,NBA 2K15,X360,13,1115578,1115578,Global,85813.6923076923
2010,Madden NFL 11,PS3,21,1801913,1801913,Global,85805.3809523809
2010,Halo 3: ODST,X360,67,1235595,5713512,Global,85276.2985074627
2010,God of War III,PS3,42,3575871,3575871,Global,85139.7857142857
2007,Brain Age 2: More Training in Minutes a Day,DS,105,5088209,8925595,Global,85005.6666666667
2015,Legend of Zelda: Triforce Heroes,3DS,11,931480,931480,Global,84680
2007,Pro Evolution Soccer 2008,PS3,10,846142,846142,Global,84614.2
2009,Madden NFL 10,PS3,21,1772635,1772635,Global,84411.1904761905
2014,Madden NFL 15,PS4,19,1598441,1598441,Global,84128.4736842105
2015,Call of Duty: Advanced Warfare,XOne,61,1061624,5130884,Global,84112.8524590164
2012,World of Warcraft: Mists of Pandaria,PC,14,1176920,1176920,Global,84065.7142857143
2009,Batman: Arkham Asylum,PS3,19,1591037,1591037,Global,83738.7894736842
2010,Kirby's Epic Yarn,Wii,12,1004449,1004449,Global,83704.0833333333
2014,Minecraft: Xbox 360 Edition,X360,83,3694454,6939243,Global,83605.3373493976
2012,Borderlands 2,PS3,15,1253638,1253638,Global,83575.8666666667
2008,Mario Kart DS,DS,164,4580397,13689119,Global,83470.2378048781
2013,Beyond: Two Souls,PS3,13,1084041,1084041,Global,83387.7692307692
2013,Mario Kart 7,3DS,110,1895073,9169258,Global,83356.8909090909
2014,The Sims 4,PC,18,1499519,1499519,Global,83306.6111111111
2012,New Super Mario Bros.,DS,346,1038618,28786923,Global,83199.1994219653
2017,WWE 2K18,PS4,11,914426,914426,Global,83129.6363636364
2016,Overwatch,PS4,32,2649616,2649616,Global,82800.5
2007,Pokemon Mystery Dungeon: Explorers of Time / Darkness,DS,16,1320516,1320516,Global,82532.25
2017,Final Fantasy XV,PS4,57,1007753,4699627,Global,82449.5964912281
2008,Brain Age 2: More Training in Minutes a Day,DS,158,4096651,13022246,Global,82419.2784810127
2015,Yo-Kai Watch Busters: Red Cat Team / White Dog Squad,3DS,26,2137693,2137693,Global,82218.9615384615
2013,Luigi's Mansion: Dark Moon,3DS,42,3447347,3447347,Global,82079.6904761905
2007,Mario Kart DS,DS,111,3069880,9108722,Global,82060.5585585586
2018,WWE 2K19,PS4,12,983134,983134,Global,81927.8333333333
2011,The Legend of Zelda: Ocarina of Time 3D,3DS,29,2361053,2361053,Global,81415.6206896552
2008,Rock Band 2,X360,16,1298946,1298946,Global,81184.125
2013,Super Mario 3D Land,3DS,114,1388245,9219459,Global,80872.4473684211
2007,Brain Age: Train Your Brain in Minutes a Day,DS,137,4816095,11077629,Global,80858.6058394161
2013,LEGO Marvel Super Heroes,PS3,11,888389,888389,Global,80762.6363636364
2009,Mario Kart DS,DS,216,3707393,17396512,Global,80539.4074074074
2017,Battlefield 1,XOne,63,850209,5069866,Global,80474.0634920635
2012,Medal of Honor: Warfighter,PS3,10,802307,802307,Global,80230.7
2016,Farming Simulator 17,PC,10,800176,800176,Global,80017.6
2017,Forza Motorsport 7,XOne,14,1116071,1116071,Global,79719.3571428571
2012,Skylanders Giants,X360,11,873338,873338,Global,79394.3636363636
2015,Destiny,PS4,69,1073144,5468797,Global,79257.9275362319
2007,Animal Crossing: Wild World,DS,110,2329978,8706354,Global,79148.6727272727
2015,Mario Kart 8,WiiU,84,2284849,6609217,Global,78681.1547619048
2014,NBA 2K15,XOne,13,1019623,1019623,Global,78432.5384615385
2016,FIFA 17,PS3,14,1094771,1094771,Global,78197.9285714286
2007,Star Wars Battlefront: Renegade Squadron,PSP,12,937567,937567,Global,78130.5833333333
2010,Final Fantasy XIII,PS3,55,2532013,4284258,Global,77895.6
2017,Dragon Quest XI,3DS,23,1790696,1790696,Global,77856.347826087
2009,Brain Age: Train Your Brain in Minutes a Day,DS,242,2316923,18802568,Global,77696.5619834711
2017,Pokemon Omega Ruby/Pokemon Alpha Sapphire,3DS,163,605920,12628474,Global,77475.3006134969
2015,Forza Motorsport 6,XOne,16,1238487,1238487,Global,77405.4375
2017,Mario + Rabbids Kingdom Battle,NS,18,1389990,1389990,Global,77221.6666666667
2013,Assassin's Creed III,X360,62,978698,4784115,Global,77163.1451612903
2009,EA Sports Active,Wii,33,2540457,2540457,Global,76983.5454545455
2018,Star Wars Battlefront II (2017),PS4,59,1112996,4525671,Global,76706.2881355932
2007,Gears of War,X360,60,1622646,4595912,Global,76598.5333333333
2015,Super Smash Bros. for Wii U,WiiU,59,1705619,4500075,Global,76272.4576271186
2017,Call of Duty: Infinite Warfare,XOne,61,779439,4649024,Global,76213.5081967213
2018,Just Dance 2019,NS,10,761638,761638,Global,76163.8
2010,Mario Kart DS,DS,268,3711406,20238094,Global,75515.276119403
2009,Need for Speed: Shift,X360,16,1200506,1200506,Global,75031.625
2009,Grand Theft Auto IV,PS3,88,1027746,6598522,Global,74983.2045454545
2013,FIFA Soccer 13,X360,67,992266,5013930,Global,74834.776119403
2009,Super Mario Galaxy,Wii,114,1050059,8492530,Global,74495.8771929825
2008,Mario & Sonic at the Olympic Games,DS,51,3796912,3796912,Global,74449.2549019608
2018,Diablo III: Eternal Collection,NS,9,669773,669773,Global,74419.2222222222
2011,Fable III,X360,62,1941410,4607476,Global,74314.1290322581
2016,WWE 2K17,PS4,12,890554,890554,Global,74212.8333333333
2008,Kung Fu Panda,X360,31,2300227,2300227,Global,74200.8709677419
2016,Uncharted: The Nathan Drake Collection,PS4,65,1308494,4821891,Global,74182.9384615385
2010,Assassin's Creed II,PS3,59,1587575,4371024,Global,74085.1525423729
2010,Assassin's Creed II,X360,59,1302820,4353539,Global,73788.7966101695
2013,Madden NFL 25,PS3,19,1398683,1398683,Global,73614.8947368421
2008,Mario Party 8,Wii,84,2220514,6177858,Global,73545.9285714286
2017,Pokken Tournament,NS,15,1102479,1102479,Global,73498.6
2015,Just Dance 2016,Wii,11,807340,807340,Global,73394.5454545455
2010,NBA 2K11,PS3,13,949295,949295,Global,73022.6923076923
2016,Halo 5: Guardians,XOne,62,1204638,4517564,Global,72863.935483871
2014,Destiny,PS3,17,1236231,1236231,Global,72719.4705882353
2012,The Elder Scrolls V: Skyrim,PS3,60,1450060,4357322,Global,72622.0333333333
2007,BioShock,X360,19,1377733,1377733,Global,72512.2631578947
2015,Until Dawn,PS4,19,1377258,1377258,Global,72487.2631578947
2011,FIFA Soccer 11,PS3,66,950171,4762190,Global,72154.3939393939
2018,Madden NFL 19,XOne,21,1508105,1508105,Global,71814.5238095238
2016,Fallout 4,XOne,60,1011741,4305711,Global,71761.85
2011,Zumba Fitness,Wii,59,3881228,4233262,Global,71750.2033898305
2011,Dead Island,X360,17,1211183,1211183,Global,71246.0588235294
2007,The Legend of Zelda: Twilight Princess,Wii,58,2302768,4113705,Global,70925.9482758621
2008,Assassin's Creed,X360,60,1442278,4248574,Global,70809.5666666667
2017,Fallout 4,PS4,112,852840,7911584,Global,70639.1428571429
2015,Grand Theft Auto V,XOne,59,1911134,4153810,Global,70403.5593220339
2008,Madden NFL 09,PS3,21,1475681,1475681,Global,70270.5238095238
2009,Call of Duty 4: Modern Warfare,X360,113,1057583,7894025,Global,69858.6283185841
2010,Uncharted 2: Among Thieves,PS3,64,1689156,4459475,Global,69679.296875
2007,FIFA Soccer 08,PS3,14,972574,972574,Global,69469.5714285714
2010,Forza Motorsport 3,X360,63,2401752,4373649,Global,69423
2017,Middle-Earth: Shadow of War,XOne,12,831919,831919,Global,69326.5833333333
2009,Brain Age 2: More Training in Minutes a Day,DS,210,1531768,14554014,Global,69304.8285714286
2012,Dishonored,PS3,12,831465,831465,Global,69288.75
2011,L.A. Noire,PS3,33,2267475,2267475,Global,68711.3636363636
2010,Dragon Quest IX: Sentinels of the Starry Skies,DS,78,1222288,5358230,Global,68695.2564102564
2011,Assassin's Creed: Brotherhood,X360,59,1104156,4052258,Global,68682.3389830509
2013,The Elder Scrolls V: Skyrim,X360,113,966920,7755360,Global,68631.5044247788
2008,Star Wars: The Force Unleashed,Wii,16,1090855,1090855,Global,68178.4375
2016,Star Wars Battlefront (2015),XOne,59,1229271,3992391,Global,67667.6440677966
2008,Star Wars: The Force Unleashed,PS3,16,1080625,1080625,Global,67539.0625
2011,Mario Kart DS,DS,320,1373131,21611225,Global,67535.078125
2008,Monster Hunter Freedom Unite,PSP,41,2767350,2767350,Global,67496.3414634146
2018,Minecraft,NS,28,1888081,1888081,Global,67431.4642857143
2010,Brain Age: Train Your Brain in Minutes a Day,DS,294,946266,19748834,Global,67172.9047619048
2008,Call of Duty 4: Modern Warfare,PS3,61,2229854,4091371,Global,67071.6557377049
2014,Animal Crossing: New Leaf,3DS,113,1318399,7569918,Global,66990.4247787611
2018,Mario Tennis Aces,NS,28,1873240,1873240,Global,66901.4285714286
2014,New Super Mario Bros. 2,3DS,128,1313305,8539325,Global,66713.4765625
2009,Mario & Sonic at the Olympic Games,Wii,113,1068917,7530629,Global,66642.7345132743
2010,Super Smash Bros. Brawl,Wii,153,925807,10156502,Global,66382.3660130719
2017,Tom Clancy's Ghost Recon Wildlands,PS4,43,2839171,2839171,Global,66027.2325581395
2012,Pro Evolution Soccer 2013,PS3,15,989303,989303,Global,65953.5333333333
2007,Ratchet & Clank Future: Tools of Destruction,PS3,10,659447,659447,Global,65944.7
2011,Assassin's Creed: Brotherhood,PS3,59,1164447,3890318,Global,65937.593220339
2014,The Last of Us,PS3,82,1030117,5397481,Global,65822.9390243902
2018,Assassin's Creed Origins,PS4,62,931539,4063812,Global,65545.3548387097
2011,Michael Jackson: The Experience,Wii,58,2071204,3796164,Global,65451.1034482759
2013,Skylanders Swap Force,X360,12,781668,781668,Global,65139
2014,Mario Kart 7,3DS,162,1357381,10526639,Global,64979.2530864198
2009,Call of Duty: World at War,PS3,60,1322568,3894973,Global,64916.2166666667
2018,SoulCalibur VI,PS4,11,712769,712769,Global,64797.1818181818
2014,Middle-Earth: Shadow of Mordor,XOne,14,902141,902141,Global,64438.6428571429
2012,Assassin's Creed: Revelations,X360,59,865552,3793419,Global,64295.2372881356
2012,Batman: Arkham City,PS3,63,1316023,4035749,Global,64059.5079365079
2014,Skylanders: Trap Team,Wii,13,830899,830899,Global,63915.3076923077
2015,Far Cry 4,PS4,59,1261551,3759512,Global,63720.5423728814
2009,Resident Evil 5,PS3,44,2803120,2803120,Global,63707.2727272727
2011,Dark Souls,PS3,15,954481,954481,Global,63632.0666666667
2012,Assassin's Creed: Revelations,PS3,59,961237,3753005,Global,63610.2542372881
2008,Animal Crossing: Wild World,DS,163,1637186,10343540,Global,63457.3006134969
2011,L.A. Noire,X360,33,2093668,2093668,Global,63444.4848484848
2009,Batman: Arkham Asylum,X360,19,1203273,1203273,Global,63330.1578947368
2008,Rhythm Heaven,DS,23,1455552,1455552,Global,63284.8695652174
2013,Gran Turismo 5,PS3,163,927244,10308956,Global,63245.1288343558
2011,Kinect Sports,X360,61,1620587,3857763,Global,63242.0163934426
2014,Madden NFL 15,XOne,19,1200483,1200483,Global,63183.3157894737
2008,Guitar Hero III: Legends of Rock,Wii,62,2575777,3916943,Global,63176.5
2010,F1 2010,PS3,15,939502,939502,Global,62633.4666666667
2013,Saints Row IV,X360,20,1252071,1252071,Global,62603.55
2009,Animal Crossing: City Folk,Wii,59,1202315,3677393,Global,62328.6949152542
2015,Minecraft: Xbox 360 Edition,X360,135,1524761,8405830,Global,62265.4074074074
2015,Assassin's Creed: Unity,PS4,60,963335,3730318,Global,62171.9666666667
2011,Dead Island,PS3,17,1056546,1056546,Global,62149.7647058823
2007,Worldwide Soccer Manager 2008,PC,11,682589,682589,Global,62053.5454545455
2014,NBA 2K15,PS3,13,805608,805608,Global,61969.8461538462
2008,Guitar Hero III: Legends of Rock,X360,62,1967167,3827444,Global,61732.9677419355
2017,Dragon Quest XI,PS4,23,1415681,1415681,Global,61551.347826087
2018,Crash Bandicoot N. Sane Trilogy,PS4,79,1212079,4827129,Global,61102.8987341772
2012,Wii Party,Wii,130,933810,7911448,Global,60857.2923076923
2016,Mafia III,XOne,13,789641,789641,Global,60741.6153846154
2018,Horizon: Zero Dawn,PS4,96,1314463,5822128,Global,60647.1666666667
2014,Super Mario 3D Land,3DS,166,803356,10022815,Global,60378.4036144578
2012,FIFA Soccer 12,X360,66,876665,3981269,Global,60322.2575757576
2015,Mortal Kombat X,PS4,38,2281692,2281692,Global,60044.5263157895
2018,Destiny 2,PS4,69,755874,4139803,Global,59997.1449275362
2008,Pokemon Mystery Dungeon: Explorers of Time / Darkness,DS,69,2810206,4130722,Global,59865.5362318841
2018,Gran Turismo Sport,PS4,63,894285,3770881,Global,59855.253968254
2010,Battlefield: Bad Company 2,X360,44,2632257,2632257,Global,59824.0227272727
2012,Mass Effect 3 (N7 Collector's Edition),X360,43,2569500,2569500,Global,59755.8139534884
2014,Assassin's Creed IV: Black Flag,PS3,62,1135208,3702915,Global,59724.435483871
2013,New Super Mario Bros. U,WiiU,59,2222404,3507463,Global,59448.5254237288
2010,Mario & Sonic at the Olympic Winter Games,Wii,64,1152810,3800114,Global,59376.78125
2016,NBA 2K16,PS4,66,940190,3918347,Global,59368.8939393939
2014,Titanfall,XOne,43,2535002,2535002,Global,58953.5348837209
2009,The Beatles: Rock Band,Wii,17,997839,997839,Global,58696.4117647059
2016,Monster Hunter X,3DS,58,851491,3393475,Global,58508.1896551724
2012,Forza Motorsport 4,X360,64,1907030,3728483,Global,58257.546875
2007,FIFA Soccer 08,X360,14,814978,814978,Global,58212.7142857143
2011,Just Dance,Wii,111,1271712,6427978,Global,57909.7117117117
2014,Madden NFL 15,PS3,19,1093945,1093945,Global,57576.0526315789
2015,Monster Hunter 4 Ultimate,3DS,65,1331761,3741362,Global,57559.4153846154
2007,Metroid Prime 3: Corruption,Wii,18,1024987,1024987,Global,56943.7222222222
2009,Mario Party DS,DS,113,962697,6420456,Global,56818.1946902655
2009,Scribblenauts,DS,16,908463,908463,Global,56778.9375
2015,Assassin's Creed: Unity,XOne,60,982010,3405876,Global,56764.6
2008,Link's Crossbow Training,Wii,59,2578600,3342831,Global,56658.1525423729
2016,Paper Mario: Color Splash,WiiU,13,735219,735219,Global,56555.3076923077
2017,The Evil Within II,PS4,12,677745,677745,Global,56478.75
2016,Yokai Watch 3,3DS,25,1411450,1411450,Global,56458
2009,Resident Evil 5,X360,44,2476278,2476278,Global,56279.0454545455
2011,Resistance 3,PS3,17,953683,953683,Global,56099
2012,Mario & Sonic at the London 2012 Olympic Games,Wii,59,1167833,3304698,Global,56011.8305084746
2008,Assassin's Creed,PS3,60,1575048,3351787,Global,55863.1166666667
2008,The Legend of Zelda: Phantom Hourglass,DS,80,1233671,4446585,Global,55582.3125
2007,Flash Focus: Vision Training in Minutes a Day,DS,31,1716520,1716520,Global,55371.6129032258
2016,Tom Clancy's The Division,XOne,43,2377695,2377695,Global,55295.2325581395
2012,Batman: Arkham City,X360,63,1020910,3479788,Global,55234.7301587302
2010,Grand Theft Auto IV,PS3,140,1123273,7721795,Global,55155.6785714286
2015,Minecraft: PlayStation 3 Edition,PS3,86,1703645,4740377,Global,55120.6627906977
2017,Watch Dogs 2,PS4,59,794686,3245344,Global,55005.8305084746
2018,Astro Bot Rescue Mission,PS4,13,713531,713531,Global,54887
2015,Mario Kart 7,3DS,214,1211711,11688658,Global,54619.8971962617
2016,Doom (2016),PS4,34,1853542,1853542,Global,54515.9411764706
2015,The Last of Us Remastered,PS4,75,1419295,4080328,Global,54404.3733333333
2016,Mario Kart Wii U,WiiU,136,684222,7395901,Global,54381.625
2016,Splatoon,WiiU,84,726180,4542340,Global,54075.4761904762
2009,Guitar Hero: World Tour,Wii,62,1170960,3347271,Global,53988.2419354839
2014,Battlefield 4,PS3,62,1028946,3345157,Global,53954.1451612903
2016,Far Cry: Primal,PS4,45,2422715,2422715,Global,53838.1111111111
2016,Mario Party: Star Rush,3DS,13,699607,699607,Global,53815.9230769231
2012,Zumba Fitness,Wii,111,1804407,5960700,Global,53700
2018,FIFA 19,NS,14,748409,748409,Global,53457.7857142857
2007,Super Paper Mario,Wii,38,2025923,2025923,Global,53313.7631578947
2015,Destiny: The Taken King,XOne,16,852760,852760,Global,53297.5
2016,Grand Theft Auto V,XOne,111,1788752,5867403,Global,52859.4864864865
2015,New Super Mario Bros. 2,3DS,180,971508,9470822,Global,52615.6777777778
2009,UFC 2009 Undisputed,X360,33,1733513,1733513,Global,52530.696969697
2013,The Legend of Zelda: The Wind Waker HD,WiiU,15,786505,786505,Global,52433.6666666667
2009,Animal Crossing: Wild World,DS,215,900987,11244527,Global,52300.1255813953
2011,Red Dead Redemption,PS3,85,1103189,4443305,Global,52274.1764705882
2014,Super Mario 3D World,WiiU,59,1476198,3081346,Global,52226.2033898305
2013,Mario & Luigi: Dream Team,3DS,26,1356853,1356853,Global,52186.6538461538
2016,Assassin's Creed Syndicate,PS4,63,743880,3283971,Global,52126.5238095238
2014,Gran Turismo 6,PS3,57,1114250,2970016,Global,52105.5438596491
2015,Animal Crossing: New Leaf,3DS,165,1111119,8593403,Global,52081.2303030303
2012,Mario Party 9,Wii,44,2289775,2289775,Global,52040.3409090909
2016,Ratchet & Clank (2016),PS4,38,1971283,1971283,Global,51875.8684210526
2015,Mad Max,PS4,18,932519,932519,Global,51806.6111111111
2017,Resident Evil VII: Biohazard,PS4,49,2534162,2534162,Global,51717.5918367347
2018,Fallout 4,PS4,164,568545,8480129,Global,51708.1036585366
2007,FIFA Soccer 08,PSP,14,722942,722942,Global,51638.7142857143
2018,Starlink: Battle for Atlas,NS,11,567755,567755,Global,51614.0909090909
2009,Fable II,X360,63,910165,3246714,Global,51535.1428571429
2017,Forza Horizon 3,XOne,66,1464864,3396719,Global,51465.4393939394
2017,NBA 2K17,PS4,68,834768,3469601,Global,51023.5441176471
2017,Gears of War 4,XOne,64,600547,3257711,Global,50901.734375
2017,Super Mario Maker,3DS,57,1067480,2900306,Global,50882.5614035088
2016,MineCraft,X360,187,868865,9473037,Global,50657.9518716578
2011,Deus Ex: Human Revolution,X360,19,961991,961991,Global,50631.1052631579
2015,Halo: The Master Chief Collection,XOne,60,1089587,3025227,Global,50420.45
2009,LittleBigPlanet,PS3,62,1303348,3125596,Global,50412.8387096774
2016,Mario Kart,3DS,266,1524750,13395886,Global,50360.4736842105
2009,Killzone 2,PS3,45,2257401,2257401,Global,50164.4666666667
2014,inFAMOUS: Second Son,PS4,42,2101363,2101363,Global,50032.4523809524
2007,MySims,Wii,15,749187,749187,Global,49945.8
2015,The Elder Scrolls Online: Tamriel Unlimited,PS4,30,1496383,1496383,Global,49879.4333333333
2016,Batman: Arkham Knight,PS4,80,770709,3990107,Global,49876.3375
2017,Arms,NS,29,1441461,1441461,Global,49705.5517241379
2014,Assassin's Creed IV: Black Flag,X360,62,913177,3078749,Global,49657.2419354839
2007,High School Musical: Makin' the Cut!,DS,20,992854,992854,Global,49642.7
2016,Gears of War: Ultimate Edition,XOne,71,1592254,3521968,Global,49605.1830985916
2013,Far Cry 3,PS3,58,1481858,2875620,Global,49579.6551724138
2014,Call of Duty: Ghosts,PS4,60,1374096,2973720,Global,49562
2010,The Legend of Zelda: Spirit Tracks,DS,56,1232747,2770857,Global,49479.5892857143
2016,The Witcher 3: Wild Hunt,PS4,85,1063976,4189724,Global,49290.8705882353
2018,Detroit: Become Human,PS4,32,1572826,1572826,Global,49150.8125
2018,NBA 2K18,PS4,68,636932,3340514,Global,49125.2058823529
2015,Bloodborne,PS4,41,2012302,2012302,Global,49080.5365853659
2018,Shadow of the Tomb Raider,XOne,16,784465,784465,Global,49029.0625
2014,Watch Dogs,PS3,32,1564086,1564086,Global,48877.6875
2011,Grand Theft Auto IV,X360,192,961102,9358279,Global,48741.0364583333
2010,Mario Party DS,DS,165,1616282,8036738,Global,48707.503030303
2008,Gran Turismo 5 Prologue,PS3,56,2562905,2726282,Global,48683.6071428571
2013,Tomb Raider,PS3,44,2130650,2130650,Global,48423.8636363636
2008,Dragon Quest V: Hand of the Heavenly Bride,DS,25,1209507,1209507,Global,48380.28
2018,Donkey Kong Country: Tropical Freeze,NS,35,1691822,1691822,Global,48337.7714285714
2016,FIFA 16,XOne,67,665661,3232568,Global,48247.2835820895
2007,Crisis Core: Final Fantasy VII,PSP,16,771644,771644,Global,48227.75
2013,Diablo III,PS3,18,863859,863859,Global,47992.1666666667
2007,Heavenly Sword,PS3,16,767628,767628,Global,47976.75
2011,LittleBigPlanet 2,PS3,50,2382980,2382980,Global,47659.6
2013,Disney Infinity,Wii,20,951537,951537,Global,47576.85
2018,Kirby,NS,42,1992021,1992021,Global,47429.0714285714
2011,Killzone 3,PS3,45,2132397,2132397,Global,47386.6
2012,Kinect Sports,X360,113,1564962,5353769,Global,47378.4867256637
2015,Destiny,XOne,69,748145,3264979,Global,47318.5362318841
2010,Mario & Sonic at the Olympic Winter Games,DS,64,913459,3013762,Global,47090.03125
2013,The Elder Scrolls V: Skyrim,PS3,113,932161,5317169,Global,47054.592920354
2015,Minecraft: PlayStation 4 Edition,PS4,66,1682156,3104320,Global,47035.1515151515
2010,Battlefield: Bad Company 2,PS3,44,2061975,2061975,Global,46863.0681818182
2010,Art Academy,DS,29,1357007,1357007,Global,46793.3448275862
2017,The Elder Scrolls V: Skyrim,PS4,62,808866,2899788,Global,46770.7741935484
2009,Monster Hunter Freedom Unite,PSP,93,1582071,4349421,Global,46767.9677419355
2013,Nintendo Land,WiiU,59,1341347,2758057,Global,46746.7288135593
2017,Overwatch,PS4,84,1267277,3916893,Global,46629.6785714286
2013,Far Cry 3,X360,58,1198300,2703854,Global,46618.1724137931
2015,Batman: Arkham Knight,XOne,28,1303425,1303425,Global,46550.8928571429
2011,Uncharted 2: Among Thieves,PS3,116,921928,5381403,Global,46391.4051724138
2017,Uncharted: The Nathan Drake Collection,PS4,117,600046,5421937,Global,46341.3418803419
2008,MySims,DS,68,1654667,3147949,Global,46293.3676470588
2015,The Legend of Zelda: Majora's Mask 3D,3DS,47,2174843,2174843,Global,46273.2553191489
2009,Mario & Luigi: Bowser's Inside Story,DS,47,2174815,2174815,Global,46272.6595744681
2017,Grand Theft Auto V,XOne,163,1705066,7512525,Global,46089.1104294479
2011,Grand Theft Auto IV,PS3,192,1110906,8832701,Global,46003.6510416667
2009,Mario & Sonic at the Olympic Games,DS,103,931073,4727985,Global,45902.7669902913
2017,Madden NFL 17,PS4,71,585345,3253504,Global,45824
2015,Battlefield: Hardline,PS4,42,1923752,1923752,Global,45803.619047619
2013,New Super Luigi U,WiiU,26,1189211,1189211,Global,45738.8846153846
2017,Mario Kart,3DS,318,1144362,14540248,Global,45724.0503144654
2009,Call of Duty 4: Modern Warfare,PS3,113,1032819,5124190,Global,45346.814159292
2007,MotorStorm,PS3,55,2448530,2482749,Global,45140.8909090909
2008,SoulCalibur IV,X360,23,1037986,1037986,Global,45129.8260869565
2010,LEGO Harry Potter: Years 1-4,DS,28,1262899,1262899,Global,45103.5357142857
2016,Overwatch,XOne,32,1442942,1442942,Global,45091.9375
2011,Sports Champions,PS3,68,1071950,3065841,Global,45085.8970588235
2010,LEGO Harry Potter: Years 1-4,Wii,28,1257234,1257234,Global,44901.2142857143
2016,Animal Crossing: New Leaf,3DS,217,852589,9717076,Global,44779.1520737327
2009,Fallout 3,X360,62,883714,2770049,Global,44678.2096774194
2014,FIFA Soccer 14,PS4,60,1412086,2680184,Global,44669.7333333333
2018,Far Cry 5,XOne,40,1779209,1779209,Global,44480.225
2012,The Elder Scrolls V: Skyrim,PC,60,913733,2666197,Global,44436.6166666667
2016,New Super Mario Bros. 2,3DS,232,678903,10287140,Global,44341.1206896552
2008,God of War: Chains of Olympus,PSP,44,1940470,1940470,Global,44101.5909090909
2015,Dragon Quest VIII: Journey of the Cursed King,3DS,19,833735,833735,Global,43880.7894736842
2010,Tomodachi Collection,DS,81,1047336,3552501,Global,43858.037037037
2011,Nintendogs + cats,3DS,45,1965356,1965356,Global,43674.5777777778
2011,Disney Epic Mickey,Wii,58,923558,2527180,Global,43572.0689655172
2009,Left 4 Dead,X360,59,1160703,2568671,Global,43536.7966101695
2013,Disney Infinity,X360,20,869566,869566,Global,43478.3
2016,Dark Souls III,PS4,41,1778568,1778568,Global,43379.7073170732
2007,Grand Theft Auto: Liberty City Stories,PSP,114,1237481,4940792,Global,43340.2807017544
2009,Monster Hunter Tri,Wii,23,994840,994840,Global,43253.9130434783
2008,Tom Clancy's Rainbow Six: Vegas 2,X360,42,1805964,1805964,Global,42999.1428571429
2010,Mass Effect 2,X360,49,2100906,2100906,Global,42875.6326530612
2013,Tomodachi Collection: Shin Seikatsu,3DS,38,1627808,1627808,Global,42837.0526315789
2009,Kingdom Hearts 358/2 Days,DS,32,1366544,1366544,Global,42704.5
2014,Battlefield 4,PS4,60,1307208,2558150,Global,42635.8333333333
2014,Tomodachi Life,3DS,90,2208560,3836368,Global,42626.3111111111
2016,The Last of Us,PS4,127,1188985,5395650,Global,42485.4330708661
2013,NBA 2K13,X360,66,976237,2803182,Global,42472.4545454545
2007,Big Brain Academy: Wii Degree,Wii,36,1522905,1522905,Global,42302.9166666667
2010,EA Sports Active,Wii,85,1055060,3595517,Global,42300.2
2007,Monster Hunter Freedom 2,PSP,45,1902717,1902717,Global,42282.6
2011,Dance Central,X360,61,1191073,2575301,Global,42218.0491803279
2010,Toy Story 3: The Video Game,DS,29,1218051,1218051,Global,42001.7586206897
2018,Mario Kart,3DS,370,945123,15485371,Global,41852.3540540541
2013,Batman: Arkham City,PS3,116,777074,4846970,Global,41784.224137931
2014,New Super Mario Bros. U,WiiU,111,1119761,4627224,Global,41686.7027027027
2009,UFC 2009 Undisputed,PS3,33,1371682,1371682,Global,41566.1212121212
2010,Tom Clancy's Splinter Cell: Conviction,X360,38,1579049,1579049,Global,41553.9210526316
2010,Metal Gear Solid: Peace Walker,PSP,36,1494963,1494963,Global,41526.75
2016,MineCraft,PS3,138,730157,5705198,Global,41342.0144927536
2018,Crash Bandicoot N. Sane Trilogy,NS,27,1114647,1114647,Global,41283.2222222222
2015,Middle-Earth: Shadow of Mordor,PS4,66,851915,2722566,Global,41251
2017,Injustice 2,PS4,33,1361242,1361242,Global,41249.7575757576
2013,Saints Row IV,PS3,20,823284,823284,Global,41164.2
2009,inFAMOUS,PS3,32,1316869,1316869,Global,41152.15625
2013,God of War: Ascension,PS3,43,1765174,1765174,Global,41050.5581395349
2015,Madden NFL 16,X360,19,776579,776579,Global,40872.5789473684
2011,Mortal Kombat,PS3,37,1512133,1512133,Global,40868.4594594595
2018,Project Octopath Traveler,NS,25,1018756,1018756,Global,40750.24
2014,Diablo III: Ultimate Evil Edition,PS4,20,814247,814247,Global,40712.35
2007,Resistance: Fall of Man,PS3,60,2012645,2439062,Global,40651.0333333333
2008,Flash Focus: Vision Training in Minutes a Day,DS,84,1697973,3414493,Global,40648.7261904762
2018,Grand Theft Auto V,XOne,215,1208157,8720682,Global,40561.311627907
2015,Yoshi's Woolly World,WiiU,28,1133519,1133519,Global,40482.8214285714
2012,Final Fantasy XIII-2,PS3,55,1504077,2220804,Global,40378.2545454545
2017,Tekken 7,PS4,31,1245467,1245467,Global,40176.3548387097
2014,Watch Dogs,XOne,32,1284476,1284476,Global,40139.875
2008,Pokemon Ranger: Shadows of Almia,DS,42,1683217,1683217,Global,40076.5952380952
2012,Zumba Fitness 2,Wii,59,1727083,2357550,Global,39958.4745762712
2018,Assassin's Creed Origins,XOne,62,560485,2474124,Global,39905.2258064516
2014,Hyrule Warriors,WiiU,21,835878,835878,Global,39803.7142857143
2016,Tom Clancy's Rainbow Six: Siege,PS4,57,1151374,2266575,Global,39764.4736842105
2008,Sega Superstars Tennis,X360,42,1670048,1670048,Global,39763.0476190476
2013,Need for Speed: Most Wanted (Limited Edition),PS3,62,920633,2464476,Global,39749.6129032258
2014,Call of Duty: Ghosts,XOne,59,965645,2342814,Global,39708.7118644068
2013,BioShock Infinite,X360,41,1620278,1620278,Global,39518.9756097561
2009,The Sims 3,PC,31,1223662,1223662,Global,39472.9677419355
2018,PlayerUnknown's Battlegrounds,XOne,55,1235507,2167606,Global,39411.0181818182
2008,Imagine: Babyz,DS,63,1879122,2477544,Global,39326.0952380952
2010,Resident Evil 5,PS3,96,966657,3769777,Global,39268.5104166667
2011,Mario vs. Donkey Kong: Mini-Land Mayhem!,DS,59,1227898,2312578,Global,39196.2372881356
2009,Link's Crossbow Training,Wii,111,998987,4341818,Global,39115.4774774775
2017,Monster Hunter Double Cross,3DS,42,1641053,1641053,Global,39072.6904761905
2007,Carnival Games,Wii,18,700157,700157,Global,38897.6111111111
2016,Minecraft,WiiU,28,1085580,1085580,Global,38770.7142857143
2008,Uncharted: Drake's Fortune,PS3,60,1564427,2325856,Global,38764.2666666667
2017,Animal Crossing: New Leaf,3DS,269,691195,10408271,Global,38692.4572490706
2015,The Elder Scrolls Online: Tamriel Unlimited,XOne,30,1157519,1157519,Global,38583.9666666667
2017,New Super Mario Bros. 2,3DS,284,658483,10945623,Global,38540.926056338
2008,Cooking Mama 2: Dinner With Friends,DS,60,1967626,2311136,Global,38518.9333333333
2008,Carnival Games,Wii,71,2023452,2723609,Global,38360.6901408451
2010,Professor Layton and the Unwound Future,DS,64,1636606,2453753,Global,38339.890625
2012,Red Dead Redemption,PS3,137,802965,5228383,Global,38163.3795620438
2007,Mario Strikers Charged,Wii,32,1220068,1220068,Global,38127.125
2008,Imagine: Fashion Designer,DS,63,1775198,2395952,Global,38030.9841269841
2017,Final Fantasy XII: The Zodiac Age,PS4,25,947378,947378,Global,37895.12
2012,NBA 2K12,X360,65,1146659,2462794,Global,37889.1384615385
2008,LEGO Indiana Jones: The Original Adventures,DS,31,1166733,1166733,Global,37636.5483870968
2016,MineCraft,PS4,118,1673981,4426881,Global,37515.9406779661
2010,LittleBigPlanet,PS3,114,1149109,4274705,Global,37497.4122807018
2008,Wall-E,DS,28,1047270,1047270,Global,37402.5
2007,Guitar Hero II,X360,39,1455728,1455728,Global,37326.358974359
2018,Mario + Rabbids Kingdom Battle,NS,70,1202181,2592171,Global,37031.0142857143
2013,Batman: Arkham City,X360,116,811008,4290796,Global,36989.6206896552
2011,Portal 2,X360,37,1367249,1367249,Global,36952.6756756757
2012,Skylanders: Spyro's Adventure,Wii,64,1254967,2355488,Global,36804.5
2011,inFAMOUS 2,PS3,30,1098974,1098974,Global,36632.4666666667
2016,Lego Star Wars: The Force Awakens,PS4,27,986820,986820,Global,36548.8888888889
2009,Club Penguin: Elite Penguin Force,DS,58,1537610,2118446,Global,36524.9310344828
2007,Grand Theft Auto: Vice City Stories,PSP,61,1429433,2225502,Global,36483.6393442623
2013,Tomb Raider,X360,44,1605004,1605004,Global,36477.3636363636
2015,Super Mario 3D World,WiiU,111,937843,4040131,Global,36397.5765765766
2009,Street Fighter IV,PS3,47,1708966,1708966,Global,36360.9787234043
2013,Donkey Kong Country Returns 3D,3DS,33,1199697,1199697,Global,36354.4545454545
2018,Need for Speed: Payback,PS4,60,812352,2180843,Global,36347.3833333333
2014,Assassin's Creed IV: Black Flag,PS4,60,980532,2175310,Global,36255.1666666667
2012,Tom Clancy's Ghost Recon: Future Soldier,X360,32,1159061,1159061,Global,36220.65625
2014,Killzone: Shadow Fall,PS4,60,955148,2171296,Global,36188.2666666667
2014,Nintendo Land,WiiU,111,1200520,4016256,Global,36182.4864864865
2009,Halo Wars,X360,45,1628033,1628033,Global,36178.5111111111
2013,NCAA Football 14,X360,26,937228,937228,Global,36047.2307692308
2008,Grand Theft Auto: Liberty City Stories,PSP,167,1077691,6018483,Global,36038.8203592814
2012,Max Payne 3,X360,33,1181441,1181441,Global,35801.2424242424
2017,1-2-Switch,NS,44,1574025,1574025,Global,35773.2954545455
2017,The Witcher 3: Wild Hunt,PS4,137,693575,4883299,Global,35644.5182481752
2010,Final Fantasy XIII,X360,43,1524229,1524229,Global,35447.1860465116
2012,NCAA Football 13,X360,25,885992,885992,Global,35439.68
2010,Heavy Rain,PS3,46,1625729,1625729,Global,35341.9347826087
2008,LEGO Star Wars: The Complete Saga,DS,61,1406856,2151904,Global,35277.1147540984
2015,The Sims 4,PC,70,1031209,2465510,Global,35221.5714285714
2007,Marvel: Ultimate Alliance,X360,62,1838425,2182732,Global,35205.3548387097
2007,Yoshi's Island DS,DS,59,1487338,2076761,Global,35199.3389830508
2010,God of War Collection,PS3,59,1568301,2073836,Global,35149.7627118644
2012,Max Payne 3,PS3,33,1157912,1157912,Global,35088.2424242424
2007,Super Mario 64 DS,DS,162,1216842,5664677,Global,34967.1419753086
2009,Fight Night Round 4,X360,28,976782,976782,Global,34885.0714285714
2007,Big Brain Academy,DS,131,1754487,4561610,Global,34821.4503816794
2008,Deca Sports,Wii,42,1458711,1458711,Global,34731.2142857143
2009,Rhythm Heaven,DS,75,1147711,2603263,Global,34710.1733333333
2010,Gran Turismo,PSP,66,1058809,2276897,Global,34498.4393939394
2017,For Honor,PS4,46,1582163,1582163,Global,34394.847826087
2012,Kinect: Disneyland Adventures,X360,59,1505769,2028758,Global,34385.7288135593
2015,Dying Light,PS4,49,1681933,1681933,Global,34325.1632653061
2017,The Last of Us,PS4,179,748385,6144035,Global,34324.217877095
2014,Watch Dogs,X360,32,1092898,1092898,Global,34153.0625
2013,NBA 2K13,PS3,66,806814,2252234,Global,34124.7575757576
2015,The Order 1866,PS4,46,1569154,1569154,Global,34112.0434782609
2009,[Prototype],X360,30,1023063,1023063,Global,34102.1
2010,Dragon Quest Monsters: Joker 2,DS,36,1227261,1227261,Global,34090.5833333333
2017,Mass Effect: Andromeda,PS4,41,1395403,1395403,Global,34034.2195121951
2007,Madden NFL 08,PS3,20,679280,679280,Global,33964
2018,Captain Toad: Treasure Tracker,NS,25,848254,848254,Global,33930.16
2015,Tomodachi Life,3DS,142,997238,4804378,Global,33833.6478873239
2010,BioShock 2,X360,47,1584728,1584728,Global,33717.6170212766
2014,Assassin's Creed IV: Black Flag,XOne,59,1393274,1986358,Global,33667.0847457627
2007,WarioWare: Smooth Moves,Wii,57,1711590,1912296,Global,33549.0526315789
2018,Overwatch,PS4,136,619118,4536011,Global,33353.0220588235
2017,Tom Clancy's Ghost Recon Wildlands,XOne,43,1431993,1431993,Global,33302.1627906977
2014,Diablo III,PC,138,1247310,4573618,Global,33142.1594202899
2008,Big Brain Academy: Wii Degree,Wii,89,1425783,2948688,Global,33131.3258426966
2010,Mario & Luigi: Bowser's Inside Story,DS,99,1095995,3270810,Global,33038.4848484848
2008,Super Mario 64 DS,DS,215,1415803,7080480,Global,32932.4651162791
2015,The Witcher 3: Wild Hunt,XOne,33,1084884,1084884,Global,32875.2727272727
2018,Resident Evil VII: Biohazard,PS4,101,777738,3311900,Global,32791.0891089109
2009,Fight Night Round 4,PS3,28,918087,918087,Global,32788.8214285714
2013,Gears of War: Judgment,X360,42,1373879,1373879,Global,32711.4047619048
2014,Wolfenstein: The New Order,PS4,33,1079313,1079313,Global,32706.4545454545
2011,Mario Sports Mix,Wii,58,1380698,1880430,Global,32421.2068965517
2008,LEGO Star Wars: The Complete Saga,Wii,61,1335283,1973659,Global,32355.0655737705
2017,MineCraft,PS4,170,1081055,5490817,Global,32298.9235294118
2008,Big Brain Academy,DS,184,1366108,5927718,Global,32215.8586956522
2008,Resistance: Fall of Man,PS3,113,1196752,3635814,Global,32175.3451327434
2013,BioShock Infinite,PS3,41,1318872,1318872,Global,32167.6097560976
2015,Mario Party 10,WiiU,43,1378685,1378685,Global,32062.4418604651
2017,Tom Clancy's Rainbow Six: Siege,PS4,109,1175561,3493876,Global,32053.9082568807
2014,Forza Motorsport 5,XOne,59,951575,1889076,Global,32018.2372881356
2016,MineCraft,XOne,111,1777471,3545953,Global,31945.5225225225
2008,Grand Theft Auto: Vice City Stories,PSP,114,1384830,3610332,Global,31669.5789473684
2015,Mortal Kombat X,XOne,38,1201488,1201488,Global,31618.1052631579
2015,Minecraft: Xbox One Edition,XOne,59,1088684,1856205,Global,31461.1016949153
2009,Dissidia: Final Fantasy,PSP,55,963451,1723049,Global,31328.1636363636
2007,Dragon Quest Monsters: Joker,DS,53,1029961,1656983,Global,31263.8301886792
2008,Game Party,Wii,58,1705051,1813217,Global,31262.3620689655
2013,Paper Mario,3DS,60,781324,1875107,Global,31251.7833333333
2011,uDraw Studio,Wii,59,920899,1833752,Global,31080.5423728814
2011,Homefront,X360,42,1302624,1302624,Global,31014.8571428571
2008,Army of Two,X360,44,1363813,1363813,Global,30995.75
2009,LEGO Batman: The Videogame,X360,67,1636795,2073977,Global,30954.8805970149
2009,Super Mario 64 DS,DS,267,1107380,8187860,Global,30666.1423220974
2007,Resident Evil 4: Wii Edition,Wii,31,950452,950452,Global,30659.7419354839
2016,Kirby: Planet Robobot,3DS,36,1100795,1100795,Global,30577.6388888889
2012,Kinect Star Wars,X360,39,1188776,1188776,Global,30481.4358974359
2011,Portal 2,PS3,37,1125923,1125923,Global,30430.3513513513
2018,Nintendo Labo: Toy-Con 01 Variety Kit,NS,37,1122790,1122790,Global,30345.6756756757
2014,Titanfall,X360,39,1181756,1181756,Global,30301.4358974359
2018,The Crew 2,PS4,27,816785,816785,Global,30251.2962962963
2016,Pokken Tournament,WiiU,42,1258800,1258800,Global,29971.4285714286
2012,Dragon Quest Monsters: Terry's Wonderland 3D,3DS,31,928830,928830,Global,29962.2580645161
2011,Mortal Kombat,X360,37,1108329,1108329,Global,29954.8378378378
2010,Kingdom Hearts: Birth by Sleep,PSP,52,1557195,1557195,Global,29946.0576923077
2007,Crackdown,X360,45,1345334,1345334,Global,29896.3111111111
2018,Dragon Ball Fighter Z,PS4,49,1456835,1456835,Global,29731.3265306122
2012,NBA 2K12,PS3,65,830525,1931083,Global,29708.9692307692
2012,LEGO Batman 2: DC Super Heroes,X360,28,829548,829548,Global,29626.7142857143
2009,Street Fighter IV,X360,47,1386841,1386841,Global,29507.2553191489
2013,The Sims 3 (Mobile Versions),PC,240,1152512,7051762,Global,29382.3416666667
2016,Forza Motorsport 6,XOne,68,734866,1997722,Global,29378.2647058824
2018,The Last of Us,PS4,231,629678,6773713,Global,29323.4329004329
2009,Professor Layton and the Curious Village,DS,151,2516692,4418602,Global,29262.2649006623
2009,Pokemon Mystery Dungeon: Explorers of Sky,DS,38,1105394,1105394,Global,29089.3157894737
2009,My Fitness Coach,Wii,57,1509648,1656358,Global,29058.9122807018
2012,Nintendogs + cats,3DS,97,864934,2810155,Global,28970.6701030928
2009,LEGO Star Wars: The Complete Saga,Wii,113,1293591,3267250,Global,28913.7168141593
2009,LEGO Star Wars: The Complete Saga,DS,113,1113816,3265720,Global,28900.1769911504
2008,Crisis Core: Final Fantasy VII,PSP,69,1220423,1992067,Global,28870.5362318841
2017,Doom (2016),PS4,86,625323,2481606,Global,28855.8837209302
2017,The Legend of Zelda: Breath of the Wild,WiiU,44,1265974,1265974,Global,28772.1363636364
2013,StarCraft II: Heart of the Swarm,PC,43,1227725,1227725,Global,28551.7441860465
2018,MineCraft,PS4,222,842119,6332936,Global,28526.7387387387
2011,Art Academy,DS,81,938626,2295633,Global,28341.1481481481
2010,2010 FIFA World Cup South Africa,PS3,36,1017200,1017200,Global,28255.5555555556
2017,MLB The Show 17,PS4,40,1121470,1121470,Global,28036.75
2008,Guitar Hero III: Legends of Rock,PS3,62,1091223,1734601,Global,27977.435483871
2016,Doom (2016),XOne,34,944680,944680,Global,27784.7058823529
2009,Pure,X360,68,1530988,1888929,Global,27778.3676470588
2016,The Sims 4,PC,122,895822,3377163,Global,27681.6639344262
2007,English Training: Have Fun Improving Your Skills!,DS,101,1020914,2791113,Global,27634.7821782178
2017,NieR Automata,PS4,45,1234521,1234521,Global,27433.8
2010,Dragon Quest VI: Realms of Revelation,DS,49,1341074,1341074,Global,27368.8571428571
2017,Overwatch,XOne,84,854692,2297634,Global,27352.7857142857
2016,Tomodachi Life,3DS,195,656601,5327414,Global,27320.0717948718
2009,Sega Superstars Tennis,X360,94,896442,2566490,Global,27303.085106383
2018,Dragon Quest XI,PS4,75,620347,2036028,Global,27147.04
2018,Tom Clancy's Rainbow Six: Siege,PS4,161,864861,4358737,Global,27072.900621118
2015,Battlefield: Hardline,XOne,42,1136184,1136184,Global,27052
2011,Professor Layton and the Last Specter,DS,76,1373733,2048915,Global,26959.4078947368
2017,MineCraft,XOne,163,836681,4382634,Global,26887.3251533742
2010,Grand Theft Auto: Episodes from Liberty City,PS3,38,1019121,1019121,Global,26818.9736842105
2012,Dragon's Dogma,PS3,32,857513,857513,Global,26797.28125
2011,Just Dance Kids,Wii,60,1231215,1606824,Global,26780.4
2012,Kingdom Hearts 3D: Dream Drop Distance,3DS,40,1071172,1071172,Global,26779.3
2017,Kingdom Hearts 1.5 + 2.5 Remix,PS4,43,1148792,1148792,Global,26716.0930232558
2018,MLB The Show 18,PS4,40,1062972,1062972,Global,26574.3
2010,Super Street Fighter IV,PS3,36,955836,955836,Global,26551
2007,Tom Clancy's Rainbow Six: Vegas,X360,58,821562,1539632,Global,26545.3793103448
2016,Rocket League,PS4,28,743222,743222,Global,26543.6428571429
2007,Kanshuu Nippon Joushikiryoku Kentei Kyoukai: Imasara Hito ni wa Kikenai Otona no Joushikiryoku Training DS,DS,62,677852,1641406,Global,26474.2903225806
2008,Ratchet & Clank: Size Matters,PSP,99,1698660,2615005,Global,26414.1919191919
2016,The Legend of Zelda: Twilight Princess HD,WiiU,44,1156613,1156613,Global,26286.6590909091
2010,LittleBigPlanet,PSP,59,1002246,1544330,Global,26175.0847457627
2008,Devil May Cry 4,PS3,49,1281078,1281078,Global,26144.4489795918
2007,Clubhouse Games,DS,66,808933,1720702,Global,26071.2424242424
2011,Crysis 2,X360,41,1063731,1063731,Global,25944.6585365854
2014,New Super Luigi U,WiiU,78,833820,2023031,Global,25936.2948717949
2007,Cooking Mama,DS,93,2145206,2405012,Global,25860.3440860215
2016,Tom Clancy's Rainbow Six: Siege,XOne,57,787857,1470624,Global,25800.4210526316
2013,Dragon Quest VII: Eden no Senshitachi,3DS,48,1238025,1238025,Global,25792.1875
2018,1-2-Switch,NS,96,888949,2462974,Global,25655.9791666667
2013,Injustice: Gods Among Us,X360,38,972149,972149,Global,25582.8684210526
2014,Kirby: Triple Deluxe,3DS,52,1329249,1329249,Global,25562.4807692308
2007,Tom Clancy's Rainbow Six: Vegas,PS3,27,689963,689963,Global,25554.1851851852
2018,Shadow of the Colossus,PS4,47,1197972,1197972,Global,25488.7659574468
2018,Pokken Tournament,NS,67,605114,1707593,Global,25486.4626865672
2013,Kingdom Hearts HD 1.5 ReMIX,PS3,43,1092807,1092807,Global,25414.1162790698
2009,Professor Layton and the Diabolical Box,DS,110,1904350,2785996,Global,25327.2363636364
2014,Dark Souls II,PS3,43,1088117,1088117,Global,25305.0465116279
2018,MineCraft,XOne,215,1051943,5434577,Global,25277.1023255814
2016,Naruto Shippuden: Ultimate Ninja Storm 4,PS4,48,1204896,1204896,Global,25102
2008,Cooking Mama,DS,146,1251843,3656855,Global,25046.9520547945
2013,LEGO City Undercover: The Chase Begins,3DS,37,926616,926616,Global,25043.6756756757
2015,LEGO Jurassic World,X360,30,749862,749862,Global,24995.4
2015,LEGO Jurassic World,PS4,30,746915,746915,Global,24897.1666666667
2007,Ratatouille,DS,27,669606,669606,Global,24800.2222222222
2015,LEGO Jurassic World,PS3,30,743124,743124,Global,24770.8
2018,Xenoblade Chronicles 2,NS,57,602633,1404928,Global,24647.8596491228
2015,Minecraft: PlayStation Vita Edition,PSV,60,958898,1471104,Global,24518.4
2016,EA Sports UFC 2,PS4,42,1024710,1024710,Global,24397.8571428571
2007,Sonic and the Secret Rings,Wii,45,1097203,1097203,Global,24382.2888888889
2013,Metal Gear Rising: Revengeance,PS3,46,1119138,1119138,Global,24329.0869565217
2012,Resident Evil: Operation Raccoon City,PS3,41,990003,990003,Global,24146.4146341463
2018,Crash Bandicoot N.Sane Trilogy,XOne,27,650979,650979,Global,24110.3333333333
2014,Metal Gear Solid V: Ground Zeroes,PS4,42,1011006,1011006,Global,24071.5714285714
2007,The Sims 2: Pets,DS,62,833453,1479531,Global,23863.4032258065
2014,Diablo III,PS3,70,805988,1665485,Global,23792.6428571429
2012,Kid Icarus: Uprising,3DS,41,970044,970044,Global,23659.6097560976
2018,The Sims 4,PS4,59,677466,1394853,Global,23641.5762711864
2015,Project CARS,PS4,35,825980,825980,Global,23599.4285714286
2018,Sea of Thieves,XOne,41,961038,961038,Global,23439.9512195122
2012,Mass Effect 3,PS3,43,1004125,1004125,Global,23351.7441860465
2016,MLB 16: The Show,PS4,40,929485,929485,Global,23237.125
2013,SimCity,PC,44,1022149,1022149,Global,23230.6590909091
2007,Hannah Montana,DS,64,943632,1486455,Global,23225.859375
2010,Just Cause 2,PS3,41,949237,949237,Global,23152.1219512195
2011,Dead Space 2,X360,49,1130512,1130512,Global,23071.6734693878
2012,One Piece Pirate Musou,PS3,44,1000307,1000307,Global,22734.25
2014,Yoshi's New Island,3DS,43,966761,966761,Global,22482.8139534884
2010,MAG: Massive Action Game,PS3,49,1100953,1100953,Global,22468.4285714286
2016,Fire Emblem Fates,3DS,80,1288786,1796122,Global,22451.525
2013,Injustice: Gods Among Us,PS3,38,852881,852881,Global,22444.2368421053
2014,Knack,PS4,60,832407,1329676,Global,22161.2666666667
2014,The LEGO Movie Videogame,X360,48,1062072,1062072,Global,22126.5
2012,The Sims 3,PC,187,833663,4129772,Global,22084.3422459893
2009,New Play Control! Mario Power Tennis,Wii,51,1125830,1125830,Global,22075.0980392157
2007,Daxter,PSP,94,1278659,2055077,Global,21862.5212765957
2008,Daxter,PSP,147,1148903,3203980,Global,21795.7823129252
2018,Ni no Kuni II: Revenant Kingdom,PS4,41,892818,892818,Global,21776.0487804878
2018,LEGO The Incredibles,NS,29,630833,630833,Global,21752.8620689655
2014,Mario Party Island Tour,3DS,59,1024411,1275976,Global,21626.7118644068
2008,Devil May Cry 4,X360,49,1059176,1059176,Global,21615.8367346939
2009,Grand Theft Auto: Chinatown Wars,DS,42,904643,904643,Global,21539.119047619
2007,The Elder Scrolls IV: Oblivion,X360,93,688307,1998708,Global,21491.4838709677
2015,Grand Theft Auto V,PC,38,808821,808821,Global,21284.7631578947
2010,Pokemon Ranger: Guardian Signs,DS,44,933104,933104,Global,21206.9090909091
2017,Prey (2017),PS4,35,741126,741126,Global,21175.0285714286
2014,Final Fantasy X / X-2 HD Remaster,PS3,54,915807,1141946,Global,21147.1481481481
2011,Dead Space 2,PS3,49,1033327,1033327,Global,21088.306122449
2014,Donkey Kong Country: Tropical Freeze,WiiU,47,974471,974471,Global,20733.4255319149
2015,MLB 15: The Show,PS4,40,828889,828889,Global,20722.225
2016,Overwatch,PC,32,662744,662744,Global,20710.75
2016,Far Cry: Primal,XOne,45,927985,927985,Global,20621.8888888889
2015,Final Fantasy Type-0 HD,PS4,42,863354,863354,Global,20556.0476190476
2012,Pokemon + Nobunaga no Yabou,DS,42,863136,863136,Global,20550.8571428571
2012,FIFA Street,PS3,42,863033,863033,Global,20548.4047619048
2017,Ni-Oh,PS4,47,965586,965586,Global,20544.3829787234
2016,Street Fighter V,PS4,46,944960,944960,Global,20542.6086956522
2011,Marvel vs. Capcom 3: Fate of Two Worlds,PS3,46,941121,941121,Global,20459.152173913
2015,Dying Light,XOne,49,1002019,1002019,Global,20449.3673469388
2007,The Elder Scrolls IV: Oblivion,PS3,41,828964,828964,Global,20218.6341463415
2018,EA Sports UFC 3,PS4,48,969422,969422,Global,20196.2916666667
2010,BioShock 2,PS3,47,945382,945382,Global,20114.5106382979
2007,Cooking Mama: Cook Off,Wii,47,945154,945154,Global,20109.6595744681
2007,Ratchet & Clank: Size Matters,PSP,46,916345,916345,Global,19920.5434782609
2017,Injustice 2,XOne,33,657354,657354,Global,19919.8181818182
2011,Zumba Fitness,X360,59,912644,1174801,Global,19911.8813559322
2017,Tom Clancy's Rainbow Six: Siege,XOne,109,681578,2169112,Global,19900.1100917431
2016,Pokemon Super Mystery Dungeon,3DS,68,675679,1350612,Global,19861.9411764706
2007,Final Fantasy XII: Revenant Wings,DS,36,711416,711416,Global,19761.5555555556
2016,MineCraft,PSV,112,728389,2199493,Global,19638.3303571429
2007,Final Fantasy Tactics: The War of the Lions,PSP,34,667033,667033,Global,19618.6176470588
2018,The Elder Scrolls V: Skyrim,NS,59,593024,1153690,Global,19554.0677966102
2017,LEGO Worlds,PS4,43,837986,837986,Global,19488.0465116279
2007,Sonic Rush,DS,111,1017130,2148865,Global,19359.1441441441
2017,Kingdom Hearts HD 2.8 Final Chapter Prologue,PS4,51,982897,982897,Global,19272.4901960784
2008,Professor Layton and the Curious Village,DS,99,1121909,1901910,Global,19211.2121212121
2008,Personal Trainer: Cooking,DS,129,1507682,2464644,Global,19105.7674418605
2012,MLB 12: The Show,PS3,43,820756,820756,Global,19087.3488372093
2018,Monster Hunter: World,XOne,49,927146,927146,Global,18921.3469387755
2018,LEGO Marvel Super Heroes 2,PS4,59,604635,1113723,Global,18876.6610169492
2018,PlayStation VR Worlds,PS4,116,1074863,2162086,Global,18638.6724137931
2017,Persona 5,PS4,68,874486,1261659,Global,18553.8088235294
2018,Kingdom Hearts 1.5 + 2.5 Remix,PS4,95,601873,1750665,Global,18428.0526315789
2012,Mario & Sonic at the London 2012 Olympic Games,3DS,47,848528,848528,Global,18053.7872340426
2017,Rocket League,PS4,80,690179,1433401,Global,17917.5125
2015,Dragon Ball: Xenoverse,PS4,48,854417,854417,Global,17800.3541666667
2007,Diddy Kong Racing DS,DS,47,830115,830115,Global,17662.0212765957
2017,Mass Effect: Andromeda,XOne,41,723582,723582,Global,17648.3414634146
2015,Evolve,PS4,47,825203,825203,Global,17557.5106382979
2007,Midnight Club 3: DUB Edition,PSP,131,706446,2288077,Global,17466.2366412214
2013,Dead Space 3,X360,48,832755,832755,Global,17349.0625
2016,LEGO Marvel's Avengers,PS4,49,849521,849521,Global,17337.1632653061
2017,For Honor,XOne,46,786168,786168,Global,17090.6086956522
2017,Miitopia,3DS,56,830680,955747,Global,17066.9107142857
2017,Fire Emblem Echoes: Shadows of Valentia,3DS,37,628995,628995,Global,16999.8648648649
2017,PlayStation VR Worlds,PS4,64,756764,1087223,Global,16987.859375
2007,Professor Layton and the Curious Village,DS,46,780001,780001,Global,16956.5434782609
2014,Youkai Watch,3DS,78,1010066,1310842,Global,16805.6666666667
2016,Quantum Break,XOne,39,650985,650985,Global,16691.9230769231
2013,Dead Space 3,PS3,48,788832,788832,Global,16434
2007,Medal of Honor Heroes,PSP,63,720835,1017644,Global,16153.0793650794
2007,Tom Clancy's Ghost Recon Advanced Warfighter 2,X360,43,693318,693318,Global,16123.6744186047
2016,The Legend of Zelda: Ocarina of Time,3DS,290,688392,4671267,Global,16107.8172413793
2007,Pokemon Battle Revolution,Wii,55,744072,885136,Global,16093.3818181818
2007,Bratz: Forever Diamondz,DS,67,717226,1074799,Global,16041.776119403
2007,Virtua Fighter 5,PS3,47,729914,729914,Global,15530.085106383
2007,World of Warcraft: The Burning Crusade,PC,50,775161,775161,Global,15503.22
2007,Lost Planet: Extreme Condition,X360,54,792521,835561,Global,15473.3518518519
2018,Rocket League,PS4,132,584344,2017745,Global,15285.946969697
2017,Super Bomberman R,NS,44,655029,655029,Global,14887.0227272727
2017,Resident Evil VII: Biohazard,XOne,49,727543,727543,Global,14847.8163265306
2007,Viva Pinata,X360,60,658935,858732,Global,14312.2
2007,Ridge Racer 7,PS3,60,684447,846171,Global,14102.85
2007,Fight Night Round 3,PS3,56,691796,782748,Global,13977.6428571429
2017,Hitman (2016),PS4,48,624358,669628,Global,13950.5833333333
2016,Youkai Watch,3DS,182,812592,2382896,Global,13092.8351648352
2018,Bayonetta 2,NS,46,573643,573643,Global,12470.5
2018,Fortnite,PS4,76,770813,888062,Global,11685.0263157895
2013,Ni no Kuni: Wrath of the White Witch,PS3,112,980845,1179788,Global,10533.8214285714
2018,Fortnite,XOne,76,668713,769347,Global,10122.9868421053
2009,Inazuma Eleven 2: Kyoui no Shinryokusha,DS,5,982512,N/A,Global,